datetime,direction,move0_pip,has_e2,pnl1,pnl2,pnl_total,month
2022-01-07 13:35:00,buy,18.8,False,2500.0,0.0,2500.0,2022-01
2022-01-12 13:35:00,sell,19.6,True,1266.0,2500.0,3766.0,2022-01
2022-01-24 15:00:00,buy,21.5,True,2500.0,2500.0,5000.0,2022-01
2022-01-26 19:40:00,buy,24.7,True,2500.0,2500.0,5000.0,2022-01
2022-01-27 15:55:00,sell,21.2,True,-1217.0,2500.0,1283.0,2022-01
2022-01-28 13:30:00,sell,19.2,True,-5000.0,2500.0,-2500.0,2022-01
2022-01-31 11:55:00,buy,23.8,False,2147.0,0.0,2147.0,2022-01
2022-02-03 12:00:00,sell,41.5,True,783.0,-5000.0,-4217.0,2022-02
2022-02-03 13:45:00,buy,24.5,False,2500.0,0.0,2500.0,2022-02
2022-02-04 13:30:00,buy,39.2,False,1811.0,0.0,1811.0,2022-02
2022-02-10 13:30:00,buy,43.5,False,-449.0,0.0,-449.0,2022-02
2022-02-10 17:45:00,buy,22.2,True,2500.0,-5000.0,-2500.0,2022-02
2022-02-11 18:35:00,buy,21.3,False,2500.0,0.0,2500.0,2022-02
2022-02-14 12:35:00,sell,19.4,True,2997.0,2500.0,5497.0,2022-02
2022-02-15 08:05:00,sell,25.6,False,-801.0,0.0,-801.0,2022-02
2022-02-15 14:45:00,buy,20.6,True,-5000.0,-5000.0,-10000.0,2022-02
2022-02-17 03:55:00,buy,21.1,True,2500.0,2500.0,5000.0,2022-02
2022-02-17 06:25:00,sell,20.2,False,2500.0,0.0,2500.0,2022-02
2022-02-17 08:25:00,buy,21.2,False,2500.0,0.0,2500.0,2022-02
2022-02-24 12:10:00,sell,19.8,True,2500.0,2500.0,5000.0,2022-02
2022-02-24 16:00:00,sell,22.4,True,-5000.0,-5000.0,-10000.0,2022-02
2022-02-24 19:35:00,sell,18.6,False,2500.0,0.0,2500.0,2022-02
2022-02-24 19:55:00,buy,19.1,False,2500.0,0.0,2500.0,2022-02
2022-02-25 12:50:00,sell,19.2,False,2500.0,0.0,2500.0,2022-02
2022-02-27 22:00:00,sell,24.2,True,311.0,2500.0,2811.0,2022-02
2022-02-28 15:35:00,sell,20.2,False,2500.0,0.0,2500.0,2022-02
2022-03-02 15:25:00,sell,22.3,False,2500.0,0.0,2500.0,2022-03
2022-03-03 09:05:00,buy,19.1,False,2500.0,0.0,2500.0,2022-03
2022-03-03 17:30:00,sell,19.1,False,2500.0,0.0,2500.0,2022-03
2022-03-06 23:05:00,buy,18.6,False,2500.0,0.0,2500.0,2022-03
2022-03-07 12:15:00,sell,20.1,False,-5000.0,0.0,-5000.0,2022-03
2022-03-08 08:10:00,sell,19.1,True,2500.0,2500.0,5000.0,2022-03
2022-03-09 09:25:00,sell,18.7,False,-3485.0,0.0,-3485.0,2022-03
2022-03-16 08:15:00,sell,18.7,False,2500.0,0.0,2500.0,2022-03
2022-03-16 14:10:00,sell,22.1,True,2500.0,2500.0,5000.0,2022-03
2022-03-16 18:35:00,sell,26.1,True,-5000.0,2500.0,-2500.0,2022-03
2022-03-16 19:15:00,sell,24.2,False,-1522.0,0.0,-1522.0,2022-03
2022-03-17 12:00:00,buy,65.9,True,-2841.0,2500.0,-341.0,2022-03
2022-03-21 17:15:00,buy,19.0,False,829.0,0.0,829.0,2022-03
2022-03-29 08:50:00,buy,18.9,False,2500.0,0.0,2500.0,2022-03
2022-03-29 11:40:00,sell,26.3,True,-5000.0,1065.0,-3935.0,2022-03
2022-03-31 13:10:00,buy,20.1,False,2500.0,0.0,2500.0,2022-03
2022-03-31 14:40:00,sell,19.2,False,-5000.0,0.0,-5000.0,2022-03
2022-04-06 18:05:00,buy,22.2,True,-1876.0,-5000.0,-6876.0,2022-04
2022-04-12 12:30:00,sell,23.9,False,-3438.0,0.0,-3438.0,2022-04
2022-04-14 11:45:00,buy,23.1,True,-1374.0,-5000.0,-6374.0,2022-04
2022-04-22 07:25:00,buy,17.9,False,2500.0,0.0,2500.0,2022-04
2022-04-22 08:40:00,buy,21.5,False,2337.0,0.0,2337.0,2022-04
2022-04-22 09:25:00,buy,21.3,True,-1101.0,-5000.0,-6101.0,2022-04
2022-04-25 11:20:00,sell,18.6,False,-1626.0,0.0,-1626.0,2022-04
2022-04-25 14:50:00,buy,17.7,True,-1285.0,2500.0,1215.0,2022-04
2022-04-27 10:05:00,buy,18.1,False,2500.0,0.0,2500.0,2022-04
2022-04-27 13:30:00,sell,17.4,True,2500.0,-5000.0,-2500.0,2022-04
2022-04-28 05:45:00,sell,18.5,True,14.0,2500.0,2514.0,2022-04
2022-04-28 12:30:00,sell,37.2,False,2500.0,0.0,2500.0,2022-04
2022-04-28 14:50:00,sell,18.0,True,-5000.0,-5000.0,-10000.0,2022-04
2022-04-29 14:40:00,sell,21.0,True,2500.0,2500.0,5000.0,2022-04
2022-05-02 14:05:00,buy,33.6,False,2500.0,0.0,2500.0,2022-05
2022-05-04 18:00:00,sell,20.2,False,2500.0,0.0,2500.0,2022-05
2022-05-04 18:30:00,buy,45.2,False,2500.0,0.0,2500.0,2022-05
2022-05-04 18:45:00,sell,17.9,True,-5000.0,2500.0,-2500.0,2022-05
2022-05-05 04:40:00,buy,21.2,False,2500.0,0.0,2500.0,2022-05
2022-05-05 11:00:00,buy,53.4,True,-5000.0,-5000.0,-10000.0,2022-05
2022-05-05 11:40:00,buy,21.2,True,-5000.0,-5000.0,-10000.0,2022-05
2022-05-05 12:20:00,buy,22.1,True,2336.0,2500.0,4836.0,2022-05
2022-05-05 15:20:00,buy,20.1,True,2500.0,2500.0,5000.0,2022-05
2022-05-05 15:50:00,buy,19.0,True,2500.0,-5000.0,-2500.0,2022-05
2022-05-06 06:50:00,buy,32.4,True,2500.0,2500.0,5000.0,2022-05
2022-05-06 07:55:00,buy,19.2,False,2500.0,0.0,2500.0,2022-05
2022-05-06 08:15:00,sell,18.6,False,-5000.0,0.0,-5000.0,2022-05
2022-05-06 13:35:00,buy,17.8,True,2500.0,2500.0,5000.0,2022-05
2022-05-06 14:30:00,buy,23.6,True,2500.0,2500.0,5000.0,2022-05
2022-05-09 08:25:00,sell,18.2,False,2500.0,0.0,2500.0,2022-05
2022-05-09 10:45:00,sell,18.5,False,2500.0,0.0,2500.0,2022-05
2022-05-09 13:55:00,buy,21.2,False,2500.0,0.0,2500.0,2022-05
2022-05-09 16:10:00,sell,17.9,True,-5000.0,-5000.0,-10000.0,2022-05
2022-05-10 15:35:00,sell,20.6,False,2500.0,0.0,2500.0,2022-05
2022-05-11 11:15:00,buy,20.4,False,2500.0,0.0,2500.0,2022-05
2022-05-11 12:30:00,buy,35.5,True,-5000.0,2500.0,-2500.0,2022-05
2022-05-11 13:10:00,sell,24.7,True,-5000.0,2500.0,-2500.0,2022-05
2022-05-11 13:40:00,sell,17.1,True,2500.0,2500.0,5000.0,2022-05
2022-05-12 07:15:00,buy,18.8,True,2500.0,-5000.0,-2500.0,2022-05
2022-05-12 12:35:00,sell,23.8,True,-746.0,2500.0,1754.0,2022-05
2022-05-13 14:00:00,sell,18.2,False,2500.0,0.0,2500.0,2022-05
2022-05-16 01:05:00,sell,17.8,False,2500.0,0.0,2500.0,2022-05
2022-05-16 14:45:00,buy,17.7,False,2500.0,0.0,2500.0,2022-05
2022-05-17 06:30:00,sell,21.1,True,-6244.0,2500.0,-3744.0,2022-05
2022-05-17 08:05:00,sell,18.8,True,-5000.0,2500.0,-2500.0,2022-05
2022-05-17 08:30:00,buy,21.2,False,2500.0,0.0,2500.0,2022-05
2022-05-17 15:15:00,buy,17.2,False,2500.0,0.0,2500.0,2022-05
2022-05-17 18:10:00,buy,17.2,False,2500.0,0.0,2500.0,2022-05
2022-05-18 06:00:00,buy,18.4,False,-5000.0,0.0,-5000.0,2022-05
2022-05-19 14:00:00,sell,18.9,False,2500.0,0.0,2500.0,2022-05
2022-05-23 05:45:00,sell,17.9,False,2500.0,0.0,2500.0,2022-05
2022-05-24 08:30:00,buy,53.3,True,-2664.0,-1201.0,-3865.0,2022-05
2022-05-24 12:45:00,sell,17.1,True,2500.0,2500.0,5000.0,2022-05
2022-05-24 13:45:00,sell,25.9,True,2500.0,2500.0,5000.0,2022-05
2022-05-25 07:20:00,sell,20.0,False,2500.0,0.0,2500.0,2022-05
2022-05-25 18:05:00,buy,18.8,False,2500.0,0.0,2500.0,2022-05
2022-05-26 09:30:00,sell,27.1,True,-3004.0,-5000.0,-8004.0,2022-05
2022-05-26 13:30:00,sell,23.0,True,2500.0,-5000.0,-2500.0,2022-05
2022-05-27 01:45:00,sell,20.4,True,-676.0,2500.0,1824.0,2022-05
2022-05-31 14:00:00,buy,17.4,True,2500.0,2500.0,5000.0,2022-05
2022-06-01 14:00:00,buy,20.7,True,-5000.0,-5000.0,-10000.0,2022-06
2022-06-03 12:35:00,buy,18.2,True,2500.0,2500.0,5000.0,2022-06
2022-06-06 06:30:00,sell,23.2,True,-1832.0,2500.0,668.0,2022-06
2022-06-06 08:10:00,sell,19.8,False,1073.0,0.0,1073.0,2022-06
2022-06-07 06:05:00,buy,19.4,True,2500.0,-5000.0,-2500.0,2022-06
2022-06-07 08:00:00,sell,27.4,True,-1086.0,-5000.0,-6086.0,2022-06
2022-06-07 10:55:00,buy,19.0,False,-289.0,0.0,-289.0,2022-06
2022-06-07 13:45:00,sell,24.0,False,2500.0,0.0,2500.0,2022-06
2022-06-10 12:30:00,buy,46.6,False,2500.0,0.0,2500.0,2022-06
2022-06-10 12:45:00,buy,19.0,True,-5000.0,-5000.0,-10000.0,2022-06
2022-06-10 13:00:00,sell,26.8,False,2500.0,0.0,2500.0,2022-06
2022-06-12 23:45:00,buy,17.9,False,1435.0,0.0,1435.0,2022-06
2022-06-13 06:00:00,buy,21.6,True,-5626.0,-5000.0,-10626.0,2022-06
2022-06-13 12:20:00,sell,26.0,True,480.0,2500.0,2980.0,2022-06
2022-06-13 13:30:00,sell,20.1,False,2500.0,0.0,2500.0,2022-06
2022-06-13 14:40:00,buy,18.5,False,2500.0,0.0,2500.0,2022-06
2022-06-14 08:55:00,buy,18.2,True,-5234.0,2500.0,-2734.0,2022-06
2022-06-14 09:55:00,buy,16.8,False,2500.0,0.0,2500.0,2022-06
2022-06-14 11:25:00,sell,18.8,True,2500.0,-5000.0,-2500.0,2022-06
2022-06-14 13:40:00,buy,20.4,True,-5000.0,-5000.0,-10000.0,2022-06
2022-06-14 15:55:00,sell,25.0,False,2500.0,0.0,2500.0,2022-06
2022-06-14 19:15:00,buy,22.2,False,2500.0,0.0,2500.0,2022-06
2022-06-15 08:05:00,sell,29.7,False,-3538.0,0.0,-3538.0,2022-06
2022-06-15 12:30:00,sell,17.2,False,2500.0,0.0,2500.0,2022-06
2022-06-15 18:00:00,buy,46.9,False,2500.0,0.0,2500.0,2022-06
2022-06-15 18:35:00,sell,78.5,True,-1957.0,2500.0,543.0,2022-06
2022-06-15 19:20:00,sell,24.6,True,2500.0,-5000.0,-2500.0,2022-06
2022-06-16 09:00:00,buy,17.4,True,2500.0,-5000.0,-2500.0,2022-06
2022-06-16 10:05:00,sell,20.1,True,-5000.0,2500.0,-2500.0,2022-06
2022-06-16 11:00:00,buy,92.7,True,2500.0,-5000.0,-2500.0,2022-06
2022-06-16 11:35:00,sell,37.0,False,2500.0,0.0,2500.0,2022-06
2022-06-16 11:50:00,buy,19.2,True,2500.0,2500.0,5000.0,2022-06
2022-06-16 12:20:00,sell,25.5,True,-5000.0,-5000.0,-10000.0,2022-06
2022-06-16 12:40:00,sell,19.7,False,2500.0,0.0,2500.0,2022-06
2022-06-16 14:45:00,buy,17.0,False,2500.0,0.0,2500.0,2022-06
2022-06-16 15:10:00,sell,23.1,True,-4610.0,2500.0,-2110.0,2022-06
2022-06-16 16:20:00,sell,22.5,True,-5000.0,-5000.0,-10000.0,2022-06
2022-06-16 17:55:00,buy,23.6,True,-1907.0,263.0,-1644.0,2022-06
2022-06-16 19:05:00,sell,17.1,True,-5000.0,-5000.0,-10000.0,2022-06
2022-06-17 06:30:00,buy,17.7,True,751.0,-5000.0,-4249.0,2022-06
2022-06-17 08:50:00,buy,20.8,True,2500.0,-5000.0,-2500.0,2022-06
2022-06-17 09:20:00,buy,18.1,True,-5000.0,-5000.0,-10000.0,2022-06
2022-06-17 10:00:00,sell,18.7,False,2500.0,0.0,2500.0,2022-06
2022-06-17 15:05:00,sell,17.4,False,1455.0,0.0,1455.0,2022-06
2022-06-20 07:50:00,buy,19.3,False,2500.0,0.0,2500.0,2022-06
2022-06-20 13:00:00,buy,19.3,True,-3290.0,-5000.0,-8290.0,2022-06
2022-06-22 07:00:00,buy,19.8,True,-5000.0,-5000.0,-10000.0,2022-06
2022-06-22 09:55:00,sell,19.4,True,-1615.0,2500.0,885.0,2022-06
2022-06-22 13:40:00,sell,26.9,False,2500.0,0.0,2500.0,2022-06
2022-06-22 14:35:00,sell,18.1,True,-5000.0,2500.0,-2500.0,2022-06
2022-06-23 14:05:00,buy,18.1,True,-5000.0,-5000.0,-10000.0,2022-06
2022-06-24 13:55:00,buy,22.3,False,2500.0,0.0,2500.0,2022-06
2022-06-24 15:10:00,buy,17.0,True,2500.0,2500.0,5000.0,2022-06
2022-06-27 07:25:00,sell,22.3,False,2500.0,0.0,2500.0,2022-06
2022-06-28 06:05:00,sell,18.0,False,2500.0,0.0,2500.0,2022-06
2022-06-29 15:55:00,sell,21.1,False,2500.0,0.0,2500.0,2022-06
2022-06-30 08:05:00,sell,19.8,True,2500.0,-5000.0,-2500.0,2022-06
2022-06-30 13:55:00,sell,19.7,True,-5000.0,2500.0,-2500.0,2022-06
2022-06-30 14:40:00,buy,19.2,True,2500.0,2500.0,5000.0,2022-06
2022-06-30 16:45:00,sell,20.1,False,2500.0,0.0,2500.0,2022-06
2022-07-01 09:10:00,buy,17.2,True,-3000.0,-5000.0,-8000.0,2022-07
2022-07-01 14:00:00,buy,18.5,True,2500.0,-5000.0,-2500.0,2022-07
2022-07-01 14:25:00,buy,17.8,False,2500.0,0.0,2500.0,2022-07
2022-07-04 09:30:00,sell,23.3,False,2500.0,0.0,2500.0,2022-07
2022-07-05 07:05:00,buy,23.7,True,-5000.0,2500.0,-2500.0,2022-07
2022-07-05 08:50:00,buy,17.8,True,2500.0,-5000.0,-2500.0,2022-07
2022-07-05 13:40:00,sell,18.9,True,2500.0,2500.0,5000.0,2022-07
2022-07-05 14:10:00,sell,17.5,False,2500.0,0.0,2500.0,2022-07
2022-07-05 14:50:00,buy,20.6,True,-2852.0,-5000.0,-7852.0,2022-07
2022-07-05 16:20:00,sell,17.3,False,2500.0,0.0,2500.0,2022-07
2022-07-05 21:00:00,buy,17.3,False,2500.0,0.0,2500.0,2022-07
2022-07-06 08:05:00,sell,22.4,True,2500.0,-5000.0,-2500.0,2022-07
2022-07-06 13:45:00,buy,17.1,True,-5000.0,-5000.0,-10000.0,2022-07
2022-07-06 18:15:00,buy,18.2,True,2500.0,-5000.0,-2500.0,2022-07
2022-07-07 07:20:00,sell,16.8,False,2500.0,0.0,2500.0,2022-07
2022-07-07 08:05:00,sell,37.4,False,2500.0,0.0,2500.0,2022-07
2022-07-08 07:40:00,buy,19.9,False,2500.0,0.0,2500.0,2022-07
2022-07-08 08:20:00,buy,16.5,False,2500.0,0.0,2500.0,2022-07
2022-07-08 12:30:00,buy,17.0,True,-5000.0,-5000.0,-10000.0,2022-07
2022-07-08 12:50:00,sell,18.8,True,-5000.0,-5000.0,-10000.0,2022-07
2022-07-08 14:10:00,sell,20.9,False,-5000.0,0.0,-5000.0,2022-07
2022-07-08 14:45:00,buy,19.1,False,2500.0,0.0,2500.0,2022-07
2022-07-11 12:30:00,buy,18.1,True,2500.0,2500.0,5000.0,2022-07
2022-07-13 06:00:00,sell,17.4,False,2500.0,0.0,2500.0,2022-07
2022-07-13 12:30:00,buy,83.9,True,703.0,2500.0,3203.0,2022-07
2022-07-13 13:10:00,sell,19.7,False,2500.0,0.0,2500.0,2022-07
2022-07-13 14:05:00,buy,19.5,False,2500.0,0.0,2500.0,2022-07
2022-07-13 14:35:00,sell,19.7,True,-5000.0,-5000.0,-10000.0,2022-07
2022-07-13 18:00:00,buy,17.5,False,2500.0,0.0,2500.0,2022-07
2022-07-14 13:50:00,sell,18.6,True,2500.0,2500.0,5000.0,2022-07
2022-07-14 15:00:00,sell,20.4,True,2500.0,2500.0,5000.0,2022-07
2022-07-14 15:40:00,sell,20.1,True,2500.0,2500.0,5000.0,2022-07
2022-07-14 16:45:00,buy,21.7,True,2500.0,-5000.0,-2500.0,2022-07
2022-07-15 05:55:00,buy,17.4,False,2500.0,0.0,2500.0,2022-07
2022-07-15 12:30:00,buy,28.3,False,2500.0,0.0,2500.0,2022-07
2022-07-15 14:00:00,sell,33.0,False,2500.0,0.0,2500.0,2022-07
2022-07-15 14:25:00,sell,16.4,True,2500.0,-5000.0,-2500.0,2022-07
2022-07-19 08:55:00,sell,17.3,False,2500.0,0.0,2500.0,2022-07
2022-07-20 10:30:00,buy,19.4,True,-5000.0,2500.0,-2500.0,2022-07
2022-07-20 12:50:00,sell,16.9,True,-5000.0,-5000.0,-10000.0,2022-07
2022-07-21 12:15:00,sell,20.9,False,2500.0,0.0,2500.0,2022-07
2022-07-21 12:30:00,sell,17.0,True,-5000.0,-5000.0,-10000.0,2022-07
2022-07-21 12:50:00,buy,21.5,False,2500.0,0.0,2500.0,2022-07
2022-07-21 13:05:00,buy,16.7,True,-5000.0,-5000.0,-10000.0,2022-07
2022-07-21 13:50:00,sell,18.9,False,2500.0,0.0,2500.0,2022-07
2022-07-22 07:15:00,buy,18.8,True,-5000.0,-5000.0,-10000.0,2022-07
2022-07-22 10:55:00,sell,16.5,False,2500.0,0.0,2500.0,2022-07
2022-07-22 13:45:00,sell,37.3,True,-5000.0,-5000.0,-10000.0,2022-07
2022-07-22 14:20:00,buy,17.1,True,-5000.0,2500.0,-2500.0,2022-07
2022-07-25 07:15:00,buy,19.5,False,2500.0,0.0,2500.0,2022-07
2022-07-25 08:35:00,sell,16.7,False,-5000.0,0.0,-5000.0,2022-07
2022-07-25 14:30:00,buy,20.3,True,2500.0,-5000.0,-2500.0,2022-07
2022-07-27 18:00:00,sell,24.0,False,2500.0,0.0,2500.0,2022-07
2022-07-27 18:35:00,sell,41.6,True,-5000.0,-5000.0,-10000.0,2022-07
2022-07-27 19:35:00,buy,19.3,False,-2448.0,0.0,-2448.0,2022-07
2022-07-28 01:30:00,sell,17.1,False,2500.0,0.0,2500.0,2022-07
2022-07-28 07:20:00,buy,17.9,False,2500.0,0.0,2500.0,2022-07
2022-07-28 12:30:00,sell,19.6,True,2500.0,2500.0,5000.0,2022-07
2022-07-28 13:10:00,sell,21.9,True,1849.0,2500.0,4349.0,2022-07
2022-07-28 13:50:00,buy,19.8,False,88.0,0.0,88.0,2022-07
2022-07-29 08:00:00,buy,18.9,True,-5000.0,-5000.0,-10000.0,2022-07
2022-07-29 12:30:00,buy,24.3,False,-4187.0,0.0,-4187.0,2022-07
2022-07-29 14:35:00,sell,18.0,True,-5000.0,-5000.0,-10000.0,2022-07
2022-07-29 14:50:00,sell,16.6,True,-5000.0,-5000.0,-10000.0,2022-07
2022-08-02 00:35:00,sell,20.2,False,2500.0,0.0,2500.0,2022-08
2022-08-02 14:00:00,buy,18.6,True,2500.0,2500.0,5000.0,2022-08
2022-08-03 14:00:00,buy,17.8,True,-5000.0,2500.0,-2500.0,2022-08
2022-08-04 11:00:00,buy,53.4,True,-3188.0,2500.0,-688.0,2022-08
2022-08-04 12:30:00,sell,22.8,True,-1505.0,2500.0,995.0,2022-08
2022-08-05 12:30:00,buy,59.2,True,-4404.0,-5000.0,-9404.0,2022-08
2022-08-09 14:45:00,buy,21.5,True,-5000.0,-5000.0,-10000.0,2022-08
2022-08-10 12:30:00,sell,97.4,True,-1163.0,2500.0,1337.0,2022-08
2022-08-12 14:00:00,buy,35.6,False,2500.0,0.0,2500.0,2022-08
2022-08-16 14:50:00,buy,23.5,False,2500.0,0.0,2500.0,2022-08
2022-08-17 07:15:00,buy,17.2,False,2500.0,0.0,2500.0,2022-08
2022-08-17 12:30:00,buy,23.6,False,2500.0,0.0,2500.0,2022-08
2022-08-17 14:50:00,buy,17.0,False,546.0,0.0,546.0,2022-08
2022-08-17 18:00:00,sell,22.7,True,-4570.0,-5000.0,-9570.0,2022-08
2022-08-18 06:45:00,buy,17.4,False,2500.0,0.0,2500.0,2022-08
2022-08-18 09:55:00,sell,17.2,False,2369.0,0.0,2369.0,2022-08
2022-08-23 13:45:00,sell,44.5,False,-1091.0,0.0,-1091.0,2022-08
2022-08-25 06:15:00,sell,16.2,False,2500.0,0.0,2500.0,2022-08
2022-08-25 14:30:00,sell,16.2,True,2500.0,-5000.0,-2500.0,2022-08
2022-08-26 12:30:00,sell,21.1,True,2500.0,2500.0,5000.0,2022-08
2022-08-26 14:00:00,buy,37.5,False,2500.0,0.0,2500.0,2022-08
2022-08-26 14:15:00,buy,20.6,True,-5000.0,-5000.0,-10000.0,2022-08
2022-08-26 14:35:00,buy,18.1,True,2500.0,-5000.0,-2500.0,2022-08
2022-08-26 14:50:00,buy,22.0,True,-5000.0,-5000.0,-10000.0,2022-08
2022-08-29 12:20:00,sell,21.0,True,-5000.0,-5000.0,-10000.0,2022-08
2022-08-30 07:35:00,sell,16.5,True,2500.0,2500.0,5000.0,2022-08
2022-08-30 14:00:00,buy,24.4,True,-5000.0,2500.0,-2500.0,2022-08
2022-08-30 15:15:00,sell,17.2,False,2500.0,0.0,2500.0,2022-08
2022-08-31 14:40:00,sell,17.8,False,2500.0,0.0,2500.0,2022-08
2022-09-01 14:00:00,buy,28.5,True,-2067.0,-5000.0,-7067.0,2022-09
2022-09-01 14:50:00,sell,23.8,False,-1376.0,0.0,-1376.0,2022-09
2022-09-02 12:30:00,sell,21.8,False,2500.0,0.0,2500.0,2022-09
2022-09-02 13:15:00,sell,17.3,True,2500.0,2500.0,5000.0,2022-09
2022-09-02 16:20:00,buy,17.9,True,-5000.0,-5000.0,-10000.0,2022-09
2022-09-02 17:20:00,buy,16.1,False,2500.0,0.0,2500.0,2022-09
2022-09-05 22:05:00,sell,20.7,True,-5000.0,2500.0,-2500.0,2022-09
2022-09-06 14:00:00,buy,20.3,False,2500.0,0.0,2500.0,2022-09
2022-09-06 15:40:00,sell,15.9,False,2500.0,0.0,2500.0,2022-09
2022-09-07 10:55:00,buy,19.0,True,-5000.0,2500.0,-2500.0,2022-09
2022-09-08 12:15:00,buy,19.5,False,2500.0,0.0,2500.0,2022-09
2022-09-08 12:30:00,buy,16.7,False,-5000.0,0.0,-5000.0,2022-09
2022-09-08 13:10:00,buy,19.8,False,2500.0,0.0,2500.0,2022-09
2022-09-08 13:35:00,sell,19.4,True,2500.0,2500.0,5000.0,2022-09
2022-09-08 14:35:00,buy,16.3,True,2500.0,-5000.0,-2500.0,2022-09
2022-09-08 17:10:00,sell,19.0,True,-1728.0,2500.0,772.0,2022-09
2022-09-09 07:10:00,sell,17.7,False,-3051.0,0.0,-3051.0,2022-09
2022-09-09 11:30:00,buy,26.8,False,2500.0,0.0,2500.0,2022-09
2022-09-12 06:00:00,buy,16.8,False,2500.0,0.0,2500.0,2022-09
2022-09-12 07:00:00,sell,19.2,False,-5000.0,0.0,-5000.0,2022-09
2022-09-12 13:15:00,buy,23.1,False,1981.0,0.0,1981.0,2022-09
2022-09-13 06:10:00,sell,17.5,False,2500.0,0.0,2500.0,2022-09
2022-09-13 07:05:00,buy,16.2,True,2500.0,2500.0,5000.0,2022-09
2022-09-13 12:30:00,buy,103.5,True,-4089.0,-5000.0,-9089.0,2022-09
2022-09-13 13:45:00,sell,17.2,False,2500.0,0.0,2500.0,2022-09
2022-09-13 14:00:00,buy,21.3,False,2500.0,0.0,2500.0,2022-09
2022-09-13 14:20:00,buy,17.5,False,-2886.0,0.0,-2886.0,2022-09
2022-09-14 06:00:00,buy,16.0,False,2500.0,0.0,2500.0,2022-09
2022-09-14 07:00:00,sell,15.8,True,-5000.0,2500.0,-2500.0,2022-09
2022-09-14 08:00:00,sell,18.9,True,1336.0,2500.0,3836.0,2022-09
2022-09-14 14:50:00,sell,19.6,False,4288.0,0.0,4288.0,2022-09
2022-09-15 13:40:00,sell,17.1,True,-1053.0,-5000.0,-6053.0,2022-09
2022-09-16 07:45:00,buy,43.3,False,2500.0,0.0,2500.0,2022-09
2022-09-16 13:35:00,sell,16.7,False,2500.0,0.0,2500.0,2022-09
2022-09-16 15:10:00,buy,21.8,False,2500.0,0.0,2500.0,2022-09
2022-09-21 06:30:00,buy,35.0,True,1377.0,-5000.0,-3623.0,2022-09
2022-09-21 18:00:00,buy,58.8,False,2500.0,0.0,2500.0,2022-09
2022-09-21 18:35:00,buy,15.6,False,2500.0,0.0,2500.0,2022-09
2022-09-21 18:50:00,sell,25.6,False,2500.0,0.0,2500.0,2022-09
2022-09-21 19:25:00,buy,18.9,False,-5000.0,0.0,-5000.0,2022-09
2022-09-22 08:00:00,sell,22.0,False,-5000.0,0.0,-5000.0,2022-09
2022-09-22 08:25:00,sell,17.4,True,-5000.0,2500.0,-2500.0,2022-09
2022-09-22 08:45:00,buy,23.1,True,-4374.0,2500.0,-1874.0,2022-09
2022-09-22 10:30:00,sell,30.4,True,-5000.0,2500.0,-2500.0,2022-09
2022-09-22 11:00:00,buy,34.7,True,-5000.0,2500.0,-2500.0,2022-09
2022-09-22 11:50:00,sell,16.5,True,-5000.0,-5000.0,-10000.0,2022-09
2022-09-23 07:00:00,buy,23.5,False,-5000.0,0.0,-5000.0,2022-09
2022-09-23 09:40:00,buy,74.3,False,730.0,0.0,730.0,2022-09
2022-09-23 10:50:00,buy,18.3,True,-5000.0,2500.0,-2500.0,2022-09
2022-09-23 11:25:00,sell,17.4,False,2500.0,0.0,2500.0,2022-09
2022-09-23 12:00:00,sell,17.9,False,2500.0,0.0,2500.0,2022-09
2022-09-23 13:00:00,sell,25.3,True,2500.0,2500.0,5000.0,2022-09
2022-09-23 13:45:00,buy,21.6,False,-5000.0,0.0,-5000.0,2022-09
2022-09-23 14:20:00,buy,46.2,False,2500.0,0.0,2500.0,2022-09
2022-09-23 14:35:00,buy,16.8,True,-5000.0,-5000.0,-10000.0,2022-09
2022-09-23 14:50:00,buy,18.5,True,2500.0,2500.0,5000.0,2022-09
2022-09-23 15:35:00,buy,15.6,True,2500.0,-5000.0,-2500.0,2022-09
2022-09-23 16:30:00,buy,24.2,False,2500.0,0.0,2500.0,2022-09
2022-09-23 16:45:00,sell,23.6,False,2500.0,0.0,2500.0,2022-09
2022-09-23 17:35:00,buy,22.5,True,2500.0,2500.0,5000.0,2022-09
2022-09-23 18:50:00,buy,17.4,False,2500.0,0.0,2500.0,2022-09
2022-09-25 22:00:00,buy,21.1,False,2500.0,0.0,2500.0,2022-09
2022-09-25 22:20:00,sell,16.1,False,-4149.0,0.0,-4149.0,2022-09
2022-09-25 23:35:00,buy,18.2,True,-5000.0,2500.0,-2500.0,2022-09
2022-09-26 00:40:00,buy,25.2,True,-5000.0,-5000.0,-10000.0,2022-09
2022-09-26 01:00:00,sell,104.5,True,2500.0,-5000.0,-2500.0,2022-09
2022-09-26 01:20:00,buy,54.4,False,2500.0,0.0,2500.0,2022-09
2022-09-26 01:35:00,sell,57.4,False,2500.0,0.0,2500.0,2022-09
2022-09-26 01:55:00,sell,20.0,True,-5000.0,2500.0,-2500.0,2022-09
2022-09-26 02:10:00,buy,16.9,False,2500.0,0.0,2500.0,2022-09
2022-09-26 02:50:00,buy,42.0,False,2500.0,0.0,2500.0,2022-09
2022-09-26 03:25:00,buy,16.3,True,-5000.0,-5000.0,-10000.0,2022-09
2022-09-26 03:45:00,sell,31.6,True,2500.0,-5000.0,-2500.0,2022-09
2022-09-26 04:05:00,sell,19.1,False,-5000.0,0.0,-5000.0,2022-09
2022-09-26 04:25:00,sell,17.7,False,2500.0,0.0,2500.0,2022-09
2022-09-26 04:55:00,buy,15.2,False,2500.0,0.0,2500.0,2022-09
2022-09-26 05:25:00,buy,30.1,False,2500.0,0.0,2500.0,2022-09
2022-09-26 05:40:00,sell,14.8,True,-5000.0,-5000.0,-10000.0,2022-09
2022-09-26 06:05:00,buy,20.2,True,2500.0,2500.0,5000.0,2022-09
2022-09-26 06:20:00,sell,24.1,True,2500.0,-5000.0,-2500.0,2022-09
2022-09-26 06:40:00,buy,25.3,False,2500.0,0.0,2500.0,2022-09
2022-09-26 07:00:00,sell,29.3,True,-5000.0,2500.0,-2500.0,2022-09
2022-09-26 07:25:00,sell,16.5,False,2500.0,0.0,2500.0,2022-09
2022-09-26 07:40:00,sell,25.9,False,2500.0,0.0,2500.0,2022-09
2022-09-26 07:55:00,buy,21.4,False,2500.0,0.0,2500.0,2022-09
2022-09-26 09:30:00,buy,28.3,True,-5000.0,-5000.0,-10000.0,2022-09
2022-09-26 09:55:00,buy,25.7,False,2500.0,0.0,2500.0,2022-09
2022-09-26 10:25:00,sell,35.7,False,2500.0,0.0,2500.0,2022-09
2022-09-26 10:40:00,sell,20.6,False,2500.0,0.0,2500.0,2022-09
2022-09-26 11:15:00,sell,27.9,True,-5000.0,-5000.0,-10000.0,2022-09
2022-09-26 11:30:00,sell,48.4,False,2500.0,0.0,2500.0,2022-09
2022-09-26 11:45:00,buy,26.5,True,-5000.0,2500.0,-2500.0,2022-09
2022-09-26 12:05:00,sell,21.3,False,2500.0,0.0,2500.0,2022-09
2022-09-26 12:20:00,sell,18.9,True,2500.0,2500.0,5000.0,2022-09
2022-09-26 12:35:00,sell,31.2,True,-5000.0,-5000.0,-10000.0,2022-09
2022-09-26 12:55:00,buy,26.7,True,-5000.0,-5000.0,-10000.0,2022-09
2022-09-26 13:25:00,buy,31.1,False,2500.0,0.0,2500.0,2022-09
2022-09-26 14:00:00,buy,27.8,True,-5000.0,-5000.0,-10000.0,2022-09
2022-09-26 14:20:00,sell,34.8,False,2500.0,0.0,2500.0,2022-09
2022-09-26 14:45:00,buy,31.4,False,2500.0,0.0,2500.0,2022-09
2022-09-26 15:10:00,sell,46.3,False,2500.0,0.0,2500.0,2022-09
2022-09-26 15:30:00,buy,149.3,False,59.0,0.0,59.0,2022-09
2022-09-26 16:20:00,buy,45.0,False,2500.0,0.0,2500.0,2022-09
2022-09-26 17:40:00,buy,17.0,False,2500.0,0.0,2500.0,2022-09
2022-09-26 18:45:00,sell,18.3,True,-2520.0,2500.0,-20.0,2022-09
2022-09-26 19:45:00,sell,22.8,False,2500.0,0.0,2500.0,2022-09
2022-09-26 22:30:00,sell,22.6,False,-5000.0,0.0,-5000.0,2022-09
2022-09-26 23:50:00,sell,19.8,True,-5000.0,2500.0,-2500.0,2022-09
2022-09-27 00:55:00,buy,17.4,False,2500.0,0.0,2500.0,2022-09
2022-09-27 05:40:00,sell,42.4,False,2500.0,0.0,2500.0,2022-09
2022-09-27 06:15:00,sell,24.0,True,2500.0,2500.0,5000.0,2022-09
2022-09-27 07:00:00,sell,17.2,True,2500.0,2500.0,5000.0,2022-09
2022-09-27 07:20:00,sell,22.1,True,-5000.0,2500.0,-2500.0,2022-09
2022-09-27 08:55:00,buy,17.3,True,-5000.0,-5000.0,-10000.0,2022-09
2022-09-27 09:45:00,sell,16.2,False,2500.0,0.0,2500.0,2022-09
2022-09-27 11:55:00,buy,19.6,False,2500.0,0.0,2500.0,2022-09
2022-09-27 12:30:00,sell,15.0,False,2500.0,0.0,2500.0,2022-09
2022-09-27 12:50:00,buy,19.9,True,-5000.0,2500.0,-2500.0,2022-09
2022-09-27 13:40:00,buy,15.6,True,2500.0,-5000.0,-2500.0,2022-09
2022-09-27 14:00:00,buy,25.4,True,2500.0,2500.0,5000.0,2022-09
2022-09-27 14:25:00,buy,16.7,False,2500.0,0.0,2500.0,2022-09
2022-09-27 15:20:00,buy,16.3,True,2500.0,2500.0,5000.0,2022-09
2022-09-27 15:55:00,buy,18.0,True,-5000.0,-5000.0,-10000.0,2022-09
2022-09-27 16:15:00,buy,15.4,True,-5000.0,2500.0,-2500.0,2022-09
2022-09-27 16:35:00,buy,20.8,True,-5000.0,-5000.0,-10000.0,2022-09
2022-09-27 17:00:00,buy,15.7,False,2500.0,0.0,2500.0,2022-09
2022-09-28 00:45:00,buy,15.9,False,2500.0,0.0,2500.0,2022-09
2022-09-28 05:40:00,sell,20.6,False,-5000.0,0.0,-5000.0,2022-09
2022-09-28 06:55:00,buy,15.0,False,2500.0,0.0,2500.0,2022-09
2022-09-28 07:50:00,sell,16.8,True,2500.0,-5000.0,-2500.0,2022-09
2022-09-28 09:30:00,sell,16.2,False,-5000.0,0.0,-5000.0,2022-09
2022-09-28 10:00:00,sell,18.6,False,-5000.0,0.0,-5000.0,2022-09
2022-09-28 10:25:00,buy,44.0,True,2500.0,-5000.0,-2500.0,2022-09
2022-09-28 10:45:00,buy,19.8,True,-5000.0,-5000.0,-10000.0,2022-09
2022-09-28 11:05:00,buy,18.8,True,-5000.0,-5000.0,-10000.0,2022-09
2022-09-28 11:20:00,buy,20.1,True,2500.0,2500.0,5000.0,2022-09
2022-09-28 12:00:00,sell,19.6,False,2500.0,0.0,2500.0,2022-09
2022-09-28 12:20:00,sell,31.1,False,-5000.0,0.0,-5000.0,2022-09
2022-09-28 12:45:00,buy,30.7,False,2500.0,0.0,2500.0,2022-09
2022-09-28 13:05:00,buy,21.9,True,2500.0,-5000.0,-2500.0,2022-09
2022-09-28 13:20:00,sell,16.4,True,-5000.0,-5000.0,-10000.0,2022-09
2022-09-28 13:40:00,sell,38.8,True,-1155.0,-5000.0,-6155.0,2022-09
2022-09-28 14:25:00,sell,17.9,True,-5000.0,2500.0,-2500.0,2022-09
2022-09-28 14:40:00,sell,29.3,False,2500.0,0.0,2500.0,2022-09
2022-09-28 15:00:00,sell,16.2,False,2500.0,0.0,2500.0,2022-09
2022-09-28 15:20:00,sell,16.4,False,2500.0,0.0,2500.0,2022-09
2022-09-28 15:40:00,sell,23.4,True,-5000.0,-5000.0,-10000.0,2022-09
2022-09-28 16:05:00,buy,17.2,False,2500.0,0.0,2500.0,2022-09
2022-09-28 16:20:00,buy,20.2,True,-5000.0,2500.0,-2500.0,2022-09
2022-09-28 16:45:00,sell,15.0,True,-5000.0,-5000.0,-10000.0,2022-09
2022-09-28 17:00:00,sell,15.0,True,-5000.0,2500.0,-2500.0,2022-09
2022-09-28 17:25:00,buy,27.2,False,2500.0,0.0,2500.0,2022-09
2022-09-28 17:45:00,buy,16.0,False,2500.0,0.0,2500.0,2022-09
2022-09-29 00:35:00,buy,16.2,True,2500.0,2500.0,5000.0,2022-09
2022-09-29 05:35:00,buy,15.6,True,2500.0,2500.0,5000.0,2022-09
2022-09-29 06:40:00,sell,20.9,False,2500.0,0.0,2500.0,2022-09
2022-09-29 07:00:00,buy,26.5,False,2500.0,0.0,2500.0,2022-09
2022-09-29 07:15:00,buy,16.9,True,-5000.0,-5000.0,-10000.0,2022-09
2022-09-29 09:35:00,sell,22.0,True,-5000.0,2500.0,-2500.0,2022-09
2022-09-29 10:15:00,buy,24.9,False,-1697.0,0.0,-1697.0,2022-09
2022-09-29 11:15:00,sell,18.6,False,2500.0,0.0,2500.0,2022-09
2022-09-29 11:40:00,sell,18.4,False,2500.0,0.0,2500.0,2022-09
2022-09-29 12:30:00,buy,21.9,False,2500.0,0.0,2500.0,2022-09
2022-09-29 13:00:00,sell,17.9,True,-5000.0,2500.0,-2500.0,2022-09
2022-09-29 13:15:00,sell,33.7,False,-5000.0,0.0,-5000.0,2022-09
2022-09-29 13:35:00,sell,21.0,False,2500.0,0.0,2500.0,2022-09
2022-09-29 13:50:00,sell,15.5,False,2500.0,0.0,2500.0,2022-09
2022-09-29 14:10:00,buy,34.4,True,2500.0,-5000.0,-2500.0,2022-09
2022-09-29 14:40:00,sell,28.5,True,-5000.0,-5000.0,-10000.0,2022-09
2022-09-29 15:05:00,sell,23.7,False,2500.0,0.0,2500.0,2022-09
2022-09-29 15:35:00,sell,21.8,False,2500.0,0.0,2500.0,2022-09
2022-09-29 15:50:00,sell,15.2,False,-5000.0,0.0,-5000.0,2022-09
2022-09-29 16:15:00,buy,26.2,True,2500.0,-5000.0,-2500.0,2022-09
2022-09-29 17:20:00,buy,17.3,False,2500.0,0.0,2500.0,2022-09
2022-09-29 17:40:00,buy,16.3,True,2500.0,-5000.0,-2500.0,2022-09
2022-09-29 22:00:00,sell,54.1,False,305.0,0.0,305.0,2022-09
2022-09-29 23:00:00,buy,24.0,False,2500.0,0.0,2500.0,2022-09
2022-09-29 23:40:00,sell,22.5,True,2500.0,-5000.0,-2500.0,2022-09
2022-09-30 02:10:00,buy,15.4,True,-5000.0,2500.0,-2500.0,2022-09
2022-09-30 02:55:00,buy,19.5,False,-2385.0,0.0,-2385.0,2022-09
2022-09-30 05:30:00,sell,23.5,False,2500.0,0.0,2500.0,2022-09
2022-09-30 05:45:00,sell,24.2,False,2500.0,0.0,2500.0,2022-09
2022-09-30 06:00:00,buy,17.8,False,2500.0,0.0,2500.0,2022-09
2022-09-30 06:50:00,sell,18.2,False,-5000.0,0.0,-5000.0,2022-09
2022-09-30 07:55:00,sell,23.0,True,-5000.0,2500.0,-2500.0,2022-09
2022-09-30 08:25:00,buy,15.7,False,2500.0,0.0,2500.0,2022-09
2022-09-30 08:40:00,buy,15.4,False,2500.0,0.0,2500.0,2022-09
2022-09-30 09:00:00,buy,27.9,True,-4686.0,-5000.0,-9686.0,2022-09
2022-09-30 09:55:00,buy,17.3,True,-5000.0,-5000.0,-10000.0,2022-09
2022-09-30 10:25:00,buy,30.8,True,2500.0,2500.0,5000.0,2022-09
2022-09-30 11:25:00,sell,23.2,False,2500.0,0.0,2500.0,2022-09
2022-09-30 12:25:00,sell,34.1,True,2500.0,-5000.0,-2500.0,2022-09
2022-09-30 12:40:00,sell,21.9,True,2500.0,2500.0,5000.0,2022-09
2022-09-30 13:30:00,sell,15.5,False,2500.0,0.0,2500.0,2022-09
2022-09-30 13:55:00,sell,35.0,False,2500.0,0.0,2500.0,2022-09
2022-09-30 14:35:00,sell,35.8,False,2500.0,0.0,2500.0,2022-09
2022-09-30 14:55:00,sell,19.2,False,2500.0,0.0,2500.0,2022-09
2022-09-30 15:25:00,buy,18.0,False,2500.0,0.0,2500.0,2022-09
2022-09-30 15:45:00,buy,15.7,True,-5000.0,-5000.0,-10000.0,2022-09
2022-09-30 19:40:00,sell,15.4,False,2500.0,0.0,2500.0,2022-09
2022-10-02 22:00:00,buy,21.0,True,2500.0,2500.0,5000.0,2022-10
2022-10-02 22:25:00,buy,18.2,True,-5000.0,-5000.0,-10000.0,2022-10
2022-10-02 23:00:00,buy,23.0,False,2500.0,0.0,2500.0,2022-10
2022-10-02 23:50:00,buy,21.9,False,-5000.0,0.0,-5000.0,2022-10
2022-10-03 05:40:00,sell,41.5,True,-5000.0,-5000.0,-10000.0,2022-10
2022-10-03 06:25:00,buy,38.6,True,-5000.0,-5000.0,-10000.0,2022-10
2022-10-03 07:15:00,sell,20.1,False,2500.0,0.0,2500.0,2022-10
2022-10-03 07:45:00,sell,18.9,False,2500.0,0.0,2500.0,2022-10
2022-10-03 08:50:00,buy,17.6,False,-5000.0,0.0,-5000.0,2022-10
2022-10-03 11:55:00,sell,16.3,False,2500.0,0.0,2500.0,2022-10
2022-10-03 13:30:00,buy,18.2,True,-5000.0,2500.0,-2500.0,2022-10
2022-10-03 14:00:00,sell,19.4,True,-5000.0,2500.0,-2500.0,2022-10
2022-10-03 14:20:00,sell,34.0,False,2500.0,0.0,2500.0,2022-10
2022-10-03 15:05:00,sell,28.4,True,2500.0,-5000.0,-2500.0,2022-10
2022-10-03 15:55:00,buy,28.8,False,563.0,0.0,563.0,2022-10
2022-10-04 00:00:00,buy,17.5,False,2500.0,0.0,2500.0,2022-10
2022-10-04 05:50:00,sell,27.7,False,2500.0,0.0,2500.0,2022-10
2022-10-04 06:35:00,sell,23.8,False,-5000.0,0.0,-5000.0,2022-10
2022-10-04 07:15:00,sell,19.9,False,2500.0,0.0,2500.0,2022-10
2022-10-04 07:30:00,sell,17.7,False,2500.0,0.0,2500.0,2022-10
2022-10-04 07:45:00,buy,21.3,False,-4239.0,0.0,-4239.0,2022-10
2022-10-04 09:05:00,buy,17.4,True,-5000.0,-5000.0,-10000.0,2022-10
2022-10-04 12:15:00,sell,16.5,True,-5000.0,-5000.0,-10000.0,2022-10
2022-10-04 13:30:00,sell,19.2,True,2500.0,-5000.0,-2500.0,2022-10
2022-10-04 14:00:00,sell,23.6,True,-2727.0,-5000.0,-7727.0,2022-10
2022-10-04 15:05:00,sell,16.8,False,2500.0,0.0,2500.0,2022-10
2022-10-04 16:45:00,buy,24.7,True,-5000.0,-5000.0,-10000.0,2022-10
2022-10-05 08:15:00,buy,17.0,True,2500.0,2500.0,5000.0,2022-10
2022-10-05 10:35:00,buy,16.2,True,-5000.0,-5000.0,-10000.0,2022-10
2022-10-05 11:35:00,buy,21.8,True,3272.0,2500.0,5772.0,2022-10
2022-10-05 12:40:00,buy,21.2,False,2500.0,0.0,2500.0,2022-10
2022-10-05 13:30:00,sell,17.0,False,2500.0,0.0,2500.0,2022-10
2022-10-05 14:00:00,buy,35.9,False,2500.0,0.0,2500.0,2022-10
2022-10-05 14:15:00,buy,27.8,False,2500.0,0.0,2500.0,2022-10
2022-10-05 14:35:00,sell,17.1,False,2500.0,0.0,2500.0,2022-10
2022-10-05 15:15:00,sell,17.1,True,-5000.0,2500.0,-2500.0,2022-10
2022-10-05 16:10:00,sell,15.7,False,2500.0,0.0,2500.0,2022-10
2022-10-06 07:55:00,buy,22.3,True,-5000.0,-5000.0,-10000.0,2022-10
2022-10-06 08:40:00,buy,18.6,False,2500.0,0.0,2500.0,2022-10
2022-10-06 12:30:00,sell,21.0,True,2500.0,2500.0,5000.0,2022-10
2022-10-06 13:30:00,sell,19.0,True,-5000.0,-5000.0,-10000.0,2022-10
2022-10-06 13:45:00,buy,17.7,True,-5000.0,-5000.0,-10000.0,2022-10
2022-10-06 14:30:00,buy,17.7,False,2500.0,0.0,2500.0,2022-10
2022-10-06 14:50:00,buy,16.5,False,-5000.0,0.0,-5000.0,2022-10
2022-10-06 15:55:00,buy,50.8,False,1863.0,0.0,1863.0,2022-10
2022-10-06 17:10:00,sell,18.3,True,-2030.0,-5000.0,-7030.0,2022-10
2022-10-06 17:55:00,sell,17.5,False,2500.0,0.0,2500.0,2022-10
2022-10-07 06:00:00,buy,19.0,True,-5000.0,-5000.0,-10000.0,2022-10
2022-10-07 07:55:00,buy,15.5,False,2500.0,0.0,2500.0,2022-10
2022-10-07 12:30:00,buy,39.5,True,-5000.0,-5000.0,-10000.0,2022-10
2022-10-07 12:55:00,sell,26.2,True,-5000.0,-5000.0,-10000.0,2022-10
2022-10-07 13:20:00,buy,18.4,False,2500.0,0.0,2500.0,2022-10
2022-10-07 13:40:00,buy,17.2,True,-5000.0,-5000.0,-10000.0,2022-10
2022-10-07 14:45:00,sell,21.5,True,2500.0,2500.0,5000.0,2022-10
2022-10-07 16:20:00,buy,16.3,True,-5000.0,-5000.0,-10000.0,2022-10
2022-10-09 22:00:00,buy,25.5,False,2500.0,0.0,2500.0,2022-10
2022-10-10 05:30:00,buy,15.8,False,2500.0,0.0,2500.0,2022-10
2022-10-10 07:00:00,sell,19.8,True,-5000.0,-5000.0,-10000.0,2022-10
2022-10-10 09:00:00,sell,24.9,False,2500.0,0.0,2500.0,2022-10
2022-10-10 12:25:00,sell,18.6,False,2500.0,0.0,2500.0,2022-10
2022-10-10 13:05:00,buy,18.6,True,-5000.0,2500.0,-2500.0,2022-10
2022-10-10 14:35:00,buy,21.2,False,2500.0,0.0,2500.0,2022-10
2022-10-10 15:20:00,sell,17.7,False,2500.0,0.0,2500.0,2022-10
2022-10-10 17:45:00,sell,20.6,False,1359.0,0.0,1359.0,2022-10
2022-10-11 02:10:00,buy,15.8,True,1735.0,-5000.0,-3265.0,2022-10
2022-10-11 06:05:00,buy,18.0,True,-5000.0,2500.0,-2500.0,2022-10
2022-10-11 07:50:00,buy,18.2,False,-5000.0,0.0,-5000.0,2022-10
2022-10-12 04:00:00,sell,71.9,False,2138.0,0.0,2138.0,2022-10
2022-10-12 05:40:00,sell,25.5,True,2500.0,-5000.0,-2500.0,2022-10
2022-10-12 07:25:00,buy,47.0,True,426.0,2500.0,2926.0,2022-10
2022-10-12 08:15:00,sell,21.8,True,-5000.0,-5000.0,-10000.0,2022-10
2022-10-12 08:50:00,buy,20.1,False,2500.0,0.0,2500.0,2022-10
2022-10-12 09:25:00,sell,30.7,False,2500.0,0.0,2500.0,2022-10
2022-10-12 10:55:00,sell,18.4,False,2500.0,0.0,2500.0,2022-10
2022-10-12 13:05:00,buy,15.7,False,2500.0,0.0,2500.0,2022-10
2022-10-12 14:50:00,sell,42.7,False,304.0,0.0,304.0,2022-10
2022-10-12 15:40:00,sell,15.7,True,2500.0,-5000.0,-2500.0,2022-10
2022-10-12 18:05:00,sell,18.2,True,-5000.0,2500.0,-2500.0,2022-10
2022-10-13 11:30:00,sell,23.2,True,-5000.0,-5000.0,-10000.0,2022-10
2022-10-13 12:30:00,buy,92.7,False,2500.0,0.0,2500.0,2022-10
2022-10-13 13:10:00,buy,21.1,True,-5000.0,2500.0,-2500.0,2022-10
2022-10-13 13:45:00,sell,27.0,True,2315.0,-5000.0,-2685.0,2022-10
2022-10-13 14:45:00,sell,27.6,True,-5000.0,2500.0,-2500.0,2022-10
2022-10-13 15:35:00,sell,24.7,False,2500.0,0.0,2500.0,2022-10
2022-10-13 16:00:00,sell,29.7,False,2500.0,0.0,2500.0,2022-10
2022-10-13 16:15:00,buy,25.4,False,2500.0,0.0,2500.0,2022-10
2022-10-13 16:40:00,sell,18.2,False,2500.0,0.0,2500.0,2022-10
2022-10-13 17:30:00,sell,19.8,False,2500.0,0.0,2500.0,2022-10
2022-10-13 18:05:00,buy,17.9,True,-5000.0,2500.0,-2500.0,2022-10
2022-10-14 01:40:00,sell,34.3,True,968.0,2500.0,3468.0,2022-10
2022-10-14 06:50:00,buy,28.9,False,2500.0,0.0,2500.0,2022-10
2022-10-14 07:20:00,buy,17.8,False,2500.0,0.0,2500.0,2022-10
2022-10-14 07:50:00,sell,38.0,False,2500.0,0.0,2500.0,2022-10
2022-10-14 08:15:00,buy,20.4,False,2500.0,0.0,2500.0,2022-10
2022-10-14 08:35:00,sell,23.0,False,2500.0,0.0,2500.0,2022-10
2022-10-14 09:45:00,sell,23.6,False,2500.0,0.0,2500.0,2022-10
2022-10-14 10:20:00,sell,21.7,True,-5000.0,-5000.0,-10000.0,2022-10
2022-10-14 10:55:00,buy,26.1,True,931.0,2500.0,3431.0,2022-10
2022-10-14 11:40:00,buy,42.9,False,367.0,0.0,367.0,2022-10
2022-10-14 13:25:00,buy,16.8,True,2500.0,-5000.0,-2500.0,2022-10
2022-10-14 13:40:00,buy,53.4,True,-909.0,2500.0,1591.0,2022-10
2022-10-14 14:40:00,buy,19.8,False,2500.0,0.0,2500.0,2022-10
2022-10-14 14:55:00,sell,53.4,False,2500.0,0.0,2500.0,2022-10
2022-10-14 16:00:00,sell,16.7,False,2500.0,0.0,2500.0,2022-10
2022-10-16 22:00:00,sell,20.6,False,2500.0,0.0,2500.0,2022-10
2022-10-17 05:05:00,sell,23.9,False,-3267.0,0.0,-3267.0,2022-10
2022-10-17 06:30:00,buy,17.0,True,2500.0,2500.0,5000.0,2022-10
2022-10-17 07:40:00,sell,15.6,False,2500.0,0.0,2500.0,2022-10
2022-10-17 08:25:00,buy,17.7,True,-5000.0,2500.0,-2500.0,2022-10
2022-10-17 10:05:00,sell,38.0,False,2500.0,0.0,2500.0,2022-10
2022-10-17 10:35:00,buy,16.9,True,2500.0,-5000.0,-2500.0,2022-10
2022-10-17 12:20:00,sell,20.9,True,-5000.0,-5000.0,-10000.0,2022-10
2022-10-17 14:10:00,sell,16.8,False,2500.0,0.0,2500.0,2022-10
2022-10-17 14:25:00,sell,26.0,True,-5000.0,-5000.0,-10000.0,2022-10
2022-10-17 15:20:00,sell,19.8,True,-2846.0,2500.0,-346.0,2022-10
2022-10-18 03:40:00,sell,15.8,True,-5000.0,-5000.0,-10000.0,2022-10
2022-10-18 05:55:00,buy,18.7,True,-2433.0,-5000.0,-7433.0,2022-10
2022-10-18 07:05:00,buy,24.2,True,-5000.0,-5000.0,-10000.0,2022-10
2022-10-18 08:35:00,buy,17.6,True,-5000.0,2500.0,-2500.0,2022-10
2022-10-18 09:30:00,buy,16.2,False,-5000.0,0.0,-5000.0,2022-10
2022-10-18 11:00:00,sell,18.8,True,-5000.0,-5000.0,-10000.0,2022-10
2022-10-18 13:15:00,buy,16.5,False,2500.0,0.0,2500.0,2022-10
2022-10-18 13:50:00,buy,19.6,False,2500.0,0.0,2500.0,2022-10
2022-10-18 14:50:00,sell,21.7,False,2500.0,0.0,2500.0,2022-10
2022-10-18 16:35:00,sell,21.2,False,2500.0,0.0,2500.0,2022-10
2022-10-18 17:00:00,buy,31.9,False,2500.0,0.0,2500.0,2022-10
2022-10-19 06:00:00,buy,31.7,False,2500.0,0.0,2500.0,2022-10
2022-10-19 06:55:00,buy,19.2,True,2500.0,2500.0,5000.0,2022-10
2022-10-19 08:05:00,buy,18.4,False,4278.0,0.0,4278.0,2022-10
2022-10-19 11:00:00,buy,19.9,False,-1244.0,0.0,-1244.0,2022-10
2022-10-19 11:55:00,sell,16.1,False,2500.0,0.0,2500.0,2022-10
2022-10-19 14:25:00,sell,19.2,False,2500.0,0.0,2500.0,2022-10
2022-10-19 16:20:00,buy,15.8,True,-5000.0,-5000.0,-10000.0,2022-10
2022-10-20 04:15:00,sell,30.7,False,2500.0,0.0,2500.0,2022-10
2022-10-20 07:50:00,sell,21.0,False,2500.0,0.0,2500.0,2022-10
2022-10-20 10:50:00,sell,29.2,False,2500.0,0.0,2500.0,2022-10
2022-10-20 12:15:00,sell,26.4,True,-5000.0,2500.0,-2500.0,2022-10
2022-10-20 12:40:00,buy,21.5,False,2500.0,0.0,2500.0,2022-10
2022-10-20 14:15:00,sell,24.6,True,-5000.0,2500.0,-2500.0,2022-10
2022-10-20 14:40:00,buy,16.7,False,2500.0,0.0,2500.0,2022-10
2022-10-20 15:00:00,buy,16.7,True,-5000.0,-5000.0,-10000.0,2022-10
2022-10-20 17:05:00,buy,20.1,False,1007.0,0.0,1007.0,2022-10
2022-10-20 18:30:00,sell,20.3,False,2500.0,0.0,2500.0,2022-10
2022-10-20 19:05:00,sell,16.7,False,2500.0,0.0,2500.0,2022-10
2022-10-21 07:20:00,sell,21.2,False,2500.0,0.0,2500.0,2022-10
2022-10-21 09:30:00,buy,17.0,True,2706.0,-5000.0,-2294.0,2022-10
2022-10-21 11:10:00,buy,19.3,False,2500.0,0.0,2500.0,2022-10
2022-10-21 12:10:00,buy,17.2,True,-5000.0,-5000.0,-10000.0,2022-10
2022-10-21 12:55:00,sell,37.9,True,-5000.0,-5000.0,-10000.0,2022-10
2022-10-21 13:10:00,buy,33.6,True,2500.0,-5000.0,-2500.0,2022-10
2022-10-21 14:05:00,sell,22.6,False,2500.0,0.0,2500.0,2022-10
2022-10-21 14:20:00,buy,16.8,True,-5000.0,2500.0,-2500.0,2022-10
2022-10-21 14:35:00,sell,19.4,True,-5000.0,-5000.0,-10000.0,2022-10
2022-10-21 14:55:00,buy,28.3,True,2500.0,2500.0,5000.0,2022-10
2022-10-21 15:10:00,sell,17.4,False,-5000.0,0.0,-5000.0,2022-10
2022-10-21 15:40:00,sell,15.5,True,-5000.0,-5000.0,-10000.0,2022-10
2022-10-21 16:15:00,buy,35.4,False,2500.0,0.0,2500.0,2022-10
2022-10-21 16:30:00,sell,24.5,False,2500.0,0.0,2500.0,2022-10
2022-10-21 18:10:00,buy,16.5,True,2500.0,2500.0,5000.0,2022-10
2022-10-23 22:10:00,buy,41.6,False,-614.0,0.0,-614.0,2022-10
2022-10-23 23:00:00,buy,17.5,False,12707.0,0.0,12707.0,2022-10
2022-10-23 23:40:00,sell,24.5,False,2500.0,0.0,2500.0,2022-10
2022-10-23 23:55:00,buy,17.1,True,2500.0,2500.0,5000.0,2022-10
2022-10-24 06:00:00,sell,19.0,True,2500.0,2500.0,5000.0,2022-10
2022-10-24 06:30:00,buy,16.9,True,2500.0,2500.0,5000.0,2022-10
2022-10-24 08:30:00,buy,18.6,False,2500.0,0.0,2500.0,2022-10
2022-10-24 11:05:00,buy,17.1,False,2500.0,0.0,2500.0,2022-10
2022-10-24 11:45:00,sell,23.8,False,1670.0,0.0,1670.0,2022-10
2022-10-24 12:40:00,sell,15.5,False,2500.0,0.0,2500.0,2022-10
2022-10-24 12:55:00,sell,22.8,False,2500.0,0.0,2500.0,2022-10
2022-10-24 13:45:00,sell,21.5,True,-5000.0,2500.0,-2500.0,2022-10
2022-10-24 14:25:00,sell,17.6,True,-5000.0,-5000.0,-10000.0,2022-10
2022-10-25 09:45:00,buy,17.4,False,2500.0,0.0,2500.0,2022-10
2022-10-25 12:45:00,sell,17.9,False,-5000.0,0.0,-5000.0,2022-10
2022-10-25 13:15:00,sell,23.9,False,2500.0,0.0,2500.0,2022-10
2022-10-25 13:30:00,sell,17.7,False,-5000.0,0.0,-5000.0,2022-10
2022-10-25 14:35:00,sell,16.7,False,2500.0,0.0,2500.0,2022-10
2022-10-25 15:55:00,buy,16.4,True,2500.0,2500.0,5000.0,2022-10
2022-10-26 07:15:00,sell,25.3,True,-5000.0,-5000.0,-10000.0,2022-10
2022-10-26 07:40:00,sell,29.5,False,2500.0,0.0,2500.0,2022-10
2022-10-26 08:30:00,sell,16.7,True,-5000.0,-5000.0,-10000.0,2022-10
2022-10-26 14:20:00,buy,21.2,False,2500.0,0.0,2500.0,2022-10
2022-10-27 13:35:00,sell,21.6,True,2500.0,-5000.0,-2500.0,2022-10
2022-10-27 14:00:00,sell,17.9,True,-5000.0,-5000.0,-10000.0,2022-10
2022-10-28 07:10:00,buy,17.6,False,185.0,0.0,185.0,2022-10
2022-10-28 12:35:00,buy,16.5,False,2500.0,0.0,2500.0,2022-10
2022-10-28 13:00:00,sell,19.1,True,-5000.0,2500.0,-2500.0,2022-10
2022-10-31 11:55:00,sell,21.3,False,2500.0,0.0,2500.0,2022-10
2022-10-31 15:20:00,sell,20.6,True,2500.0,2500.0,5000.0,2022-10
2022-10-31 15:45:00,sell,18.3,True,2500.0,-5000.0,-2500.0,2022-10
2022-11-01 08:00:00,sell,15.8,True,4098.0,2500.0,6598.0,2022-11
2022-11-01 11:35:00,buy,17.1,False,2500.0,0.0,2500.0,2022-11
2022-11-01 14:00:00,buy,31.0,True,-5000.0,2500.0,-2500.0,2022-11
2022-11-01 14:35:00,buy,22.9,True,-5000.0,2500.0,-2500.0,2022-11
2022-11-02 18:00:00,sell,72.9,False,1408.0,0.0,1408.0,2022-11
2022-11-02 18:45:00,buy,31.6,True,-5000.0,2500.0,-2500.0,2022-11
2022-11-02 19:05:00,sell,27.9,False,2500.0,0.0,2500.0,2022-11
2022-11-02 19:20:00,buy,23.7,True,-4103.0,-5000.0,-9103.0,2022-11
2022-11-03 09:45:00,buy,18.9,True,2500.0,-5000.0,-2500.0,2022-11
2022-11-03 12:00:00,buy,18.1,True,2500.0,-5000.0,-2500.0,2022-11
2022-11-03 12:30:00,buy,25.8,True,-5000.0,-5000.0,-10000.0,2022-11
2022-11-03 12:55:00,buy,15.4,False,2500.0,0.0,2500.0,2022-11
2022-11-03 14:10:00,sell,17.2,True,-5000.0,-5000.0,-10000.0,2022-11
2022-11-03 14:30:00,buy,19.2,False,2500.0,0.0,2500.0,2022-11
2022-11-03 16:35:00,buy,16.7,False,2500.0,0.0,2500.0,2022-11
2022-11-04 08:00:00,sell,17.2,True,2500.0,2500.0,5000.0,2022-11
2022-11-04 12:30:00,buy,17.7,False,2500.0,0.0,2500.0,2022-11
2022-11-04 12:45:00,sell,16.9,True,-5000.0,-5000.0,-10000.0,2022-11
2022-11-04 13:40:00,buy,18.1,True,2500.0,-5000.0,-2500.0,2022-11
2022-11-04 13:55:00,sell,17.8,True,-5000.0,-5000.0,-10000.0,2022-11
2022-11-04 15:25:00,buy,20.3,False,2500.0,0.0,2500.0,2022-11
2022-11-04 16:05:00,sell,19.0,False,-5000.0,0.0,-5000.0,2022-11
2022-11-06 23:10:00,sell,16.2,False,2500.0,0.0,2500.0,2022-11
2022-11-07 08:10:00,sell,21.9,True,-5000.0,-5000.0,-10000.0,2022-11
2022-11-07 08:50:00,sell,36.9,False,-5000.0,0.0,-5000.0,2022-11
2022-11-07 12:20:00,buy,23.0,False,2500.0,0.0,2500.0,2022-11
2022-11-07 13:20:00,buy,18.5,False,3315.0,0.0,3315.0,2022-11
2022-11-07 14:35:00,buy,16.3,False,2500.0,0.0,2500.0,2022-11
2022-11-07 15:20:00,buy,21.7,False,2500.0,0.0,2500.0,2022-11
2022-11-07 17:05:00,sell,25.0,False,-2100.0,0.0,-2100.0,2022-11
2022-11-08 08:15:00,buy,20.2,True,2500.0,2500.0,5000.0,2022-11
2022-11-08 09:55:00,sell,18.5,False,2500.0,0.0,2500.0,2022-11
2022-11-08 15:05:00,sell,23.0,True,-5000.0,-5000.0,-10000.0,2022-11
2022-11-08 15:40:00,sell,17.9,True,-2256.0,2500.0,244.0,2022-11
2022-11-08 16:40:00,sell,18.8,False,2500.0,0.0,2500.0,2022-11
2022-11-09 08:00:00,sell,26.2,True,-2281.0,2500.0,219.0,2022-11
2022-11-09 09:35:00,buy,21.0,True,-5000.0,-5000.0,-10000.0,2022-11
2022-11-09 11:00:00,sell,15.7,True,-5000.0,2500.0,-2500.0,2022-11
2022-11-09 13:10:00,buy,15.8,True,-5000.0,-5000.0,-10000.0,2022-11
2022-11-09 13:50:00,buy,18.0,False,-4515.0,0.0,-4515.0,2022-11
2022-11-09 15:00:00,sell,26.4,True,2500.0,-5000.0,-2500.0,2022-11
2022-11-09 15:45:00,sell,16.3,False,2500.0,0.0,2500.0,2022-11
2022-11-09 16:05:00,sell,17.2,True,2500.0,-5000.0,-2500.0,2022-11
2022-11-09 18:30:00,buy,19.7,False,2500.0,0.0,2500.0,2022-11
2022-11-10 02:30:00,sell,23.3,False,2500.0,0.0,2500.0,2022-11
2022-11-10 08:00:00,sell,19.4,False,2500.0,0.0,2500.0,2022-11
2022-11-10 10:05:00,sell,17.0,False,2500.0,0.0,2500.0,2022-11
2022-11-10 10:55:00,sell,24.8,False,2500.0,0.0,2500.0,2022-11
2022-11-10 12:40:00,sell,15.9,False,2500.0,0.0,2500.0,2022-11
2022-11-10 13:30:00,sell,148.4,True,-1995.0,-5000.0,-6995.0,2022-11
2022-11-10 14:45:00,sell,20.0,True,2500.0,2500.0,5000.0,2022-11
2022-11-10 15:20:00,sell,19.9,True,-3023.0,2500.0,-523.0,2022-11
2022-11-11 07:15:00,sell,16.4,True,-5000.0,2500.0,-2500.0,2022-11
2022-11-11 14:20:00,buy,18.8,False,2500.0,0.0,2500.0,2022-11
2022-11-11 14:45:00,sell,16.1,False,2500.0,0.0,2500.0,2022-11
2022-11-11 15:10:00,sell,17.2,True,2500.0,-5000.0,-2500.0,2022-11
2022-11-11 16:40:00,sell,16.5,True,-3333.0,-5000.0,-8333.0,2022-11
2022-11-11 18:15:00,sell,16.2,True,-5000.0,-5000.0,-10000.0,2022-11
2022-11-13 22:10:00,buy,19.2,True,-5000.0,57.0,-4943.0,2022-11
2022-11-14 08:10:00,sell,19.5,True,2500.0,2500.0,5000.0,2022-11
2022-11-14 09:00:00,buy,19.9,True,-1193.0,2500.0,1307.0,2022-11
2022-11-14 10:10:00,buy,20.2,False,2500.0,0.0,2500.0,2022-11
2022-11-14 14:40:00,buy,18.7,False,2500.0,0.0,2500.0,2022-11
2022-11-15 07:20:00,sell,18.3,False,2500.0,0.0,2500.0,2022-11
2022-11-15 12:25:00,sell,17.2,True,-5000.0,-5000.0,-10000.0,2022-11
2022-11-15 14:10:00,buy,18.8,True,2500.0,-5000.0,-2500.0,2022-11
2022-11-15 14:30:00,buy,18.4,True,-5000.0,-5000.0,-10000.0,2022-11
2022-11-15 15:15:00,buy,22.1,False,2500.0,0.0,2500.0,2022-11
2022-11-15 19:00:00,buy,23.1,False,2500.0,0.0,2500.0,2022-11
2022-11-15 19:20:00,sell,30.0,False,2500.0,0.0,2500.0,2022-11
2022-11-15 19:55:00,sell,23.5,False,745.0,0.0,745.0,2022-11
2022-11-16 05:05:00,sell,17.4,True,-5000.0,-5000.0,-10000.0,2022-11
2022-11-16 07:05:00,buy,22.1,True,-5000.0,2500.0,-2500.0,2022-11
2022-11-16 07:50:00,sell,20.0,True,2500.0,-5000.0,-2500.0,2022-11
2022-11-16 10:05:00,sell,18.9,False,-1082.0,0.0,-1082.0,2022-11
2022-11-16 13:30:00,buy,31.6,False,2500.0,0.0,2500.0,2022-11
2022-11-16 13:50:00,buy,16.4,False,2500.0,0.0,2500.0,2022-11
2022-11-16 14:05:00,sell,17.6,True,2500.0,2500.0,5000.0,2022-11
2022-11-16 16:45:00,sell,18.2,False,2500.0,0.0,2500.0,2022-11
2022-11-17 07:30:00,sell,16.4,True,-5000.0,2500.0,-2500.0,2022-11
2022-11-17 09:30:00,buy,19.7,True,-891.0,2500.0,1609.0,2022-11
2022-11-17 11:35:00,buy,43.0,False,2500.0,0.0,2500.0,2022-11
2022-11-17 11:50:00,sell,17.2,True,-5000.0,-5000.0,-10000.0,2022-11
2022-11-17 12:20:00,buy,20.1,True,-5000.0,-5000.0,-10000.0,2022-11
2022-11-17 13:45:00,buy,17.8,False,2500.0,0.0,2500.0,2022-11
2022-11-17 15:25:00,sell,19.1,False,2500.0,0.0,2500.0,2022-11
2022-11-17 16:55:00,sell,16.8,True,-5000.0,-119.0,-5119.0,2022-11
2022-11-18 07:20:00,buy,16.5,True,2500.0,-5000.0,-2500.0,2022-11
2022-11-18 09:15:00,sell,17.9,True,-5000.0,-5000.0,-10000.0,2022-11
2022-11-22 09:30:00,sell,16.5,True,-5000.0,2500.0,-2500.0,2022-11
2022-11-22 11:15:00,sell,18.2,False,2500.0,0.0,2500.0,2022-11
2022-11-23 13:30:00,sell,19.1,False,2500.0,0.0,2500.0,2022-11
2022-11-23 14:45:00,sell,30.1,True,-1337.0,2500.0,1163.0,2022-11
2022-11-23 19:00:00,sell,36.6,False,2500.0,0.0,2500.0,2022-11
2022-11-24 09:55:00,sell,18.1,True,-5000.0,-5000.0,-10000.0,2022-11
2022-11-25 07:55:00,buy,17.3,True,2500.0,2500.0,5000.0,2022-11
2022-11-25 09:35:00,buy,16.5,True,-5000.0,-5000.0,-10000.0,2022-11
2022-11-28 08:50:00,sell,20.0,False,2500.0,0.0,2500.0,2022-11
2022-11-28 14:00:00,buy,24.0,False,2500.0,0.0,2500.0,2022-11
2022-11-29 07:45:00,sell,17.8,True,-5000.0,-5000.0,-10000.0,2022-11
2022-11-29 09:45:00,buy,29.9,False,2500.0,0.0,2500.0,2022-11
2022-11-29 13:50:00,buy,23.1,False,2500.0,0.0,2500.0,2022-11
2022-11-29 14:15:00,buy,17.3,True,-5000.0,-5000.0,-10000.0,2022-11
2022-11-29 15:05:00,sell,21.8,False,-2391.0,0.0,-2391.0,2022-11
2022-11-30 09:50:00,sell,18.8,True,-5000.0,2500.0,-2500.0,2022-11
2022-11-30 15:00:00,buy,21.6,True,-5000.0,-5000.0,-10000.0,2022-11
2022-11-30 15:45:00,buy,20.1,False,-5000.0,0.0,-5000.0,2022-11
2022-11-30 17:30:00,buy,19.2,True,2500.0,2500.0,5000.0,2022-11
2022-11-30 18:30:00,sell,30.6,True,-5000.0,2500.0,-2500.0,2022-11
2022-11-30 19:05:00,buy,17.1,False,2500.0,0.0,2500.0,2022-11
2022-12-01 10:45:00,sell,17.4,True,2500.0,2500.0,5000.0,2022-12
2022-12-01 13:30:00,sell,23.2,True,2500.0,-5000.0,-2500.0,2022-12
2022-12-01 14:05:00,sell,22.9,True,-5000.0,2500.0,-2500.0,2022-12
2022-12-01 15:45:00,sell,18.5,False,2500.0,0.0,2500.0,2022-12
2022-12-01 23:10:00,sell,19.2,False,2500.0,0.0,2500.0,2022-12
2022-12-02 13:30:00,buy,108.4,False,648.0,0.0,648.0,2022-12
2022-12-02 14:20:00,sell,19.0,False,2500.0,0.0,2500.0,2022-12
2022-12-05 01:25:00,sell,23.9,True,554.0,-5000.0,-4446.0,2022-12
2022-12-05 10:15:00,buy,18.3,True,-5000.0,-5000.0,-10000.0,2022-12
2022-12-05 13:45:00,buy,30.8,False,-1461.0,0.0,-1461.0,2022-12
2022-12-05 15:00:00,buy,43.0,True,-244.0,2500.0,2256.0,2022-12
2022-12-06 15:55:00,sell,29.0,True,-5000.0,-5000.0,-10000.0,2022-12
2022-12-07 08:45:00,sell,17.1,True,-424.0,2500.0,2076.0,2022-12
2022-12-07 13:50:00,sell,18.6,True,2500.0,-5000.0,-2500.0,2022-12
2022-12-07 15:30:00,buy,17.9,True,-5000.0,2500.0,-2500.0,2022-12
2022-12-09 13:30:00,buy,21.5,True,2500.0,-5000.0,-2500.0,2022-12
2022-12-09 13:45:00,sell,20.2,False,2500.0,0.0,2500.0,2022-12
2022-12-09 15:35:00,sell,23.2,False,2500.0,0.0,2500.0,2022-12
2022-12-12 15:05:00,sell,16.8,True,326.0,2500.0,2826.0,2022-12
2022-12-13 07:00:00,sell,17.6,True,2500.0,2500.0,5000.0,2022-12
2022-12-13 13:30:00,sell,26.8,True,-5000.0,-5000.0,-10000.0,2022-12
2022-12-13 13:50:00,buy,21.5,True,2500.0,-5000.0,-2500.0,2022-12
2022-12-13 14:10:00,sell,27.8,False,2500.0,0.0,2500.0,2022-12
2022-12-13 15:35:00,buy,21.4,False,2500.0,0.0,2500.0,2022-12
2022-12-13 16:20:00,buy,25.9,False,-1647.0,0.0,-1647.0,2022-12
2022-12-14 19:00:00,buy,52.8,True,-3141.0,2500.0,-641.0,2022-12
2022-12-14 19:40:00,sell,37.8,True,-5000.0,-5000.0,-10000.0,2022-12
2022-12-15 08:35:00,buy,23.3,True,-5000.0,-5000.0,-10000.0,2022-12
2022-12-15 13:30:00,sell,17.9,False,2500.0,0.0,2500.0,2022-12
2022-12-15 14:05:00,sell,23.9,False,2500.0,0.0,2500.0,2022-12
2022-12-15 14:55:00,buy,17.3,True,-5000.0,-5000.0,-10000.0,2022-12
2022-12-16 09:10:00,buy,24.5,False,2500.0,0.0,2500.0,2022-12
2022-12-16 14:10:00,buy,22.7,False,2500.0,0.0,2500.0,2022-12
2022-12-16 14:45:00,sell,22.8,True,2500.0,-5000.0,-2500.0,2022-12
2022-12-16 15:05:00,buy,25.1,True,-1614.0,2500.0,886.0,2022-12
2022-12-19 09:55:00,buy,23.5,False,2500.0,0.0,2500.0,2022-12
2022-12-19 15:45:00,buy,18.8,True,2500.0,2500.0,5000.0,2022-12
2022-12-20 03:00:00,sell,48.2,True,2500.0,-5000.0,-2500.0,2022-12
2022-12-20 03:30:00,buy,18.5,True,-3514.0,-5000.0,-8514.0,2022-12
2022-12-20 06:50:00,sell,17.9,False,-3830.0,0.0,-3830.0,2022-12
2022-12-20 13:00:00,buy,18.7,True,2500.0,2500.0,5000.0,2022-12
2022-12-20 13:35:00,sell,16.9,False,4275.0,0.0,4275.0,2022-12
2022-12-22 10:40:00,buy,17.1,True,-4648.0,2500.0,-2148.0,2022-12
2022-12-22 13:30:00,buy,21.9,True,206.0,-5000.0,-4794.0,2022-12
2022-12-22 14:30:00,buy,19.6,False,2500.0,0.0,2500.0,2022-12
2022-12-23 13:30:00,buy,23.3,False,2500.0,0.0,2500.0,2022-12
2022-12-26 10:10:00,sell,18.9,True,26.0,2500.0,2526.0,2022-12
2022-12-28 15:50:00,buy,32.7,False,-1240.0,0.0,-1240.0,2022-12
2022-12-29 10:20:00,buy,20.4,False,1736.0,0.0,1736.0,2022-12
2022-12-29 14:55:00,buy,19.5,True,-5000.0,2500.0,-2500.0,2022-12
2022-12-30 07:55:00,sell,25.4,False,2500.0,0.0,2500.0,2022-12
2022-12-30 14:35:00,sell,21.8,False,2500.0,0.0,2500.0,2022-12
2022-12-30 15:25:00,buy,16.5,True,2500.0,2500.0,5000.0,2022-12
2023-01-01 23:15:00,sell,20.8,True,132.0,-5000.0,-4868.0,2023-01
2023-01-02 08:50:00,buy,18.9,True,2500.0,-5000.0,-2500.0,2023-01
2023-01-03 07:45:00,buy,16.7,True,-5000.0,-5000.0,-10000.0,2023-01
2023-01-03 08:05:00,buy,40.2,True,-2077.0,-5000.0,-7077.0,2023-01
2023-01-03 15:50:00,buy,27.2,False,-5000.0,0.0,-5000.0,2023-01
2023-01-04 08:05:00,sell,16.6,True,-5000.0,-5000.0,-10000.0,2023-01
2023-01-04 10:50:00,buy,16.9,False,2500.0,0.0,2500.0,2023-01
2023-01-04 11:15:00,buy,17.1,False,-5000.0,0.0,-5000.0,2023-01
2023-01-04 13:20:00,sell,18.7,True,-1099.0,-5000.0,-6099.0,2023-01
2023-01-04 14:50:00,sell,22.8,False,2500.0,0.0,2500.0,2023-01
2023-01-04 15:15:00,sell,20.5,False,2500.0,0.0,2500.0,2023-01
2023-01-05 13:15:00,buy,26.5,False,-5000.0,0.0,-5000.0,2023-01
2023-01-05 18:20:00,sell,21.9,False,-2237.0,0.0,-2237.0,2023-01
2023-01-06 07:00:00,sell,19.8,False,2500.0,0.0,2500.0,2023-01
2023-01-06 08:00:00,sell,21.3,False,2500.0,0.0,2500.0,2023-01
2023-01-06 13:40:00,sell,37.0,True,819.0,-5000.0,-4181.0,2023-01
2023-01-06 14:40:00,buy,22.8,False,2500.0,0.0,2500.0,2023-01
2023-01-06 15:00:00,sell,46.7,True,-5000.0,-5000.0,-10000.0,2023-01
2023-01-06 15:25:00,buy,26.7,False,2500.0,0.0,2500.0,2023-01
2023-01-06 15:45:00,sell,24.4,True,-3002.0,2500.0,-502.0,2023-01
2023-01-09 14:45:00,sell,20.2,True,2500.0,2500.0,5000.0,2023-01
2023-01-10 14:00:00,sell,21.6,True,-486.0,2500.0,2014.0,2023-01
2023-01-11 18:10:00,sell,17.0,False,2500.0,0.0,2500.0,2023-01
2023-01-12 13:30:00,sell,58.3,False,2500.0,0.0,2500.0,2023-01
2023-01-12 13:45:00,sell,42.8,True,2500.0,2500.0,5000.0,2023-01
2023-01-12 14:20:00,sell,28.2,False,2500.0,0.0,2500.0,2023-01
2023-01-12 14:40:00,buy,44.5,True,-5000.0,-5000.0,-10000.0,2023-01
2023-01-12 14:55:00,sell,17.2,True,-5000.0,2500.0,-2500.0,2023-01
2023-01-12 15:35:00,sell,19.2,False,2500.0,0.0,2500.0,2023-01
2023-01-13 14:05:00,sell,21.4,True,-1460.0,-5000.0,-6460.0,2023-01
2023-01-17 07:00:00,sell,22.7,False,-2059.0,0.0,-2059.0,2023-01
2023-01-17 13:05:00,buy,18.2,False,2500.0,0.0,2500.0,2023-01
2023-01-18 07:00:00,sell,25.1,False,-1034.0,0.0,-1034.0,2023-01
2023-01-18 11:35:00,sell,18.5,True,2500.0,-5000.0,-2500.0,2023-01
2023-01-18 13:55:00,buy,24.9,False,2500.0,0.0,2500.0,2023-01
2023-01-23 03:10:00,sell,17.9,False,2500.0,0.0,2500.0,2023-01
2023-01-23 07:15:00,buy,18.1,True,-414.0,-5000.0,-5414.0,2023-01
2023-01-23 15:00:00,buy,18.4,True,2500.0,2500.0,5000.0,2023-01
2023-01-24 09:30:00,buy,29.7,True,-5000.0,-5000.0,-10000.0,2023-01
2023-01-25 14:45:00,sell,25.2,False,-5000.0,0.0,-5000.0,2023-01
2023-01-26 15:50:00,buy,18.8,False,2500.0,0.0,2500.0,2023-01
2023-01-27 13:30:00,sell,18.6,False,2500.0,0.0,2500.0,2023-01
2023-01-27 14:45:00,sell,19.1,False,2500.0,0.0,2500.0,2023-01
2023-01-31 15:05:00,buy,16.8,False,2500.0,0.0,2500.0,2023-01
2023-02-01 19:00:00,buy,17.8,False,2500.0,0.0,2500.0,2023-02
2023-02-01 19:35:00,sell,32.8,True,-5000.0,-28.0,-5028.0,2023-02
2023-02-02 12:00:00,sell,18.2,False,2500.0,0.0,2500.0,2023-02
2023-02-02 12:15:00,buy,21.8,False,2500.0,0.0,2500.0,2023-02
2023-02-02 12:30:00,sell,21.9,False,2500.0,0.0,2500.0,2023-02
2023-02-02 13:20:00,sell,19.9,False,2500.0,0.0,2500.0,2023-02
2023-02-02 14:35:00,buy,17.9,True,-5000.0,2500.0,-2500.0,2023-02
2023-02-02 15:05:00,buy,19.9,False,2500.0,0.0,2500.0,2023-02
2023-02-02 15:30:00,sell,18.9,True,-529.0,-5000.0,-5529.0,2023-02
2023-02-03 13:30:00,buy,74.0,True,-2909.0,-5000.0,-7909.0,2023-02
2023-02-03 15:00:00,buy,54.0,True,2500.0,2500.0,5000.0,2023-02
2023-02-06 11:55:00,sell,17.1,False,-2339.0,0.0,-2339.0,2023-02
2023-02-07 08:05:00,buy,25.1,False,2500.0,0.0,2500.0,2023-02
2023-02-07 17:40:00,sell,23.7,True,-5000.0,-5000.0,-10000.0,2023-02
2023-02-07 18:00:00,buy,17.6,True,-5000.0,-5000.0,-10000.0,2023-02
2023-02-09 08:20:00,sell,23.3,False,311.0,0.0,311.0,2023-02
2023-02-10 09:15:00,buy,17.5,False,2500.0,0.0,2500.0,2023-02
2023-02-10 14:45:00,sell,16.9,False,2500.0,0.0,2500.0,2023-02
2023-02-10 15:45:00,buy,20.1,False,2500.0,0.0,2500.0,2023-02
2023-02-13 12:15:00,sell,17.0,True,-5000.0,-5000.0,-10000.0,2023-02
2023-02-14 07:00:00,sell,23.2,False,2500.0,0.0,2500.0,2023-02
2023-02-14 13:30:00,sell,28.8,False,2500.0,0.0,2500.0,2023-02
2023-02-14 13:45:00,sell,32.7,False,2500.0,0.0,2500.0,2023-02
2023-02-14 14:05:00,buy,17.5,True,-5000.0,2500.0,-2500.0,2023-02
2023-02-14 14:25:00,buy,19.5,True,2500.0,2500.0,5000.0,2023-02
2023-02-14 14:45:00,sell,21.8,False,-5000.0,0.0,-5000.0,2023-02
2023-02-14 15:35:00,buy,21.2,True,-5000.0,-5000.0,-10000.0,2023-02
2023-02-14 15:50:00,buy,17.7,False,2500.0,0.0,2500.0,2023-02
2023-02-14 16:15:00,sell,17.5,True,2500.0,-5000.0,-2500.0,2023-02
2023-02-14 18:00:00,sell,16.7,False,2500.0,0.0,2500.0,2023-02
2023-02-15 07:00:00,buy,28.9,True,-2790.0,-5000.0,-7790.0,2023-02
2023-02-15 11:55:00,buy,17.9,False,2500.0,0.0,2500.0,2023-02
2023-02-15 13:30:00,buy,23.8,True,2500.0,2500.0,5000.0,2023-02
2023-02-15 13:55:00,buy,18.0,False,2500.0,0.0,2500.0,2023-02
2023-02-15 14:20:00,buy,17.8,False,2500.0,0.0,2500.0,2023-02
2023-02-16 13:30:00,buy,21.3,True,-5000.0,-5000.0,-10000.0,2023-02
2023-02-17 08:00:00,buy,19.1,False,-144.0,0.0,-144.0,2023-02
2023-02-17 13:45:00,sell,16.5,False,2500.0,0.0,2500.0,2023-02
2023-02-17 15:00:00,sell,27.0,True,-5000.0,-5000.0,-10000.0,2023-02
2023-02-17 15:20:00,buy,20.2,True,2500.0,2500.0,5000.0,2023-02
2023-02-17 16:35:00,sell,16.9,True,-5414.0,-5000.0,-10414.0,2023-02
2023-02-21 09:30:00,sell,60.8,True,-1817.0,2500.0,683.0,2023-02
2023-02-21 10:10:00,sell,19.2,False,2500.0,0.0,2500.0,2023-02
2023-02-21 15:00:00,sell,21.4,True,2500.0,2500.0,5000.0,2023-02
2023-02-21 15:25:00,sell,18.5,True,-5000.0,-5000.0,-10000.0,2023-02
2023-02-23 14:45:00,sell,21.1,False,2500.0,0.0,2500.0,2023-02
2023-02-24 13:30:00,buy,17.7,True,2500.0,2500.0,5000.0,2023-02
2023-02-24 14:00:00,buy,20.1,True,3809.0,-5000.0,-1191.0,2023-02
2023-02-24 14:40:00,buy,23.0,False,2500.0,0.0,2500.0,2023-02
2023-02-27 15:15:00,sell,19.2,False,2500.0,0.0,2500.0,2023-02
2023-02-28 08:50:00,sell,16.9,True,-5000.0,-5000.0,-10000.0,2023-02
2023-02-28 15:35:00,buy,18.8,False,2500.0,0.0,2500.0,2023-02
2023-02-28 22:15:00,sell,17.7,False,2500.0,0.0,2500.0,2023-02
2023-03-01 10:30:00,buy,26.3,True,2500.0,-5000.0,-2500.0,2023-03
2023-03-01 14:40:00,buy,17.3,False,2500.0,0.0,2500.0,2023-03
2023-03-01 15:05:00,buy,21.3,False,2500.0,0.0,2500.0,2023-03
2023-03-02 13:30:00,buy,22.1,False,2500.0,0.0,2500.0,2023-03
2023-03-07 07:10:00,sell,16.9,True,2618.0,2500.0,5118.0,2023-03
2023-03-07 09:40:00,buy,16.7,True,-1426.0,2500.0,1074.0,2023-03
2023-03-07 15:00:00,buy,61.0,True,-1235.0,2500.0,1265.0,2023-03
2023-03-07 15:40:00,buy,19.4,False,2500.0,0.0,2500.0,2023-03
2023-03-08 15:20:00,sell,35.7,False,2500.0,0.0,2500.0,2023-03
2023-03-09 08:35:00,sell,18.9,False,2500.0,0.0,2500.0,2023-03
2023-03-10 07:30:00,sell,16.4,False,2500.0,0.0,2500.0,2023-03
2023-03-10 13:30:00,sell,44.5,False,2500.0,0.0,2500.0,2023-03
2023-03-10 14:10:00,buy,17.1,False,2500.0,0.0,2500.0,2023-03
2023-03-10 14:35:00,sell,20.5,True,-5000.0,2500.0,-2500.0,2023-03
2023-03-10 15:00:00,sell,18.8,False,2500.0,0.0,2500.0,2023-03
2023-03-10 16:10:00,buy,17.5,False,2500.0,0.0,2500.0,2023-03
2023-03-13 02:30:00,sell,21.0,False,-3986.0,0.0,-3986.0,2023-03
2023-03-13 08:25:00,buy,16.6,True,2500.0,2500.0,5000.0,2023-03
2023-03-13 12:50:00,buy,17.8,False,2500.0,0.0,2500.0,2023-03
2023-03-13 13:10:00,sell,25.8,True,2500.0,2500.0,5000.0,2023-03
2023-03-13 14:00:00,sell,19.9,True,2500.0,-5000.0,-2500.0,2023-03
2023-03-13 14:30:00,sell,25.1,False,-5000.0,0.0,-5000.0,2023-03
2023-03-13 16:10:00,buy,18.0,False,2500.0,0.0,2500.0,2023-03
2023-03-14 12:30:00,buy,17.1,False,2500.0,0.0,2500.0,2023-03
2023-03-14 12:50:00,sell,17.4,False,2500.0,0.0,2500.0,2023-03
2023-03-14 13:30:00,buy,23.8,True,1597.0,-5000.0,-3403.0,2023-03
2023-03-15 12:05:00,buy,27.3,False,2500.0,0.0,2500.0,2023-03
2023-03-15 16:00:00,buy,18.8,False,2500.0,0.0,2500.0,2023-03
2023-03-15 17:05:00,sell,17.2,True,-2435.0,2500.0,65.0,2023-03
2023-03-15 18:25:00,sell,26.6,True,-1917.0,2500.0,583.0,2023-03
2023-03-16 12:50:00,sell,19.6,False,2500.0,0.0,2500.0,2023-03
2023-03-16 13:20:00,buy,34.3,False,2500.0,0.0,2500.0,2023-03
2023-03-16 13:40:00,sell,18.0,True,-5000.0,-5000.0,-10000.0,2023-03
2023-03-16 14:00:00,buy,16.9,False,2500.0,0.0,2500.0,2023-03
2023-03-16 15:05:00,sell,17.4,False,2500.0,0.0,2500.0,2023-03
2023-03-20 08:10:00,buy,22.6,True,2500.0,2500.0,5000.0,2023-03
2023-03-22 07:00:00,sell,22.5,True,-2305.0,2500.0,195.0,2023-03
2023-03-22 18:00:00,sell,53.9,False,2500.0,0.0,2500.0,2023-03
2023-03-22 18:15:00,sell,19.0,False,2500.0,0.0,2500.0,2023-03
2023-03-22 18:40:00,sell,17.9,True,2500.0,2500.0,5000.0,2023-03
2023-03-22 19:00:00,buy,32.1,False,2500.0,0.0,2500.0,2023-03
2023-03-22 19:30:00,buy,18.7,True,-5000.0,-5000.0,-10000.0,2023-03
2023-03-24 08:05:00,buy,27.3,False,-293.0,0.0,-293.0,2023-03
2023-03-24 13:45:00,buy,17.0,False,2500.0,0.0,2500.0,2023-03
2023-03-27 13:40:00,sell,18.1,False,-720.0,0.0,-720.0,2023-03
2023-03-31 12:30:00,sell,18.0,True,2500.0,-5000.0,-2500.0,2023-03
2023-03-31 14:50:00,buy,25.6,False,2500.0,0.0,2500.0,2023-03
2023-04-04 07:40:00,sell,26.8,True,-2211.0,-5000.0,-7211.0,2023-04
2023-04-05 14:40:00,buy,27.7,False,2500.0,0.0,2500.0,2023-04
2023-04-06 12:45:00,buy,17.5,True,-5000.0,-5000.0,-10000.0,2023-04
2023-04-07 12:30:00,buy,23.1,True,2500.0,2500.0,5000.0,2023-04
2023-04-12 12:30:00,sell,54.9,False,1070.0,0.0,1070.0,2023-04
2023-04-14 12:30:00,buy,37.0,False,2500.0,0.0,2500.0,2023-04
2023-04-19 06:00:00,sell,26.2,False,2500.0,0.0,2500.0,2023-04
2023-04-20 12:30:00,sell,26.2,False,-2844.0,0.0,-2844.0,2023-04
2023-04-21 13:45:00,buy,28.7,True,2500.0,2500.0,5000.0,2023-04
2023-04-25 14:10:00,buy,17.6,False,2500.0,0.0,2500.0,2023-04
2023-04-26 13:20:00,sell,31.1,False,2500.0,0.0,2500.0,2023-04
2023-04-27 12:30:00,buy,23.6,True,763.0,-5000.0,-4237.0,2023-04
2023-04-28 08:00:00,buy,23.6,False,-2123.0,0.0,-2123.0,2023-04
2023-04-28 14:50:00,sell,17.5,True,-4214.0,-5000.0,-9214.0,2023-04
2023-05-01 14:00:00,buy,17.4,False,-1379.0,0.0,-1379.0,2023-05
2023-05-02 14:30:00,sell,25.5,True,1049.0,2500.0,3549.0,2023-05
2023-05-03 14:00:00,sell,19.2,False,-456.0,0.0,-456.0,2023-05
2023-05-05 12:30:00,buy,17.7,True,-5000.0,2500.0,-2500.0,2023-05
2023-05-10 12:30:00,sell,29.9,True,-5000.0,-5000.0,-10000.0,2023-05
2023-05-11 11:00:00,sell,22.8,True,-2072.0,2500.0,428.0,2023-05
2023-05-11 13:00:00,buy,20.5,True,-5000.0,-5000.0,-10000.0,2023-05
2023-05-16 13:40:00,sell,21.1,False,2500.0,0.0,2500.0,2023-05
2023-05-18 12:30:00,buy,20.5,True,2500.0,2500.0,5000.0,2023-05
2023-05-19 15:15:00,sell,27.2,False,2500.0,0.0,2500.0,2023-05
2023-05-25 12:30:00,buy,18.0,True,-1181.0,-5000.0,-6181.0,2023-05
2023-05-25 13:35:00,buy,19.2,True,2500.0,2500.0,5000.0,2023-05
2023-05-26 12:30:00,buy,20.9,True,2500.0,2500.0,5000.0,2023-05
2023-05-30 09:15:00,sell,17.4,True,-5000.0,-5000.0,-10000.0,2023-05
2023-05-31 14:00:00,buy,29.1,True,2500.0,-5000.0,-2500.0,2023-05
2023-06-05 14:00:00,sell,30.6,True,-155.0,-5000.0,-5155.0,2023-06
2023-06-13 06:00:00,sell,28.2,False,-647.0,0.0,-647.0,2023-06
2023-06-14 18:00:00,buy,31.4,True,1010.0,2500.0,3510.0,2023-06
2023-06-15 12:30:00,sell,17.9,False,-2514.0,0.0,-2514.0,2023-06
2023-06-22 11:35:00,buy,19.1,False,2500.0,0.0,2500.0,2023-06
2023-06-22 12:10:00,sell,17.5,True,2500.0,2500.0,5000.0,2023-06
2023-06-28 11:40:00,buy,19.6,True,-5000.0,-5000.0,-10000.0,2023-06
2023-06-29 12:30:00,buy,34.7,False,-2706.0,0.0,-2706.0,2023-06
2023-07-06 07:20:00,sell,20.1,False,2500.0,0.0,2500.0,2023-07
2023-07-06 12:15:00,buy,23.1,True,-2251.0,2500.0,249.0,2023-07
2023-07-06 14:05:00,buy,18.6,True,-5000.0,-5000.0,-10000.0,2023-07
2023-07-07 12:25:00,sell,27.3,True,2500.0,2500.0,5000.0,2023-07
2023-07-11 06:00:00,sell,29.2,False,146.0,0.0,146.0,2023-07
2023-07-12 12:30:00,sell,34.2,True,-2665.0,2500.0,-165.0,2023-07
2023-07-14 14:00:00,buy,23.2,False,2500.0,0.0,2500.0,2023-07
2023-07-18 12:30:00,buy,19.5,False,2500.0,0.0,2500.0,2023-07
2023-07-19 06:00:00,buy,61.9,True,-2587.0,-5000.0,-7587.0,2023-07
2023-07-20 07:35:00,buy,20.1,False,2500.0,0.0,2500.0,2023-07
2023-07-20 14:05:00,buy,17.6,False,-3437.0,0.0,-3437.0,2023-07
2023-07-21 11:55:00,buy,17.8,False,2500.0,0.0,2500.0,2023-07
2023-07-24 07:30:00,buy,21.1,False,1185.0,0.0,1185.0,2023-07
2023-07-24 08:30:00,buy,18.9,True,1592.0,-5000.0,-3408.0,2023-07
2023-07-26 18:35:00,sell,32.4,True,649.0,2500.0,3149.0,2023-07
2023-08-03 11:00:00,buy,28.5,False,2500.0,0.0,2500.0,2023-08
2023-08-03 11:15:00,sell,22.6,False,2500.0,0.0,2500.0,2023-08
2023-08-03 11:35:00,sell,20.9,False,2500.0,0.0,2500.0,2023-08
2023-08-03 14:00:00,sell,17.5,True,-5000.0,2500.0,-2500.0,2023-08
2023-08-04 12:40:00,sell,23.9,True,-5000.0,-5000.0,-10000.0,2023-08
2023-08-10 12:25:00,sell,20.4,False,2500.0,0.0,2500.0,2023-08
2023-08-11 06:00:00,sell,17.9,True,-5000.0,-5000.0,-10000.0,2023-08
2023-08-11 12:30:00,buy,29.9,True,117.0,2500.0,2617.0,2023-08
2023-08-15 06:00:00,sell,28.6,False,2500.0,0.0,2500.0,2023-08
2023-08-15 12:40:00,sell,21.0,True,-5000.0,2500.0,-2500.0,2023-08
2023-08-17 08:55:00,buy,19.1,True,-1044.0,-5000.0,-6044.0,2023-08
2023-08-23 07:30:00,buy,33.0,True,508.0,2500.0,3008.0,2023-08
2023-08-23 08:30:00,buy,48.0,False,-1113.0,0.0,-1113.0,2023-08
2023-08-23 13:55:00,sell,18.1,False,2500.0,0.0,2500.0,2023-08
2023-08-25 14:00:00,sell,35.4,False,2500.0,0.0,2500.0,2023-08
2023-08-25 14:15:00,buy,24.2,True,-5000.0,-5000.0,-10000.0,2023-08
2023-08-25 15:25:00,sell,19.0,True,-726.0,-5000.0,-5726.0,2023-08
2023-08-29 14:00:00,sell,50.7,True,2833.0,-5000.0,-2167.0,2023-08
2023-08-30 12:30:00,sell,21.8,False,-5000.0,0.0,-5000.0,2023-08
2023-09-01 12:30:00,sell,38.8,False,2500.0,0.0,2500.0,2023-09
2023-09-01 13:35:00,buy,18.5,True,-5000.0,-5000.0,-10000.0,2023-09
2023-09-06 14:00:00,buy,42.4,False,2500.0,0.0,2500.0,2023-09
2023-09-13 06:00:00,buy,33.1,False,242.0,0.0,242.0,2023-09
2023-09-14 12:30:00,buy,36.1,False,2500.0,0.0,2500.0,2023-09
2023-09-15 14:00:00,sell,26.9,True,2500.0,-5000.0,-2500.0,2023-09
2023-09-20 06:00:00,buy,40.4,False,1323.0,0.0,1323.0,2023-09
2023-09-20 18:00:00,buy,48.9,False,2500.0,0.0,2500.0,2023-09
2023-09-21 11:00:00,buy,40.5,True,2500.0,2500.0,5000.0,2023-09
2023-09-22 07:15:00,buy,24.3,False,2500.0,0.0,2500.0,2023-09
2023-09-28 12:40:00,buy,18.2,True,-1291.0,2500.0,1209.0,2023-09
2023-09-29 12:35:00,sell,20.6,True,2500.0,2500.0,5000.0,2023-09
2023-10-03 14:00:00,buy,35.8,True,2500.0,2500.0,5000.0,2023-10
2023-10-04 12:15:00,sell,21.4,False,-5000.0,0.0,-5000.0,2023-10
2023-10-04 14:00:00,buy,20.5,True,-5000.0,-5000.0,-10000.0,2023-10
2023-10-06 12:30:00,buy,78.1,False,695.0,0.0,695.0,2023-10
2023-10-06 14:20:00,sell,17.1,True,-5000.0,-5000.0,-10000.0,2023-10
2023-10-06 15:20:00,sell,17.2,True,-5000.0,-5000.0,-10000.0,2023-10
2023-10-11 07:40:00,sell,17.1,False,2500.0,0.0,2500.0,2023-10
2023-10-12 12:30:00,buy,39.8,True,-1349.0,-5000.0,-6349.0,2023-10
2023-10-17 12:30:00,buy,30.7,True,2500.0,2500.0,5000.0,2023-10
2023-10-18 06:00:00,sell,17.1,True,1140.0,2500.0,3640.0,2023-10
2023-10-18 14:25:00,buy,17.0,True,-691.0,-5000.0,-5691.0,2023-10
2023-10-19 16:00:00,sell,38.1,False,2500.0,0.0,2500.0,2023-10
2023-10-30 07:30:00,buy,16.9,False,-3062.0,0.0,-3062.0,2023-10
2023-10-31 12:30:00,buy,19.7,True,-2360.0,-5000.0,-7360.0,2023-10
2023-11-01 18:30:00,sell,16.9,False,2500.0,0.0,2500.0,2023-11
2023-11-03 12:30:00,sell,39.3,True,-5000.0,-5000.0,-10000.0,2023-11
2023-11-09 18:00:00,buy,25.3,True,2500.0,-5000.0,-2500.0,2023-11
2023-11-14 13:30:00,sell,89.8,True,-2506.0,-5000.0,-7506.0,2023-11
2023-11-14 14:30:00,sell,17.8,False,-2451.0,0.0,-2451.0,2023-11
2023-11-14 15:45:00,buy,19.2,False,2500.0,0.0,2500.0,2023-11
2023-11-15 13:30:00,buy,21.4,True,-1086.0,-5000.0,-6086.0,2023-11
2023-11-17 07:00:00,buy,24.2,True,-1570.0,2500.0,930.0,2023-11
2023-11-22 15:00:00,buy,17.9,False,-4454.0,0.0,-4454.0,2023-11
2023-11-23 09:30:00,sell,32.7,True,-2034.0,-5000.0,-7034.0,2023-11
2023-11-28 14:20:00,sell,19.4,True,698.0,2500.0,3198.0,2023-11
2023-11-29 15:05:00,buy,26.1,True,-374.0,-5000.0,-5374.0,2023-11
2023-11-30 13:30:00,buy,18.0,False,-5000.0,0.0,-5000.0,2023-11
2023-11-30 15:55:00,sell,23.6,False,2500.0,0.0,2500.0,2023-11
2023-12-05 15:00:00,sell,33.8,False,2500.0,0.0,2500.0,2023-12
2023-12-08 13:30:00,buy,43.7,False,2500.0,0.0,2500.0,2023-12
2023-12-08 13:50:00,buy,19.9,True,-5000.0,-5000.0,-10000.0,2023-12
2023-12-12 14:30:00,buy,25.3,True,2500.0,2500.0,5000.0,2023-12
2023-12-13 07:00:00,buy,28.0,False,660.0,0.0,660.0,2023-12
2023-12-13 19:00:00,sell,54.2,True,-3584.0,-5000.0,-8584.0,2023-12
2023-12-13 19:40:00,sell,22.2,False,2500.0,0.0,2500.0,2023-12
2023-12-14 12:00:00,sell,45.4,False,-1200.0,0.0,-1200.0,2023-12
2023-12-14 14:20:00,buy,22.1,True,2500.0,2500.0,5000.0,2023-12
2023-12-15 09:30:00,sell,17.7,False,-5000.0,0.0,-5000.0,2023-12
2023-12-20 07:00:00,buy,36.4,False,-3067.0,0.0,-3067.0,2023-12
2023-12-21 13:30:00,sell,17.7,True,-5000.0,-5000.0,-10000.0,2023-12
2023-12-22 07:00:00,sell,17.7,False,2500.0,0.0,2500.0,2023-12
2023-12-22 13:30:00,buy,18.1,False,2500.0,0.0,2500.0,2023-12
2023-12-28 16:15:00,buy,17.9,True,-573.0,-5000.0,-5573.0,2023-12
