pair,strategy,direction,entry_time,entry_price,partial_exit_time,partial_exit_price,partial_pnl_pct,exit_time,exit_price,exit_reason,pnl_pct
USDJPY,MEAN_REVERSION,LONG,2026-03-23 00:05:00+00:00,159.0838123535156,,,,2026-03-23 00:25:00+00:00,159.18315333862304,midline,0.06244569050599669
USDJPY,MEAN_REVERSION,SHORT,2026-03-23 23:45:00+00:00,158.43431021728517,,,,2026-03-24 00:50:00+00:00,158.48269422912597,midline,-0.03053884715655819
USDJPY,MEAN_REVERSION,SHORT,2026-03-25 04:05:00+00:00,158.8422181213379,,,,2026-03-25 06:35:00+00:00,158.98578554992676,midline,-0.09038367147402582
USDJPY,MEAN_REVERSION,SHORT,2026-03-25 07:30:00+00:00,159.05318971252441,,,,2026-03-25 08:05:00+00:00,159.03079271850586,midline,0.014081449142289149
USDJPY,MEAN_REVERSION,LONG,2026-03-25 21:05:00+00:00,159.42688327331544,,,,2026-03-25 21:50:00+00:00,159.42311083068847,midline,-0.0023662525099332754
USDJPY,MEAN_REVERSION,LONG,2026-03-27 00:50:00+00:00,159.56790268249512,,,,2026-03-27 02:15:00+00:00,159.53308944091796,midline,-0.021817195684037394
USDJPY,MEAN_REVERSION,LONG,2026-03-30 15:40:00+00:00,159.4328811767578,,,,2026-03-30 17:05:00+00:00,159.43411021728517,midline,0.0007708827177266286
USDJPY,TREND,SHORT,2026-03-31 16:40:00+00:00,158.87721478271484,,,,2026-03-31 16:45:00+00:00,158.9807949279785,state_change,-0.0651950913196142
USDJPY,MEAN_REVERSION,LONG,2026-04-03 03:55:00+00:00,159.6029133453369,,,,2026-04-03 04:55:00+00:00,159.58207561340333,midline,-0.013055984691512368
USDJPY,MEAN_REVERSION,SHORT,2026-04-03 12:30:00+00:00,159.62506628112794,,,,2026-04-03 12:40:00+00:00,159.58891823730468,midline,0.022645593618486615
USDJPY,MEAN_REVERSION,LONG,2026-04-03 20:00:00+00:00,159.62591293945312,,,,2026-04-03 20:45:00+00:00,159.60306750793458,midline,-0.014311856451021399
USDJPY,MEAN_REVERSION,SHORT,2026-04-06 06:35:00+00:00,159.57408160705566,,,,2026-04-06 07:40:00+00:00,159.6029133453369,midline,-0.018067933082166476
USDJPY,MEAN_REVERSION,LONG,2026-04-07 08:10:00+00:00,159.66193088378907,,,,2026-04-07 09:45:00+00:00,159.56108371887208,midline,-0.06316293706255527
USDJPY,TREND,SHORT,2026-04-08 00:50:00+00:00,158.60427438659667,,,,2026-04-08 00:55:00+00:00,158.71873385925292,state_change,-0.07216670111755974
USDJPY,MEAN_REVERSION,LONG,2026-04-08 11:20:00+00:00,158.34365885925294,,,,2026-04-08 11:25:00+00:00,158.22434550476075,state_change,-0.07535088891575947
USDJPY,TREND,LONG,2026-04-08 13:35:00+00:00,158.3226585662842,,,,2026-04-08 13:40:00+00:00,158.20735061340332,state_change,-0.07283098573827029
USDJPY,MEAN_REVERSION,SHORT,2026-04-10 04:35:00+00:00,159.16016294250488,,,,2026-04-10 06:30:00+00:00,159.27985069885253,midline,-0.07519956887132029
USDJPY,TREND,SHORT,2026-04-14 09:10:00+00:00,158.92020545043945,,,,2026-04-14 09:15:00+00:00,158.90176911621094,state_change,0.011601000751448876
USDJPY,TREND,LONG,2026-04-14 12:00:00+00:00,158.87876952209473,,,,2026-04-14 12:05:00+00:00,158.80723671569825,state_change,-0.04502351485453637
USDJPY,MEAN_REVERSION,LONG,2026-04-15 05:15:00+00:00,158.94578426513672,,,,2026-04-15 05:55:00+00:00,158.9282147125244,midline,-0.011053802209060049
USDJPY,MEAN_REVERSION,SHORT,2026-04-15 20:55:00+00:00,159.00218978271485,,,,2026-04-15 21:05:00+00:00,159.00379452209472,midline,-0.001009256150541482
USDJPY,MEAN_REVERSION,LONG,2026-04-15 21:35:00+00:00,158.92177738952637,,,,2026-04-16 00:40:00+00:00,158.745237399292,state_change,-0.11108609099033107
USDJPY,MEAN_REVERSION,LONG,2026-04-17 06:40:00+00:00,159.46789183959962,,,,2026-04-17 08:00:00+00:00,159.21114761657716,state_change,-0.16100057513815935
USDJPY,TREND,SHORT,2026-04-17 13:35:00+00:00,158.05538821411133,,,,2026-04-17 13:40:00+00:00,158.22363974304199,state_change,-0.10645099216910481
USDJPY,TREND,LONG,2026-04-17 15:35:00+00:00,158.107619229126,,,,2026-04-17 15:40:00+00:00,158.1193707763672,state_change,0.0074326255107060035
USDJPY,TREND,LONG,2026-04-19 23:00:00+00:00,159.01079970703125,2026-04-19 23:05:00+00:00,158.99019877319336,-0.006477841088736724,2026-04-19 23:10:00+00:00,158.9292063354492,state_change_after_partial,-0.03213439137726426
USDJPY,MEAN_REVERSION,LONG,2026-04-21 05:00:00+00:00,158.9257759918213,,,,2026-04-21 07:00:00+00:00,158.8672222747803,midline,-0.036843436299482946
USDJPY,MEAN_REVERSION,LONG,2026-04-21 11:55:00+00:00,159.07781445007325,,,,2026-04-21 12:30:00+00:00,159.1321686645508,midline,0.03416831860900693
USDJPY,TREND,SHORT,2026-04-21 17:40:00+00:00,159.1471650543213,,,,2026-04-21 17:45:00+00:00,159.31885996398924,state_change,-0.10788436577511273
USDJPY,TREND,LONG,2026-04-21 19:35:00+00:00,159.46688455810548,,,,2026-04-21 19:45:00+00:00,159.5090921661377,state_change,0.026467945460395548
USDJPY,MEAN_REVERSION,LONG,2026-04-22 05:15:00+00:00,159.223839743042,,,,2026-04-22 07:15:00+00:00,159.2171431213379,midline,-0.00420579086328754
USDJPY,MEAN_REVERSION,SHORT,2026-04-23 00:05:00+00:00,159.495087399292,,,,2026-04-23 00:15:00+00:00,159.44889084777833,midline,0.028964247279927857
USDJPY,MEAN_REVERSION,SHORT,2026-04-24 03:00:00+00:00,159.78403106384278,,,,2026-04-24 03:55:00+00:00,159.8179526824951,midline,-0.021229667587219225
USDJPY,MEAN_REVERSION,SHORT,2026-04-29 01:00:00+00:00,159.6040743865967,,,,2026-04-29 01:40:00+00:00,159.61091054992676,midline,-0.004283201012467153
USDJPY,MEAN_REVERSION,SHORT,2026-04-29 05:05:00+00:00,159.63907104797363,,,,2026-04-29 06:35:00+00:00,159.70593077087403,midline,-0.04188180403550401
USDJPY,MEAN_REVERSION,LONG,2026-04-29 21:10:00+00:00,160.33505437316893,,,,2026-04-29 21:55:00+00:00,160.33692949523927,midline,0.001169502251197052
USDJPY,TREND,LONG,2026-04-30 12:40:00+00:00,157.13142610473633,,,,2026-04-30 12:45:00+00:00,156.8976150543213,state_change,-0.14879967439433983
USDJPY,MEAN_REVERSION,SHORT,2026-05-01 02:40:00+00:00,157.2445457763672,,,,2026-05-01 03:20:00+00:00,157.18743706054687,midline,0.03631840808110409
USDJPY,TREND,SHORT,2026-05-01 06:45:00+00:00,155.7738316772461,2026-05-01 06:50:00+00:00,155.72413176269532,0.01595258780491271,2026-05-01 07:10:00+00:00,156.3842674255371,state_change_after_partial,-0.17998396383482884
USDJPY,TREND,LONG,2026-05-01 13:45:00+00:00,156.77034621276854,,,,2026-05-01 14:00:00+00:00,156.36471689453126,state_change,-0.2587410999824957
USDJPY,TREND,SHORT,2026-05-06 07:50:00+00:00,156.21174761657716,2026-05-06 07:55:00+00:00,155.8421668395996,0.11829480900651945,2026-05-06 08:05:00+00:00,156.2202331604004,state_change_after_partial,0.11557877005531902
USDJPY,TREND,SHORT,2026-05-06 08:30:00+00:00,156.0777717315674,,,,2026-05-06 08:35:00+00:00,156.20922937316894,state_change,-0.0842257293547366
USDJPY,TREND,SHORT,2026-05-06 08:50:00+00:00,155.92381083068847,,,,2026-05-06 08:55:00+00:00,156.00719312438966,state_change,-0.05347630567580364
USDJPY,TREND,SHORT,2026-05-06 10:40:00+00:00,155.79183344726562,,,,2026-05-06 10:45:00+00:00,155.81315408020018,state_change,-0.013685334117186088
USDJPY,TREND,LONG,2026-05-06 11:40:00+00:00,156.10921853027344,,,,2026-05-06 11:45:00+00:00,156.03179093933105,state_change,-0.049598346382973
USDJPY,MEAN_REVERSION,LONG,2026-05-08 12:30:00+00:00,156.59130955810548,,,,2026-05-08 14:05:00+00:00,156.59167649841308,midline,0.00023432993097038946
EURJPY,MEAN_REVERSION,LONG,2026-03-23 00:05:00+00:00,183.9157736022949,,,,2026-03-23 00:55:00+00:00,184.09118038024903,midline,0.09537342802006243
EURJPY,MEAN_REVERSION,LONG,2026-03-23 03:35:00+00:00,184.0728026824951,,,,2026-03-23 04:15:00+00:00,184.06617622680665,state_change,-0.0035999102484973733
EURJPY,MEAN_REVERSION,LONG,2026-03-23 06:05:00+00:00,183.94478636169433,,,,2026-03-23 07:10:00+00:00,183.8942135559082,state_change,-0.027493470614969873
EURJPY,TREND,SHORT,2026-03-23 08:45:00+00:00,183.74723978271484,,,,2026-03-23 08:50:00+00:00,183.87076643371583,state_change,-0.06722639814729092
EURJPY,TREND,LONG,2026-03-23 11:10:00+00:00,183.58871235351563,,,,2026-03-23 11:15:00+00:00,183.46929550476074,state_change,-0.0650458556106348
EURJPY,MEAN_REVERSION,SHORT,2026-03-24 07:00:00+00:00,183.87122315979005,,,,2026-03-24 08:00:00+00:00,183.9437790802002,midline,-0.03946018260132522
EURJPY,MEAN_REVERSION,LONG,2026-03-24 21:00:00+00:00,184.12081643371582,,,,2026-03-24 21:05:00+00:00,184.18115871887207,midline,0.03277320094763336
EURJPY,MEAN_REVERSION,SHORT,2026-03-25 00:10:00+00:00,184.45710449523926,,,,2026-03-25 00:55:00+00:00,184.43287529296876,midline,0.013135412884646147
EURJPY,MEAN_REVERSION,SHORT,2026-03-25 04:20:00+00:00,184.34611900634766,,,,2026-03-25 04:45:00+00:00,184.32285268249512,midline,0.012621000093704371
EURJPY,MEAN_REVERSION,LONG,2026-03-29 23:00:00+00:00,184.36586054992677,,,,2026-03-30 00:05:00+00:00,183.96719700317382,state_change,-0.2162350152917769
EURJPY,TREND,LONG,2026-03-30 21:35:00+00:00,183.13061293945313,,,,2026-03-30 21:40:00+00:00,183.03739032592773,state_change,-0.050904986353217385
EURJPY,TREND,LONG,2026-03-31 06:30:00+00:00,183.1716215057373,,,,2026-03-31 06:35:00+00:00,183.0743702331543,state_change,-0.05309298011535457
EURJPY,TREND,LONG,2026-04-01 07:50:00+00:00,183.69172977905274,2026-04-01 07:55:00+00:00,183.79622595520019,0.02844335351219751,2026-04-01 08:00:00+00:00,183.82022322998048,state_change_after_partial,0.06341864910179851
EURJPY,TREND,LONG,2026-04-01 09:50:00+00:00,183.99478415222168,,,,2026-04-01 09:55:00+00:00,183.92921021728517,state_change,-0.03563901837687622
EURJPY,TREND,LONG,2026-04-01 13:30:00+00:00,184.20883146972656,,,,2026-04-01 13:35:00+00:00,184.0751771118164,state_change,-0.07255589042273192
EURJPY,MEAN_REVERSION,LONG,2026-04-02 21:00:00+00:00,184.0147924255371,,,,2026-04-02 21:20:00+00:00,184.06217922363282,midline,0.025751624351011415
EURJPY,MEAN_REVERSION,LONG,2026-04-03 18:35:00+00:00,183.82475198364259,,,,2026-04-03 20:45:00+00:00,183.76223617248536,midline,-0.03400837508693577
EURJPY,MEAN_REVERSION,LONG,2026-04-06 21:00:00+00:00,184.2548459197998,,,,2026-04-06 21:10:00+00:00,184.29813971252443,midline,0.023496691502744582
EURJPY,MEAN_REVERSION,SHORT,2026-04-07 00:10:00+00:00,184.311137600708,,,,2026-04-07 01:25:00+00:00,184.37787161865234,midline,-0.036207262791077
EURJPY,MEAN_REVERSION,SHORT,2026-04-09 00:50:00+00:00,185.11796777954103,,,,2026-04-09 02:45:00+00:00,185.19303706054686,midline,-0.04055213111200384
EURJPY,TREND,SHORT,2026-04-14 14:05:00+00:00,187.1845557220459,,,,2026-04-14 14:10:00+00:00,187.2844434173584,state_change,-0.053363214142954085
EURJPY,TREND,LONG,2026-04-19 23:00:00+00:00,186.71433735351562,,,,2026-04-19 23:05:00+00:00,186.69065122680664,state_change,-0.01268575677942918
EURJPY,TREND,LONG,2026-04-20 09:30:00+00:00,186.94637838134764,,,,2026-04-20 09:35:00+00:00,186.88362104797363,state_change,-0.033569697320368075
EURJPY,MEAN_REVERSION,LONG,2026-04-21 06:00:00+00:00,187.08341445007324,,,,2026-04-21 07:15:00+00:00,187.04658283386232,midline,-0.0196872696166972
EURJPY,MEAN_REVERSION,LONG,2026-04-22 00:50:00+00:00,187.07440996398924,,,,2026-04-22 02:00:00+00:00,187.05158671569825,midline,-0.01220009102013142
EURJPY,MEAN_REVERSION,LONG,2026-04-22 17:50:00+00:00,186.7813520965576,,,,2026-04-22 19:10:00+00:00,186.70364911499024,midline,-0.04160103816316374
EURJPY,MEAN_REVERSION,LONG,2026-04-22 20:55:00+00:00,186.65832639770508,,,,2026-04-22 21:55:00+00:00,186.61667615661622,midline,-0.022313626127834496
EURJPY,MEAN_REVERSION,LONG,2026-04-23 00:50:00+00:00,186.62232371520994,,,,2026-04-23 01:35:00+00:00,186.62766028747558,midline,0.0028595572916456646
EURJPY,MEAN_REVERSION,LONG,2026-04-24 14:20:00+00:00,186.72233455810547,,,,2026-04-24 15:00:00+00:00,186.73065177001953,midline,0.004454320868330086
EURJPY,MEAN_REVERSION,SHORT,2026-04-24 18:35:00+00:00,186.76264305114748,,,,2026-04-24 19:40:00+00:00,186.81234889526368,midline,-0.02661444671383517
EURJPY,MEAN_REVERSION,LONG,2026-04-28 06:30:00+00:00,186.25024003601075,,,,2026-04-28 07:10:00+00:00,186.3367181213379,midline,0.04643112691313789
EURJPY,MEAN_REVERSION,LONG,2026-04-29 17:55:00+00:00,187.17742738952637,,,,2026-04-29 19:15:00+00:00,187.10456989135741,midline,-0.03892429722166524
EURJPY,TREND,SHORT,2026-04-30 13:25:00+00:00,183.0303879425049,,,,2026-04-30 13:30:00+00:00,183.15661911621095,state_change,-0.06896733112193854
EURJPY,TREND,LONG,2026-04-30 14:55:00+00:00,183.79474720458984,,,,2026-04-30 15:05:00+00:00,183.79222895202636,state_change,-0.0013701439250946024
EURJPY,TREND,SHORT,2026-05-01 06:45:00+00:00,182.81842472839355,,,,2026-05-01 06:50:00+00:00,182.8765643371582,state_change,-0.03180183225570676
EURJPY,MEAN_REVERSION,LONG,2026-05-04 10:05:00+00:00,183.85275746154784,,,,2026-05-04 10:30:00+00:00,183.8912081756592,midline,0.020913863159965906
EURJPY,TREND,SHORT,2026-05-04 18:55:00+00:00,183.2813295654297,,,,2026-05-04 19:00:00+00:00,183.77974481506348,state_change,-0.27194000109860283
EURJPY,MEAN_REVERSION,LONG,2026-05-05 04:55:00+00:00,183.71073077087402,,,,2026-05-05 05:55:00+00:00,183.71625538024904,midline,0.003007232812057836
EURJPY,MEAN_REVERSION,LONG,2026-05-05 21:00:00+00:00,184.56690477905272,,,,2026-05-05 21:45:00+00:00,184.5730786102295,midline,0.003345036957824732
EURJPY,TREND,SHORT,2026-05-06 07:50:00+00:00,183.23335027160644,2026-05-06 07:55:00+00:00,182.9175729034424,0.08616809322538055,2026-05-06 08:05:00+00:00,183.30665827331543,state_change_after_partial,0.06616409242521382
EURJPY,TREND,SHORT,2026-05-06 10:20:00+00:00,183.46529850158691,,,,2026-05-06 10:25:00+00:00,183.5847137512207,state_change,-0.06508873918342761
EURJPY,TREND,LONG,2026-05-06 11:10:00+00:00,183.79375518493651,,,,2026-05-06 11:15:00+00:00,183.66426382751465,state_change,-0.07045471011328797
EURJPY,MEAN_REVERSION,SHORT,2026-05-08 04:35:00+00:00,184.00818916931152,,,,2026-05-08 07:30:00+00:00,184.18383257446288,midline,-0.09545412404974307
GBPJPY,TREND,LONG,2026-03-23 07:40:00+00:00,212.24344422912597,,,,2026-03-23 07:45:00+00:00,212.13456655273438,state_change,-0.051298487351181254
GBPJPY,TREND,LONG,2026-03-23 08:00:00+00:00,212.29045069885254,,,,2026-03-23 08:05:00+00:00,212.24054815979005,state_change,-0.023506728116229336
GBPJPY,TREND,LONG,2026-03-23 11:05:00+00:00,212.475485256958,,,,2026-03-23 11:10:00+00:00,212.0975713897705,state_change,-0.1778623386742506
GBPJPY,TREND,SHORT,2026-03-23 21:05:00+00:00,212.55147534179687,,,,2026-03-23 21:10:00+00:00,212.67852878723144,state_change,-0.05977537687293921
GBPJPY,MEAN_REVERSION,LONG,2026-03-26 17:50:00+00:00,212.86257132568358,,,,2026-03-26 18:55:00+00:00,212.8604192779541,midline,-0.0010110033511701033
GBPJPY,TREND,LONG,2026-03-27 20:40:00+00:00,212.73653904418944,,,,2026-03-27 20:45:00+00:00,212.58247500000002,state_change,-0.07242011404416937
GBPJPY,TREND,SHORT,2026-03-29 23:00:00+00:00,212.33353187866211,,,,2026-03-29 23:05:00+00:00,212.41547569885253,state_change,-0.03859202993772293
GBPJPY,TREND,SHORT,2026-03-30 14:15:00+00:00,210.22795027160646,,,,2026-03-30 14:20:00+00:00,210.33205128479003,state_change,-0.04951816019187483
GBPJPY,TREND,LONG,2026-03-31 06:30:00+00:00,210.8431550720215,,,,2026-03-31 06:35:00+00:00,210.7468436645508,state_change,-0.04567917200717364
GBPJPY,TREND,SHORT,2026-03-31 15:40:00+00:00,209.833025,,,,2026-03-31 15:45:00+00:00,209.89197610473633,state_change,-0.028094292943792176
GBPJPY,TREND,LONG,2026-03-31 16:40:00+00:00,210.07400408020018,,,,2026-03-31 16:50:00+00:00,209.97299638977051,state_change,-0.048081956104906176
GBPJPY,TREND,LONG,2026-04-01 05:05:00+00:00,210.44108187561034,,,,2026-04-01 05:10:00+00:00,210.427907220459,state_change,-0.006260495828058765
GBPJPY,TREND,SHORT,2026-04-01 07:00:00+00:00,210.19595899047852,,,,2026-04-01 07:05:00+00:00,210.28005419311523,state_change,-0.04000800160031126
GBPJPY,TREND,LONG,2026-04-01 15:30:00+00:00,211.38727022094727,,,,2026-04-01 15:35:00+00:00,211.2197410095215,state_change,-0.07925227060772144
GBPJPY,MEAN_REVERSION,LONG,2026-04-03 20:35:00+00:00,210.44108187561034,,,,2026-04-03 20:40:00+00:00,210.50888467407228,midline,0.032219373640174354
GBPJPY,MEAN_REVERSION,SHORT,2026-04-06 05:10:00+00:00,210.85181839294435,,,,2026-04-06 06:15:00+00:00,210.88717022094727,midline,-0.016766195460093947
GBPJPY,MEAN_REVERSION,SHORT,2026-04-07 00:10:00+00:00,211.36871328430178,,,,2026-04-07 01:20:00+00:00,211.44427319641113,midline,-0.03574791696239199
GBPJPY,MEAN_REVERSION,SHORT,2026-04-07 19:15:00+00:00,211.92859884338378,,,,2026-04-07 19:45:00+00:00,212.11841922912598,state_change,-0.08956808414632977
GBPJPY,MEAN_REVERSION,SHORT,2026-04-09 00:50:00+00:00,212.65945545043945,,,,2026-04-09 02:10:00+00:00,212.70453496398926,midline,-0.021197982217313616
GBPJPY,MEAN_REVERSION,SHORT,2026-04-09 07:05:00+00:00,212.7894343322754,,,,2026-04-09 07:15:00+00:00,212.72153665466308,midline,0.03190838766283788
GBPJPY,MEAN_REVERSION,SHORT,2026-04-10 06:00:00+00:00,213.7062431213379,,,,2026-04-10 06:50:00+00:00,213.7377463256836,midline,-0.014741358925940418
GBPJPY,MEAN_REVERSION,LONG,2026-04-10 20:55:00+00:00,214.41888228149415,,,,2026-04-10 21:00:00+00:00,214.36312465820313,state_change,-0.026004063960105572
GBPJPY,MEAN_REVERSION,SHORT,2026-04-15 11:45:00+00:00,215.45290299682617,,,,2026-04-15 11:50:00+00:00,215.60611614074708,state_change,-0.07111212788957211
GBPJPY,MEAN_REVERSION,SHORT,2026-04-17 00:50:00+00:00,215.40591532592774,,,,2026-04-17 01:10:00+00:00,215.38506363830567,midline,0.00968018338332044
GBPJPY,MEAN_REVERSION,LONG,2026-04-17 06:05:00+00:00,215.53809411621094,,,,2026-04-17 07:30:00+00:00,215.37491566772462,midline,-0.07570747489227259
GBPJPY,MEAN_REVERSION,SHORT,2026-04-23 06:35:00+00:00,215.3579207763672,,,,2026-04-23 07:30:00+00:00,215.30104720458985,midline,0.02640885999098952
GBPJPY,MEAN_REVERSION,LONG,2026-04-24 06:40:00+00:00,215.04199271850587,,,,2026-04-24 07:40:00+00:00,215.0429813354492,midline,0.00045973204156890546
GBPJPY,TREND,LONG,2026-04-30 12:40:00+00:00,212.18242738952637,,,,2026-04-30 12:45:00+00:00,211.98059039611817,state_change,-0.09512427390495626
GBPJPY,TREND,LONG,2026-04-30 13:45:00+00:00,212.02239172668456,,,,2026-04-30 13:50:00+00:00,211.97560177001952,state_change,-0.022068403381347856
GBPJPY,TREND,SHORT,2026-05-01 06:45:00+00:00,212.02059093933107,,,,2026-05-01 06:50:00+00:00,212.05140448608398,state_change,-0.0145332802896192
GBPJPY,TREND,SHORT,2026-05-04 18:55:00+00:00,212.1105692779541,,,,2026-05-04 19:00:00+00:00,212.6455174255371,state_change,-0.2522024948610424
GBPJPY,TREND,SHORT,2026-05-06 07:50:00+00:00,212.32453099365236,2026-05-06 07:55:00+00:00,211.91937430114746,0.09540976980116911,2026-05-06 08:05:00+00:00,212.3814723175049,state_change_after_partial,0.08200073892139503
GBPJPY,TREND,SHORT,2026-05-06 10:20:00+00:00,212.25853467407228,,,,2026-05-06 10:25:00+00:00,212.41046981506346,state_change,-0.07158022702100642
GBPJPY,TREND,LONG,2026-05-06 11:10:00+00:00,212.5745040802002,,,,2026-05-06 11:15:00+00:00,212.53048344726562,state_change,-0.020708331474206254
GBPJPY,MEAN_REVERSION,LONG,2026-05-06 21:05:00+00:00,212.4394825744629,,,,2026-05-06 22:00:00+00:00,212.41951321411133,midline,-0.009400023060479601
GBPJPY,MEAN_REVERSION,LONG,2026-05-07 06:40:00+00:00,212.51950040588378,,,,2026-05-07 07:00:00+00:00,212.54747833862305,midline,0.013164877898663718
AUDJPY,TREND,SHORT,2026-03-20 00:15:00+00:00,111.75464502716065,2026-03-20 00:20:00+00:00,111.69033286743164,0.028773819519262167,2026-03-20 00:25:00+00:00,111.7243438796997,state_change_after_partial,0.04233081639110625
AUDJPY,TREND,LONG,2026-03-20 01:00:00+00:00,111.94938735351562,,,,2026-03-20 01:05:00+00:00,111.87362452239991,state_change,-0.06767596760174355
AUDJPY,TREND,LONG,2026-03-20 01:30:00+00:00,111.98239108428955,,,,2026-03-20 01:35:00+00:00,111.95060497283936,state_change,-0.028384919398860564
AUDJPY,TREND,LONG,2026-03-23 07:45:00+00:00,111.1022178314209,,,,2026-03-23 07:55:00+00:00,110.94680796966553,state_change,-0.139880071513232
AUDJPY,TREND,LONG,2026-03-23 08:00:00+00:00,111.0642082168579,,,,2026-03-23 08:05:00+00:00,111.00379577636718,state_change,-0.05439415763246469
AUDJPY,TREND,SHORT,2026-03-23 09:10:00+00:00,110.91781444091797,,,,2026-03-23 09:15:00+00:00,110.96618904418945,state_change,-0.04361301519986149
AUDJPY,TREND,LONG,2026-03-23 11:05:00+00:00,111.34426299591064,,,,2026-03-23 11:50:00+00:00,111.02478767089843,state_change,-0.2869257170654005
AUDJPY,TREND,LONG,2026-03-23 12:40:00+00:00,111.38727086334228,,,,2026-03-23 12:50:00+00:00,111.38872091217041,state_change,0.001301808381604097
AUDJPY,TREND,LONG,2026-03-23 13:45:00+00:00,111.39827465057373,,,,2026-03-23 13:50:00+00:00,111.32373147125244,state_change,-0.06691591907962424
AUDJPY,TREND,LONG,2026-03-23 14:10:00+00:00,111.49929277496338,,,,2026-03-23 14:25:00+00:00,111.67765694885254,state_change,0.15996888361360373
AUDJPY,TREND,LONG,2026-03-23 15:00:00+00:00,111.75134207611083,,,,2026-03-23 15:15:00+00:00,111.42770694885255,state_change,-0.28960289983619436
AUDJPY,MEAN_REVERSION,LONG,2026-03-26 02:35:00+00:00,110.59311334533692,,,,2026-03-26 03:10:00+00:00,110.67585844726563,midline,0.07481939826607942
AUDJPY,TREND,SHORT,2026-03-26 14:40:00+00:00,110.28693630828857,,,,2026-03-26 14:45:00+00:00,110.31505786743163,state_change,-0.025498540520207946
AUDJPY,TREND,SHORT,2026-03-26 15:35:00+00:00,110.24594414215088,,,,2026-03-26 15:40:00+00:00,110.30305442962646,state_change,-0.051802619969354424
AUDJPY,TREND,SHORT,2026-03-26 16:20:00+00:00,110.16096205749513,,,,2026-03-26 16:25:00+00:00,110.19503112030029,state_change,-0.030926620618454415
AUDJPY,MEAN_REVERSION,LONG,2026-03-27 12:00:00+00:00,110.06000961456299,,,,2026-03-27 13:20:00+00:00,110.07298222045898,midline,0.011786847867290007
AUDJPY,MEAN_REVERSION,SHORT,2026-03-31 11:15:00+00:00,109.58107622680664,,,,2026-03-31 11:20:00+00:00,109.72494353027344,state_change,-0.13128845638368247
AUDJPY,MEAN_REVERSION,LONG,2026-04-01 21:00:00+00:00,109.88897016448975,,,,2026-04-01 21:10:00+00:00,109.94300333862304,midline,0.04917069843535238
AUDJPY,TREND,LONG,2026-04-02 00:05:00+00:00,109.94798770294189,,,,2026-04-02 00:10:00+00:00,109.902018800354,state_change,-0.04180968069382729
AUDJPY,TREND,SHORT,2026-04-02 00:20:00+00:00,109.78004155273437,,,,2026-04-02 00:25:00+00:00,109.84996853027343,state_change,-0.06369735021958256
AUDJPY,TREND,LONG,2026-04-02 00:30:00+00:00,109.92498047790527,,,,2026-04-02 00:35:00+00:00,109.88201852874757,state_change,-0.03908297183308207
AUDJPY,TREND,SHORT,2026-04-02 01:15:00+00:00,109.59707949523926,,,,2026-04-02 01:20:00+00:00,109.70393560638428,state_change,-0.09749904982609969
AUDJPY,MEAN_REVERSION,LONG,2026-04-03 12:35:00+00:00,110.14202674713134,,,,2026-04-03 15:55:00+00:00,109.98899938659669,midline,-0.13893639426663107
AUDJPY,MEAN_REVERSION,LONG,2026-04-03 19:00:00+00:00,109.94498112030028,,,,2026-04-03 19:20:00+00:00,109.96100510864258,midline,0.01457455190678747
AUDJPY,MEAN_REVERSION,LONG,2026-04-06 20:55:00+00:00,110.45608490753173,,,,2026-04-06 21:55:00+00:00,110.3809192779541,state_change,-0.06805023882617833
AUDJPY,MEAN_REVERSION,SHORT,2026-04-07 00:10:00+00:00,110.50089802398682,,,,2026-04-07 00:55:00+00:00,110.48009178314209,midline,0.0188290242131961
AUDJPY,TREND,LONG,2026-04-07 19:15:00+00:00,111.20723455810547,,,,2026-04-07 19:20:00+00:00,111.07677922363281,state_change,-0.11730831630787364
AUDJPY,TREND,SHORT,2026-04-07 21:00:00+00:00,111.11077663421631,,,,2026-04-07 21:05:00+00:00,111.18623426513672,state_change,-0.0679120722635318
AUDJPY,TREND,LONG,2026-04-08 04:10:00+00:00,111.90438018493653,,,,2026-04-08 04:15:00+00:00,111.86162588500977,state_change,-0.03820610047264861
AUDJPY,TREND,SHORT,2026-04-08 07:05:00+00:00,111.69565871887207,,,,2026-04-08 07:10:00+00:00,111.81535786743164,state_change,-0.10716544396847105
AUDJPY,TREND,SHORT,2026-04-08 08:40:00+00:00,111.48670088500977,,,,2026-04-08 08:45:00+00:00,111.58831509246826,state_change,-0.09114468959243727
AUDJPY,MEAN_REVERSION,LONG,2026-04-08 21:00:00+00:00,111.56930646972656,,,,2026-04-08 21:25:00+00:00,111.54768569488526,state_change,-0.019378783937462618
AUDJPY,TREND,SHORT,2026-04-12 23:00:00+00:00,112.13256777954102,,,,2026-04-12 23:05:00+00:00,112.19843770294189,state_change,-0.05874290110823299
AUDJPY,MEAN_REVERSION,SHORT,2026-04-13 11:00:00+00:00,112.60847050476075,,,,2026-04-13 11:25:00+00:00,112.5735127029419,midline,0.03104366986085294
AUDJPY,TREND,SHORT,2026-04-15 21:00:00+00:00,113.79523719329835,,,,2026-04-15 21:05:00+00:00,113.91777564239501,state_change,-0.10768328457237963
AUDJPY,MEAN_REVERSION,SHORT,2026-04-16 20:40:00+00:00,113.99219638977051,,,,2026-04-16 20:55:00+00:00,113.95178665466308,midline,0.035449562678180335
AUDJPY,MEAN_REVERSION,LONG,2026-04-16 21:20:00+00:00,113.85776608428955,,,,2026-04-16 22:15:00+00:00,113.90221805114746,midline,0.03904166433845724
AUDJPY,TREND,SHORT,2026-04-17 15:00:00+00:00,113.58328160705567,,,,2026-04-17 15:05:00+00:00,113.66272738952637,state_change,-0.06994496139454132
AUDJPY,MEAN_REVERSION,LONG,2026-04-20 21:05:00+00:00,113.86176468658446,,,,2026-04-20 22:00:00+00:00,113.93820633544922,midline,0.06713548580172812
AUDJPY,TREND,SHORT,2026-04-21 19:40:00+00:00,113.81423058624267,,,,2026-04-21 19:45:00+00:00,113.926780128479,state_change,-0.0988888135135646
AUDJPY,TREND,SHORT,2026-04-22 21:00:00+00:00,114.0101905319214,,,,2026-04-22 21:05:00+00:00,114.05080547790527,state_change,-0.03562396115153188
AUDJPY,TREND,SHORT,2026-04-23 17:40:00+00:00,113.73324550476075,,,,2026-04-23 17:45:00+00:00,113.77275,state_change,-0.03473434268399522
AUDJPY,TREND,LONG,2026-04-24 00:05:00+00:00,113.96678904418945,,,,2026-04-24 00:10:00+00:00,113.90221805114746,state_change,-0.05665772773237876
AUDJPY,MEAN_REVERSION,SHORT,2026-04-27 12:05:00+00:00,114.46010510864258,,,,2026-04-27 12:10:00+00:00,114.51589481506348,state_change,-0.048741617324177255
AUDJPY,MEAN_REVERSION,SHORT,2026-04-27 17:30:00+00:00,114.60507275238038,,,,2026-04-27 17:50:00+00:00,114.60391748199463,midline,0.001008044720884893
AUDJPY,MEAN_REVERSION,LONG,2026-04-29 06:15:00+00:00,114.30685338134765,,,,2026-04-29 07:10:00+00:00,114.32413072204591,midline,0.015114877356148249
AUDJPY,TREND,LONG,2026-04-30 12:40:00+00:00,112.27945518493652,,,,2026-04-30 12:45:00+00:00,112.1715614440918,state_change,-0.09609392979954556
AUDJPY,TREND,LONG,2026-04-30 13:15:00+00:00,112.21044114074706,,,,2026-04-30 13:20:00+00:00,112.13556553192139,state_change,-0.0667278446323527
AUDJPY,TREND,LONG,2026-04-30 13:40:00+00:00,112.26144621276855,,,,2026-04-30 13:50:00+00:00,112.33852786102295,state_change,0.06866261824947095
AUDJPY,TREND,LONG,2026-04-30 14:55:00+00:00,112.64051981506347,,,,2026-04-30 15:00:00+00:00,112.64246791534424,state_change,0.001729484455470498
AUDJPY,TREND,SHORT,2026-04-30 16:10:00+00:00,112.39751416931152,,,,2026-04-30 16:15:00+00:00,112.50449865875244,state_change,-0.09518403519117591
AUDJPY,MEAN_REVERSION,LONG,2026-05-01 06:35:00+00:00,112.96558939361572,,,,2026-05-01 06:40:00+00:00,112.86442363739013,state_change,-0.08955448890997086
AUDJPY,TREND,SHORT,2026-05-01 06:45:00+00:00,112.06058358306885,,,,2026-05-01 06:50:00+00:00,112.0734127029419,state_change,-0.011448378602763043
AUDJPY,TREND,LONG,2026-05-01 14:00:00+00:00,112.97859248199462,,,,2026-05-01 14:05:00+00:00,112.94240333862305,state_change,-0.03203185893587701
AUDJPY,MEAN_REVERSION,SHORT,2026-05-04 06:10:00+00:00,113.02839230194093,,,,2026-05-04 06:30:00+00:00,112.99959277496338,midline,0.025479904996450475
AUDJPY,MEAN_REVERSION,SHORT,2026-05-04 21:00:00+00:00,112.71445211181641,,,,2026-05-04 21:05:00+00:00,112.61951952209472,midline,0.08422397300704709
AUDJPY,MEAN_REVERSION,LONG,2026-05-05 00:20:00+00:00,112.61352161865234,,,,2026-05-05 02:00:00+00:00,112.53049080352784,midline,-0.07373076867773776
AUDJPY,MEAN_REVERSION,LONG,2026-05-05 21:00:00+00:00,113.29365792388916,,,,2026-05-05 21:55:00+00:00,113.3653228881836,midline,0.06325593648197625
AUDJPY,TREND,LONG,2026-05-06 09:15:00+00:00,113.28465343780518,,,,2026-05-06 09:20:00+00:00,113.20135422363282,state_change,-0.07353089023491854
AUDJPY,TREND,SHORT,2026-05-06 10:20:00+00:00,113.05738583068847,,,,2026-05-06 10:25:00+00:00,113.14762499999999,state_change,-0.07981713768496768
AUDJPY,MEAN_REVERSION,SHORT,2026-05-08 04:50:00+00:00,113.27034066772461,,,,2026-05-08 07:00:00+00:00,113.31265891571044,midline,-0.03736039614286035
NZDJPY,MEAN_REVERSION,SHORT,2026-03-20 07:30:00+00:00,93.21135735626221,,,,2026-03-20 08:45:00+00:00,93.21563799591064,midline,-0.004592401365921539
NZDJPY,MEAN_REVERSION,LONG,2026-03-25 04:45:00+00:00,92.42148047790528,,,,2026-03-25 06:20:00+00:00,92.42750994567871,midline,0.006523881398834419
NZDJPY,TREND,LONG,2026-03-26 20:10:00+00:00,92.0794092086792,,,,2026-03-26 20:15:00+00:00,92.05658194885254,state_change,-0.02479084088704564
NZDJPY,TREND,LONG,2026-03-26 21:55:00+00:00,92.08040885925293,,,,2026-03-26 22:00:00+00:00,91.99160013580322,state_change,-0.0964469256271916
NZDJPY,MEAN_REVERSION,SHORT,2026-03-27 20:40:00+00:00,92.06758133544922,,,,2026-03-27 21:00:00+00:00,92.11242057037353,state_change,-0.048702522944465976
NZDJPY,TREND,LONG,2026-03-31 06:30:00+00:00,91.21323869476318,,,,2026-03-31 06:35:00+00:00,91.13876628112793,state_change,-0.08164649638684462
NZDJPY,TREND,LONG,2026-03-31 07:30:00+00:00,91.25924551391601,,,,2026-03-31 07:35:00+00:00,91.22274911499024,state_change,-0.03999200159967575
NZDJPY,TREND,LONG,2026-04-01 06:25:00+00:00,91.22824108428955,,,,2026-04-01 06:30:00+00:00,91.19175708465576,state_change,-0.03999200159967575
NZDJPY,MEAN_REVERSION,LONG,2026-04-03 08:00:00+00:00,91.07521060638427,,,,2026-04-03 09:25:00+00:00,91.04078630828857,midline,-0.037797659611771284
NZDJPY,MEAN_REVERSION,LONG,2026-04-06 20:55:00+00:00,91.15922704010009,,,,2026-04-06 21:00:00+00:00,91.23374850158692,midline,0.08174867636168148
NZDJPY,TREND,LONG,2026-04-07 19:15:00+00:00,91.28725099182128,,,,2026-04-07 19:20:00+00:00,91.20975122680665,state_change,-0.0848965919913347
NZDJPY,TREND,SHORT,2026-04-12 23:00:00+00:00,92.67446219329834,,,,2026-04-12 23:05:00+00:00,92.72254318084717,state_change,-0.051881593279223814
NZDJPY,TREND,SHORT,2026-04-14 09:10:00+00:00,93.61527588500977,,,,2026-04-14 09:15:00+00:00,93.6307219116211,state_change,-0.016499472404807314
NZDJPY,MEAN_REVERSION,LONG,2026-04-15 23:45:00+00:00,93.9097770401001,,,,2026-04-16 02:00:00+00:00,93.81523283386231,midline,-0.10067557310610153
NZDJPY,MEAN_REVERSION,LONG,2026-04-17 20:45:00+00:00,93.29965442962646,,,,2026-04-17 21:00:00+00:00,93.30833807830811,state_change,0.009307267786518025
NZDJPY,MEAN_REVERSION,LONG,2026-04-20 20:55:00+00:00,93.50969551391601,,,,2026-04-20 21:00:00+00:00,93.5502864440918,midline,0.043408258312349624
NZDJPY,TREND,SHORT,2026-04-21 19:40:00+00:00,93.71525435943603,,,,2026-04-21 19:45:00+00:00,93.80175373077392,state_change,-0.09230020441084452
NZDJPY,TREND,LONG,2026-04-23 21:05:00+00:00,93.59371194763183,,,,2026-04-23 21:15:00+00:00,93.3483233657837,state_change,-0.2621849018932365
NZDJPY,TREND,LONG,2026-04-24 00:05:00+00:00,93.56871305236817,,,,2026-04-24 00:10:00+00:00,93.5222921661377,state_change,-0.04961154718937655
NZDJPY,MEAN_REVERSION,SHORT,2026-04-24 11:05:00+00:00,93.57228521728516,,,,2026-04-24 11:20:00+00:00,93.63972639770508,state_change,-0.07207388412424631
NZDJPY,MEAN_REVERSION,LONG,2026-04-24 20:50:00+00:00,93.71473834533691,,,,2026-04-24 21:00:00+00:00,93.73324850158691,midline,0.019751595722117266
NZDJPY,MEAN_REVERSION,LONG,2026-04-28 21:10:00+00:00,93.80975856628417,,,,2026-04-28 21:20:00+00:00,93.89621791534424,midline,0.09216455769787135
NZDJPY,MEAN_REVERSION,LONG,2026-04-29 13:15:00+00:00,93.55570996398926,,,,2026-04-29 14:05:00+00:00,93.40031491851806,state_change,-0.16609894311209183
NZDJPY,MEAN_REVERSION,LONG,2026-04-29 18:10:00+00:00,93.36866847381592,,,,2026-04-29 18:40:00+00:00,93.27733842010498,state_change,-0.09781659651336705
NZDJPY,TREND,SHORT,2026-05-01 06:45:00+00:00,91.81063657989502,,,,2026-05-01 06:50:00+00:00,91.84936748199463,state_change,-0.042185637244673835
NZDJPY,TREND,LONG,2026-05-01 14:00:00+00:00,92.5635071685791,,,,2026-05-01 14:05:00+00:00,92.5634843322754,state_change,-2.467095769898009e-05
NZDJPY,TREND,LONG,2026-05-06 06:45:00+00:00,93.076610256958,,,,2026-05-06 06:50:00+00:00,93.0353900543213,state_change,-0.044286316962882655
NZDJPY,TREND,SHORT,2026-05-06 07:55:00+00:00,92.75644652557374,,,,2026-05-06 08:10:00+00:00,92.97459248199463,state_change,-0.23518145055367867
NZDJPY,TREND,LONG,2026-05-06 08:50:00+00:00,93.17362977905273,,,,2026-05-06 08:55:00+00:00,93.09937261657716,state_change,-0.07969761685968635
NZDJPY,TREND,SHORT,2026-05-06 10:20:00+00:00,92.9894016342163,,,,2026-05-06 10:25:00+00:00,93.047605128479,state_change,-0.06259153542211848
NZDJPY,MEAN_REVERSION,LONG,2026-05-07 12:20:00+00:00,93.4576907913208,,,,2026-05-07 13:30:00+00:00,93.44330558624267,midline,-0.015392211123910204
CHFJPY,TREND,LONG,2026-03-20 01:00:00+00:00,200.27404032897948,,,,2026-03-20 01:05:00+00:00,200.16895783386232,state_change,-0.05246935396346908
CHFJPY,TREND,LONG,2026-03-20 01:40:00+00:00,200.3930674255371,,,,2026-03-20 01:45:00+00:00,200.34992138977051,state_change,-0.02153070279371505
CHFJPY,TREND,LONG,2026-03-20 02:45:00+00:00,200.7101321685791,,,,2026-03-20 02:50:00+00:00,200.59486750793457,state_change,-0.057428421474858826
CHFJPY,MEAN_REVERSION,LONG,2026-03-23 00:05:00+00:00,201.92737080688477,,,,2026-03-23 00:25:00+00:00,202.00559604797363,midline,0.03873929560727074
CHFJPY,TREND,LONG,2026-03-23 01:45:00+00:00,202.36346264648438,,,,2026-03-23 01:50:00+00:00,202.28653045043947,state_change,-0.03801684110302794
CHFJPY,TREND,SHORT,2026-03-23 06:30:00+00:00,201.7796433227539,,,,2026-03-23 06:35:00+00:00,201.9253715057373,state_change,-0.0722214493908524
CHFJPY,TREND,SHORT,2026-03-23 08:45:00+00:00,201.66365395202638,,,,2026-03-23 08:50:00+00:00,201.7293331604004,state_change,-0.03256868904579768
CHFJPY,TREND,SHORT,2026-03-23 09:40:00+00:00,201.14376893615724,,,,2026-03-23 09:45:00+00:00,201.26624312438963,state_change,-0.0608888800682994
CHFJPY,TREND,LONG,2026-03-23 14:20:00+00:00,201.70233496398924,,,,2026-03-23 14:30:00+00:00,201.8206202331543,state_change,0.05864348034749778
CHFJPY,TREND,LONG,2026-03-23 15:00:00+00:00,201.8923754058838,,,,2026-03-23 15:10:00+00:00,201.69364673156738,state_change,-0.09843297643949978
CHFJPY,TREND,SHORT,2026-03-23 15:50:00+00:00,201.5296933227539,,,,2026-03-23 16:00:00+00:00,201.51429382324218,state_change,0.007641305485961425
CHFJPY,TREND,SHORT,2026-03-23 21:35:00+00:00,201.3187217315674,,,,2026-03-23 21:40:00+00:00,201.45228496398926,state_change,-0.06634416872561832
CHFJPY,TREND,SHORT,2026-03-23 22:00:00+00:00,201.3087292236328,,,,2026-03-23 22:05:00+00:00,201.31125029296874,state_change,-0.0012523397995067853
CHFJPY,MEAN_REVERSION,SHORT,2026-03-24 19:00:00+00:00,201.00379754638672,,,,2026-03-24 19:25:00+00:00,201.21223146972656,state_change,-0.10369651015760262
CHFJPY,MEAN_REVERSION,SHORT,2026-03-25 00:20:00+00:00,201.56467472839356,,,,2026-03-25 00:55:00+00:00,201.48828764648437,midline,0.03789705810907096
CHFJPY,TREND,SHORT,2026-03-25 21:05:00+00:00,201.30172684020997,,,,2026-03-25 21:10:00+00:00,201.3922754058838,state_change,-0.044981514612496554
CHFJPY,MEAN_REVERSION,SHORT,2026-03-27 07:15:00+00:00,200.7248463897705,,,,2026-03-27 07:25:00+00:00,200.85015955810547,state_change,-0.06243032219919176
CHFJPY,TREND,LONG,2026-03-27 15:55:00+00:00,200.9921862487793,,,,2026-03-27 16:00:00+00:00,200.90681682434084,state_change,-0.04247400161755399
CHFJPY,TREND,SHORT,2026-03-29 23:00:00+00:00,200.4458952331543,,,,2026-03-29 23:05:00+00:00,200.57311136169434,state_change,-0.06346656707141296
CHFJPY,TREND,SHORT,2026-03-29 23:45:00+00:00,200.31692322998046,,,,2026-03-29 23:50:00+00:00,200.44507977905272,state_change,-0.06397689571395748
CHFJPY,TREND,SHORT,2026-03-29 23:55:00+00:00,200.25994305114747,,,,2026-03-30 00:10:00+00:00,200.20203496398926,state_change,0.028916460414363243
CHFJPY,TREND,SHORT,2026-03-30 00:40:00+00:00,200.09496750793457,,,,2026-03-30 00:45:00+00:00,200.2360383453369,state_change,-0.0705019417326147
CHFJPY,TREND,SHORT,2026-03-31 14:55:00+00:00,197.8754102874756,,,,2026-03-31 15:00:00+00:00,197.96358077087402,state_change,-0.044558585258425154
CHFJPY,TREND,SHORT,2026-03-31 20:55:00+00:00,198.3213202331543,,,,2026-03-31 21:05:00+00:00,198.6777280883789,state_change,-0.17971232483002808
CHFJPY,TREND,LONG,2026-03-31 21:20:00+00:00,198.82975128479004,,,,2026-03-31 21:25:00+00:00,198.6702647125244,state_change,-0.08021262976745103
CHFJPY,MEAN_REVERSION,SHORT,2026-03-31 23:50:00+00:00,198.60826539611816,,,,2026-04-01 00:25:00+00:00,198.80975827331542,state_change,-0.10145241276611205
CHFJPY,MEAN_REVERSION,LONG,2026-04-02 10:00:00+00:00,199.44788636169434,,,,2026-04-02 11:05:00+00:00,199.4171093322754,midline,-0.015431113350150572
CHFJPY,MEAN_REVERSION,LONG,2026-04-02 13:45:00+00:00,199.3598713256836,,,,2026-04-02 14:20:00+00:00,199.2821418243408,state_change,-0.038989542291489876
CHFJPY,TREND,LONG,2026-04-02 18:35:00+00:00,199.8449536743164,,,,2026-04-02 18:40:00+00:00,199.71404700317385,state_change,-0.06550411643412302
CHFJPY,MEAN_REVERSION,LONG,2026-04-06 19:50:00+00:00,200.06200757446288,,,,2026-04-06 20:00:00+00:00,200.0419843322754,midline,-0.010008518074089423
CHFJPY,TREND,SHORT,2026-04-07 21:00:00+00:00,199.6680509552002,,,,2026-04-07 21:05:00+00:00,200.16201841735838,state_change,-0.2473943426577696
CHFJPY,TREND,LONG,2026-04-09 21:00:00+00:00,201.40927709655762,,,,2026-04-09 21:05:00+00:00,201.18074884338378,state_change,-0.11346461119776663
CHFJPY,TREND,SHORT,2026-04-10 14:50:00+00:00,201.92260483703615,2026-04-10 14:55:00+00:00,201.7203286743164,0.050087547870880655,2026-04-10 15:00:00+00:00,201.80935099182128,state_change_after_partial,0.07813142272735663
CHFJPY,TREND,SHORT,2026-04-12 23:00:00+00:00,201.52568106384277,,,,2026-04-12 23:05:00+00:00,201.57030477905272,state_change,-0.022142942266412113
CHFJPY,MEAN_REVERSION,SHORT,2026-04-13 06:55:00+00:00,201.77064243774416,,,,2026-04-13 07:00:00+00:00,202.01540110473633,state_change,-0.1213053911287787
CHFJPY,MEAN_REVERSION,LONG,2026-04-14 21:00:00+00:00,203.17662878723144,,,,2026-04-14 21:10:00+00:00,203.29633821411133,midline,0.05891889613212076
CHFJPY,MEAN_REVERSION,LONG,2026-04-15 00:00:00+00:00,203.30466036987303,,,,2026-04-15 00:50:00+00:00,203.2813418243408,midline,-0.011469754549553457
CHFJPY,TREND,SHORT,2026-04-15 16:20:00+00:00,203.19735899047853,2026-04-15 16:25:00+00:00,203.20463426513672,-0.0017901991183122412,2026-04-15 16:30:00+00:00,203.29765518493653,state_change_after_partial,-0.026469701587317207
CHFJPY,MEAN_REVERSION,LONG,2026-04-16 01:50:00+00:00,203.17162290344237,,,,2026-04-16 02:05:00+00:00,203.16535245361328,midline,-0.003086282296449472
CHFJPY,TREND,SHORT,2026-04-16 07:10:00+00:00,203.17435333862306,,,,2026-04-16 07:15:00+00:00,203.20263496398925,state_change,-0.013919879601664853
CHFJPY,MEAN_REVERSION,LONG,2026-04-22 17:45:00+00:00,203.42968536987306,,,,2026-04-22 20:00:00+00:00,203.28233344726564,midline,-0.07243383498307665
CHFJPY,TREND,SHORT,2026-04-23 17:40:00+00:00,202.986387399292,,,,2026-04-23 17:45:00+00:00,203.04760518493651,state_change,-0.030158566999904934
CHFJPY,TREND,LONG,2026-04-23 21:00:00+00:00,203.32166206054688,,,,2026-04-23 21:05:00+00:00,203.19035660705566,state_change,-0.06458015941859241
CHFJPY,MEAN_REVERSION,SHORT,2026-04-23 23:40:00+00:00,203.14536743774414,,,,2026-04-24 00:40:00+00:00,203.17462948608397,midline,-0.014404487145780465
CHFJPY,TREND,LONG,2026-04-27 12:05:00+00:00,203.13461293945312,,,,2026-04-27 12:10:00+00:00,203.0433828338623,state_change,-0.04491115732109252
CHFJPY,TREND,LONG,2026-04-27 21:00:00+00:00,203.223635256958,,,,2026-04-27 21:05:00+00:00,203.0013990447998,state_change,-0.10935549493404917
CHFJPY,MEAN_REVERSION,SHORT,2026-04-29 00:00:00+00:00,202.1965521118164,,,,2026-04-29 00:15:00+00:00,202.19242319641114,midline,0.0020420305698265473
CHFJPY,MEAN_REVERSION,LONG,2026-04-29 18:10:00+00:00,202.55550238952637,,,,2026-04-29 19:10:00+00:00,202.554482220459,midline,-0.0005036491506515972
CHFJPY,MEAN_REVERSION,SHORT,2026-04-29 20:55:00+00:00,202.72745177001954,,,,2026-04-29 21:00:00+00:00,202.9285780883789,state_change,-0.09921020394787483
CHFJPY,TREND,LONG,2026-04-30 12:35:00+00:00,199.972985256958,,,,2026-04-30 12:50:00+00:00,200.05298371887207,state_change,0.040004634531642935
CHFJPY,TREND,LONG,2026-04-30 13:15:00+00:00,200.16001911621095,,,,2026-04-30 13:30:00+00:00,199.5570807220459,state_change,-0.30122818574221943
CHFJPY,TREND,LONG,2026-04-30 14:10:00+00:00,200.4760918395996,,,,2026-04-30 14:25:00+00:00,200.25594604797362,state_change,-0.10981149403197499
CHFJPY,TREND,LONG,2026-04-30 14:30:00+00:00,200.47108595581054,,,,2026-04-30 14:40:00+00:00,199.62007166137695,state_change,-0.4245072501982472
CHFJPY,TREND,LONG,2026-04-30 15:00:00+00:00,200.58710646972656,,,,2026-04-30 15:05:00+00:00,200.49289815979003,state_change,-0.046966283922511565
CHFJPY,TREND,LONG,2026-04-30 15:20:00+00:00,200.71213146972656,,,,2026-04-30 15:30:00+00:00,200.4878942779541,state_change,-0.11172079641149635
CHFJPY,TREND,LONG,2026-04-30 18:45:00+00:00,200.18903187561034,,,,2026-04-30 18:50:00+00:00,200.20294761657715,state_change,0.006951300396651483
CHFJPY,TREND,LONG,2026-04-30 21:40:00+00:00,200.52810419311524,,,,2026-04-30 21:45:00+00:00,200.37291178588868,state_change,-0.07739184881392358
CHFJPY,MEAN_REVERSION,LONG,2026-05-01 05:40:00+00:00,201.00619661865235,,,,2026-05-01 06:40:00+00:00,200.67186321411134,state_change,-0.16632989935893017
CHFJPY,TREND,SHORT,2026-05-01 06:45:00+00:00,199.50708767089844,,,,2026-05-01 06:50:00+00:00,199.71193146972655,state_change,-0.1026749481532363
CHFJPY,TREND,SHORT,2026-05-04 18:55:00+00:00,200.05197684020996,,,,2026-05-04 19:00:00+00:00,200.58910577087403,state_change,-0.26849468780461017
CHFJPY,TREND,LONG,2026-05-05 14:55:00+00:00,201.75933793945313,,,,2026-05-05 15:00:00+00:00,201.63166267089844,state_change,-0.06328097120987808
CHFJPY,TREND,SHORT,2026-05-06 08:05:00+00:00,200.01998555908204,,,,2026-05-06 08:10:00+00:00,200.0970182373047,state_change,-0.038512490643038966
CHFJPY,TREND,SHORT,2026-05-06 10:20:00+00:00,200.03798732910155,,,,2026-05-06 10:30:00+00:00,200.2670504058838,state_change,-0.11450978878595475
GBPUSD,TREND,LONG,2026-03-20 12:05:00+00:00,1.340982597541809,,,,2026-03-20 12:10:00+00:00,1.340015098810196,state_change,-0.07214849270874568
GBPUSD,TREND,SHORT,2026-03-20 13:35:00+00:00,1.3353991656064987,,,,2026-03-20 13:40:00+00:00,1.3371746490240097,state_change,-0.13295525886483084
GBPUSD,TREND,SHORT,2026-03-20 14:50:00+00:00,1.3303828884840012,,,,2026-03-20 14:55:00+00:00,1.33128536696434,state_change,-0.06783599579871513
GBPUSD,TREND,LONG,2026-03-23 08:05:00+00:00,1.3309009593486785,,,,2026-03-23 08:15:00+00:00,1.3316444664478302,state_change,0.0558649457669258
GBPUSD,TREND,LONG,2026-03-23 11:05:00+00:00,1.3411515508890153,,,,2026-03-23 11:10:00+00:00,1.3368919633388519,state_change,-0.31760672739332696
GBPUSD,TREND,SHORT,2026-03-23 21:05:00+00:00,1.3419846383333207,,,,2026-03-23 21:10:00+00:00,1.3429109549760818,state_change,-0.0690258752821249
GBPUSD,TREND,SHORT,2026-03-24 08:15:00+00:00,1.3408633416414262,,,,2026-03-24 08:20:00+00:00,1.3411228157043458,state_change,-0.01935126831060785
GBPUSD,TREND,LONG,2026-03-24 09:55:00+00:00,1.3406499371051788,,,,2026-03-24 10:00:00+00:00,1.3397385885715485,state_change,-0.0679781133319679
GBPUSD,MEAN_REVERSION,LONG,2026-03-27 00:15:00+00:00,1.3331182186603545,,,,2026-03-27 00:55:00+00:00,1.333089709186554,midline,-0.002138555561059796
GBPUSD,TREND,SHORT,2026-03-29 23:00:00+00:00,1.3238823949813843,,,,2026-03-29 23:05:00+00:00,1.3241578488349914,state_change,-0.020806519873017848
GBPUSD,TREND,LONG,2026-03-30 00:25:00+00:00,1.3258745674610137,,,,2026-03-30 00:30:00+00:00,1.325556950521469,state_change,-0.023955278073772845
GBPUSD,TREND,SHORT,2026-03-30 06:50:00+00:00,1.326598154592514,,,,2026-03-30 06:55:00+00:00,1.3269194073915482,state_change,-0.024216285686962102
GBPUSD,TREND,SHORT,2026-03-30 17:10:00+00:00,1.3181592289686204,,,,2026-03-30 17:15:00+00:00,1.3191213221311568,state_change,-0.07298762861063235
GBPUSD,TREND,SHORT,2026-03-31 15:55:00+00:00,1.3181262145996093,,,,2026-03-31 16:05:00+00:00,1.3188447012662887,state_change,-0.054508184324197906
GBPUSD,TREND,SHORT,2026-03-31 16:15:00+00:00,1.3179228842258455,,,,2026-03-31 16:20:00+00:00,1.3184866441726684,state_change,-0.04277639864749272
GBPUSD,TREND,LONG,2026-03-31 16:40:00+00:00,1.3221728556632995,,,,2026-03-31 16:45:00+00:00,1.320031751537323,state_change,-0.16193829095835222
GBPUSD,TREND,SHORT,2026-04-01 12:25:00+00:00,1.3297034122467042,,,,2026-04-01 12:30:00+00:00,1.3307982996225356,state_change,-0.0823407209267435
GBPUSD,TREND,SHORT,2026-04-03 12:30:00+00:00,1.3210433976173401,,,,2026-04-03 12:35:00+00:00,1.3215300698518753,state_change,-0.036839988407111335
GBPUSD,MEAN_REVERSION,SHORT,2026-04-06 02:05:00+00:00,1.3200300829410554,,,,2026-04-06 03:30:00+00:00,1.3211913285255432,midline,-0.08797114546819085
GBPUSD,TREND,SHORT,2026-04-06 14:50:00+00:00,1.323934955763817,,,,2026-04-06 14:55:00+00:00,1.324119217300415,state_change,-0.013917718222922204
GBPUSD,TREND,SHORT,2026-04-07 01:35:00+00:00,1.3219779307127,,,,2026-04-07 01:40:00+00:00,1.3224333800554275,state_change,-0.03445211392312242
GBPUSD,MEAN_REVERSION,SHORT,2026-04-07 12:20:00+00:00,1.3254022478103638,,,,2026-04-07 13:15:00+00:00,1.3245435680150985,midline,0.06478635423199375
GBPUSD,TREND,SHORT,2026-04-09 07:15:00+00:00,1.3383559181928635,,,,2026-04-09 07:20:00+00:00,1.3387550841808318,state_change,-0.029825099776692454
GBPUSD,TREND,SHORT,2026-04-10 20:55:00+00:00,1.3459429062366486,,,,2026-04-10 21:00:00+00:00,1.3463381921052933,state_change,-0.029368695121689825
GBPUSD,TREND,SHORT,2026-04-12 23:00:00+00:00,1.3392791286706924,2026-04-12 23:05:00+00:00,1.339163815355301,0.004305051610337118,2026-04-12 23:10:00+00:00,1.33931440680027,state_change_after_partial,0.002987994963127294
GBPUSD,TREND,LONG,2026-04-13 07:00:00+00:00,1.3419505321025849,,,,2026-04-13 07:05:00+00:00,1.3412698832035066,state_change,-0.05072086360827788
GBPUSD,MEAN_REVERSION,SHORT,2026-04-15 05:15:00+00:00,1.3573008026599884,,,,2026-04-15 05:35:00+00:00,1.356729478740692,midline,0.04209265316698074
GBPUSD,TREND,SHORT,2026-04-16 16:30:00+00:00,1.3522213572502138,,,,2026-04-16 16:35:00+00:00,1.353448779129982,state_change,-0.09077078047814435
GBPUSD,MEAN_REVERSION,LONG,2026-04-16 23:50:00+00:00,1.352855713534355,,,,2026-04-17 02:35:00+00:00,1.351548674583435,midline,-0.09661332970278824
GBPUSD,TREND,LONG,2026-04-20 15:20:00+00:00,1.353862756562233,,,,2026-04-20 15:25:00+00:00,1.3533324039936065,state_change,-0.039173288877014656
GBPUSD,MEAN_REVERSION,LONG,2026-04-21 07:55:00+00:00,1.3510081961631775,,,,2026-04-21 08:00:00+00:00,1.3503967472314835,state_change,-0.04525871370953949
GBPUSD,TREND,LONG,2026-04-21 17:40:00+00:00,1.3522612171411514,,,,2026-04-21 17:45:00+00:00,1.3508857651233674,state_change,-0.10171496456076179
GBPUSD,TREND,SHORT,2026-04-21 19:40:00+00:00,1.3474938664674758,,,,2026-04-21 19:55:00+00:00,1.3484654304027557,state_change,-0.07210154787768985
GBPUSD,TREND,SHORT,2026-04-23 17:35:00+00:00,1.345587733602524,,,,2026-04-23 17:45:00+00:00,1.3459758426189423,state_change,-0.02884308519812695
GBPUSD,TREND,SHORT,2026-04-26 23:00:00+00:00,1.3513184082984924,,,,2026-04-26 23:05:00+00:00,1.3519321336984633,state_change,-0.045416786761887096
GBPUSD,MEAN_REVERSION,SHORT,2026-04-28 00:05:00+00:00,1.353843709564209,,,,2026-04-28 00:25:00+00:00,1.3537253999948502,midline,0.00873879078678863
GBPUSD,MEAN_REVERSION,SHORT,2026-04-29 00:00:00+00:00,1.3524884518384934,,,,2026-04-29 00:20:00+00:00,1.352462363433838,midline,0.0019289188473270436
GBPUSD,MEAN_REVERSION,LONG,2026-04-30 04:30:00+00:00,1.3461098606586457,,,,2026-04-30 05:20:00+00:00,1.3463325234651566,state_change,0.01654120610943277
GBPUSD,TREND,LONG,2026-04-30 06:30:00+00:00,1.3479966057300568,,,,2026-04-30 06:35:00+00:00,1.3473848117828369,state_change,-0.04538542193794903
GBPUSD,TREND,LONG,2026-05-01 06:45:00+00:00,1.361612910103798,2026-05-01 06:50:00+00:00,1.3615503597974778,-0.0022969195523914188,2026-05-01 06:55:00+00:00,1.360957293009758,state_change_after_partial,-0.026371937098673692
GBPUSD,TREND,LONG,2026-05-01 12:10:00+00:00,1.3636548967123032,,,,2026-05-01 12:15:00+00:00,1.363351251912117,state_change,-0.022266982718166517
GBPUSD,TREND,SHORT,2026-05-01 13:45:00+00:00,1.3614204476594924,,,,2026-05-01 13:50:00+00:00,1.3629115973711015,state_change,-0.10952896397087297
GBPUSD,TREND,LONG,2026-05-01 13:55:00+00:00,1.364045504450798,,,,2026-05-01 14:05:00+00:00,1.3643372731208803,state_change,0.021389951371153515
GBPUSD,TREND,SHORT,2026-05-01 14:50:00+00:00,1.362013991189003,,,,2026-05-01 14:55:00+00:00,1.3625589057683944,state_change,-0.04000800160031126
GBPUSD,TREND,SHORT,2026-05-01 16:20:00+00:00,1.3606979454755783,,,,2026-05-01 16:25:00+00:00,1.3612423335313797,state_change,-0.04000800160031126
GBPUSD,TREND,LONG,2026-05-04 04:30:00+00:00,1.3590412899255753,,,,2026-05-04 04:35:00+00:00,1.3585162558555604,state_change,-0.03863267980943608
GBPUSD,TREND,LONG,2026-05-04 14:15:00+00:00,1.3566816662549972,,,,2026-05-04 14:20:00+00:00,1.3561574566602708,state_change,-0.03863910066489451
GBPUSD,TREND,LONG,2026-05-05 06:30:00+00:00,1.353652071619034,,,,2026-05-05 06:35:00+00:00,1.3527995258569718,state_change,-0.06298115889131761
GBPUSD,TREND,LONG,2026-05-08 12:30:00+00:00,1.3623732597827911,,,,2026-05-08 12:35:00+00:00,1.361939857840538,state_change,-0.0318122760514461
GBPUSD,TREND,SHORT,2026-05-08 13:05:00+00:00,1.3604942575454713,,,,2026-05-08 13:10:00+00:00,1.3613163773059844,state_change,-0.060428021357217254
GBPUSD,TREND,SHORT,2026-05-08 14:05:00+00:00,1.3611054405212402,,,,2026-05-08 14:10:00+00:00,1.3619095621347428,state_change,-0.059078568754733496
AUDUSD,TREND,SHORT,2026-03-20 00:20:00+00:00,0.7075324916839599,,,,2026-03-20 00:25:00+00:00,0.707855623626709,state_change,-0.04567026200874569
AUDUSD,TREND,LONG,2026-03-20 01:00:00+00:00,0.7090046733140946,,,,2026-03-20 01:05:00+00:00,0.7090578866362572,state_change,0.007505355629588983
AUDUSD,TREND,SHORT,2026-03-23 09:10:00+00:00,0.6955566187143326,,,,2026-03-23 09:15:00+00:00,0.6961205796003341,state_change,-0.08108051463071586
AUDUSD,TREND,LONG,2026-03-23 11:05:00+00:00,0.7022002769708633,,,,2026-03-23 11:10:00+00:00,0.70249154317379,state_change,0.04147907833120801
AUDUSD,TREND,LONG,2026-03-23 11:25:00+00:00,0.7007833104372024,,,,2026-03-23 11:50:00+00:00,0.6997676193594933,state_change,-0.14493653923857153
AUDUSD,TREND,LONG,2026-03-23 12:40:00+00:00,0.702116456079483,,,,2026-03-23 12:50:00+00:00,0.7030052324533462,state_change,0.12658532158980051
AUDUSD,TREND,LONG,2026-03-23 13:45:00+00:00,0.7028614843010902,,,,2026-03-23 13:50:00+00:00,0.7028619119524956,state_change,6.084433632480568e-05
AUDUSD,TREND,LONG,2026-03-23 14:15:00+00:00,0.7051955920815468,,,,2026-03-23 14:25:00+00:00,0.7056647961258888,state_change,0.0665353058939333
AUDUSD,TREND,SHORT,2026-03-23 15:25:00+00:00,0.7020032403945923,,,,2026-03-23 15:30:00+00:00,0.7021312409877777,state_change,-0.018233618567542464
AUDUSD,TREND,LONG,2026-03-23 17:05:00+00:00,0.7012894550800324,,,,2026-03-23 17:10:00+00:00,0.7009991625905037,state_change,-0.04139410444943259
AUDUSD,TREND,LONG,2026-03-23 18:30:00+00:00,0.7020129617214202,,,,2026-03-23 18:35:00+00:00,0.70231383767128,state_change,0.0428590305685983
AUDUSD,TREND,LONG,2026-03-23 21:00:00+00:00,0.7024567474365234,,,,2026-03-23 21:10:00+00:00,0.7011613739848137,state_change,-0.18440615118823223
AUDUSD,TREND,LONG,2026-03-26 13:40:00+00:00,0.6921176849126816,,,,2026-03-26 13:45:00+00:00,0.6921905237078667,state_change,0.010524047683357907
AUDUSD,TREND,SHORT,2026-03-26 14:40:00+00:00,0.691262128663063,,,,2026-03-26 14:45:00+00:00,0.691567304778099,state_change,-0.044147668790461836
AUDUSD,TREND,SHORT,2026-03-26 17:40:00+00:00,0.689023051249981,,,,2026-03-26 17:45:00+00:00,0.6893794364333152,state_change,-0.05172325986593229
AUDUSD,TREND,LONG,2026-03-26 20:10:00+00:00,0.6904883641719818,,,,2026-03-26 20:15:00+00:00,0.6895600412845612,state_change,-0.13444439263416985
AUDUSD,MEAN_REVERSION,LONG,2026-03-29 23:05:00+00:00,0.6851576297163963,,,,2026-03-29 23:20:00+00:00,0.6851464849710465,state_change,-0.0016265958177275053
AUDUSD,TREND,LONG,2026-03-30 01:00:00+00:00,0.685937652862072,,,,2026-03-30 01:05:00+00:00,0.6852216313958168,state_change,-0.10438579414142612
AUDUSD,TREND,LONG,2026-03-30 03:05:00+00:00,0.6864460629343986,,,,2026-03-30 03:10:00+00:00,0.6861763068318367,state_change,-0.03929749431568208
AUDUSD,TREND,LONG,2026-03-30 03:50:00+00:00,0.6872857026457786,,,,2026-03-30 03:55:00+00:00,0.6869069732189179,state_change,-0.055105093180718434
AUDUSD,TREND,LONG,2026-03-30 05:50:00+00:00,0.687384844994545,,,,2026-03-30 05:55:00+00:00,0.686987244617939,state_change,-0.057842470560887094
AUDUSD,TREND,SHORT,2026-03-30 06:50:00+00:00,0.6865202760338783,,,,2026-03-30 06:55:00+00:00,0.6864366435170174,state_change,0.012182089849421818
AUDUSD,TREND,LONG,2026-03-30 14:55:00+00:00,0.6854628665328025,,,,2026-03-30 15:00:00+00:00,0.6855316923379898,state_change,0.010040778070941059
AUDUSD,TREND,LONG,2026-03-31 00:45:00+00:00,0.6863707075953484,,,,2026-03-31 00:50:00+00:00,0.6859879342317581,state_change,-0.05576773008442171
AUDUSD,TREND,LONG,2026-03-31 01:15:00+00:00,0.6861164429426193,,,,2026-03-31 01:25:00+00:00,0.6866805804610252,state_change,0.08222183336497046
AUDUSD,TREND,SHORT,2026-03-31 03:15:00+00:00,0.6852122157454491,,,,2026-03-31 03:20:00+00:00,0.6854440873146057,state_change,-0.03383938053473923
AUDUSD,TREND,LONG,2026-03-31 05:45:00+00:00,0.6854440873146057,,,,2026-03-31 05:50:00+00:00,0.6852356952786446,state_change,-0.03040248501924303
AUDUSD,TREND,LONG,2026-03-31 06:55:00+00:00,0.6855192041873932,,,,2026-03-31 07:05:00+00:00,0.6847664025783539,state_change,-0.10981480962765078
AUDUSD,TREND,LONG,2026-03-31 07:30:00+00:00,0.6857495625972748,,,,2026-03-31 07:35:00+00:00,0.6858420512437821,state_change,0.013487233758779915
AUDUSD,TREND,LONG,2026-03-31 11:15:00+00:00,0.6867100450873375,2026-03-31 11:20:00+00:00,0.6869966602683067,0.020868719120947787,2026-03-31 11:25:00+00:00,0.6875683332681656,state_change_after_partial,0.08336148349568084
AUDUSD,TREND,SHORT,2026-03-31 13:00:00+00:00,0.687105238211155,,,,2026-03-31 13:05:00+00:00,0.6876400635123253,state_change,-0.0778374652713687
AUDUSD,TREND,SHORT,2026-03-31 14:35:00+00:00,0.6871760939598084,,,,2026-03-31 14:40:00+00:00,0.687271513903141,state_change,-0.013885806588920246
AUDUSD,TREND,SHORT,2026-03-31 14:50:00+00:00,0.6858326355934143,2026-03-31 14:55:00+00:00,0.6845668295502663,0.09228242995850122,2026-03-31 15:05:00+00:00,0.6859423625707626,state_change_after_partial,0.08428288519687355
AUDUSD,MEAN_REVERSION,SHORT,2026-04-06 02:10:00+00:00,0.6906174545764924,,,,2026-04-06 03:15:00+00:00,0.6904597482204438,midline,0.02283555896300804
AUDUSD,TREND,LONG,2026-04-06 06:50:00+00:00,0.6915577661275863,,,,2026-04-06 06:55:00+00:00,0.6912095082879066,state_change,-0.05035845980442266
AUDUSD,TREND,SHORT,2026-04-06 09:55:00+00:00,0.6924014819502831,,,,2026-04-06 10:00:00+00:00,0.693158470916748,state_change,-0.10932803961261062
AUDUSD,TREND,SHORT,2026-04-07 00:55:00+00:00,0.6910613607764244,,,,2026-04-07 01:05:00+00:00,0.6917251694440841,state_change,-0.0960564003916975
AUDUSD,TREND,SHORT,2026-04-07 01:10:00+00:00,0.6910470585227013,,,,2026-04-07 01:15:00+00:00,0.69126141217947,state_change,-0.031018677255767457
AUDUSD,TREND,SHORT,2026-04-07 01:35:00+00:00,0.6901454802036285,,,,2026-04-07 01:40:00+00:00,0.6908078493475914,state_change,-0.09597529259590676
AUDUSD,TREND,LONG,2026-04-08 11:45:00+00:00,0.7053547086954116,,,,2026-04-08 11:50:00+00:00,0.7053412076354026,state_change,-0.0019140809358053623
AUDUSD,TREND,SHORT,2026-04-08 14:15:00+00:00,0.7051372217416764,,,,2026-04-08 14:20:00+00:00,0.7055586569666862,state_change,-0.05976641312011033
AUDUSD,TREND,SHORT,2026-04-09 07:15:00+00:00,0.7028668581485749,,,,2026-04-09 07:20:00+00:00,0.7033013353228569,state_change,-0.061815003687404335
AUDUSD,TREND,SHORT,2026-04-09 18:00:00+00:00,0.7085102295041085,,,,2026-04-09 18:05:00+00:00,0.7084622817993164,state_change,0.006767397674078968
AUDUSD,TREND,LONG,2026-04-10 14:15:00+00:00,0.7089092271924019,,,,2026-04-10 14:20:00+00:00,0.7089372113704682,state_change,0.003947498070666633
AUDUSD,TREND,SHORT,2026-04-10 20:50:00+00:00,0.7072121807932854,2026-04-10 20:55:00+00:00,0.7063958523988724,0.05771453154959638,2026-04-10 21:00:00+00:00,0.7063659248828887,state_change_after_partial,0.11754494266096871
AUDUSD,TREND,SHORT,2026-04-12 23:00:00+00:00,0.7017962152719498,,,,2026-04-12 23:05:00+00:00,0.7018307138800621,state_change,-0.004915758643542212
AUDUSD,TREND,LONG,2026-04-13 22:00:00+00:00,0.7102229974508285,,,,2026-04-13 22:05:00+00:00,0.7098079206585884,state_change,-0.058443164151245064
AUDUSD,TREND,SHORT,2026-04-14 00:00:00+00:00,0.7092943505644799,,,,2026-04-14 00:05:00+00:00,0.7095227412700653,state_change,-0.032199707413949064
AUDUSD,TREND,LONG,2026-04-14 08:35:00+00:00,0.7108590465903282,,,,2026-04-14 08:40:00+00:00,0.710281921184063,state_change,-0.08118703827902918
AUDUSD,TREND,LONG,2026-04-14 09:40:00+00:00,0.7115417755007744,,,,2026-04-14 09:45:00+00:00,0.7110396426677704,state_change,-0.07056969109797695
AUDUSD,TREND,LONG,2026-04-15 07:00:00+00:00,0.7145102035403251,,,,2026-04-15 07:05:00+00:00,0.7139745843172074,state_change,-0.0749631314519772
AUDUSD,TREND,SHORT,2026-04-15 10:25:00+00:00,0.7132971342325211,,,,2026-04-15 10:30:00+00:00,0.7133636577486991,state_change,-0.009326199838111116
AUDUSD,TREND,SHORT,2026-04-16 14:15:00+00:00,0.7168103636741638,,,,2026-04-16 14:20:00+00:00,0.7169172819972038,state_change,-0.014915845034946251
AUDUSD,TREND,SHORT,2026-04-16 16:30:00+00:00,0.7154203633904457,,,,2026-04-16 16:35:00+00:00,0.7163473476290703,state_change,-0.12957196720422282
AUDUSD,MEAN_REVERSION,LONG,2026-04-16 21:20:00+00:00,0.7158654073119164,,,,2026-04-16 21:50:00+00:00,0.7159378070116044,midline,0.010113591039395686
AUDUSD,TREND,LONG,2026-04-17 13:35:00+00:00,0.7214836724638939,,,,2026-04-17 13:40:00+00:00,0.721101516532898,state_change,-0.05296806366952289
AUDUSD,TREND,SHORT,2026-04-21 19:40:00+00:00,0.7131393326997757,,,,2026-04-21 19:50:00+00:00,0.7134348399281502,state_change,-0.041437516460596235
AUDUSD,TREND,SHORT,2026-04-23 17:00:00+00:00,0.7147197317361832,2026-04-23 17:05:00+00:00,0.7144438503026962,0.019299973208858345,2026-04-23 17:15:00+00:00,0.7132720867037773,state_change_after_partial,0.12057358915404381
AUDUSD,TREND,SHORT,2026-04-23 17:35:00+00:00,0.7130986904621125,,,,2026-04-23 17:45:00+00:00,0.7122561608076096,state_change,0.11815049806878086
AUDUSD,TREND,LONG,2026-04-23 21:00:00+00:00,0.7134959469079971,,,,2026-04-23 21:05:00+00:00,0.7133937936306,state_change,-0.01431728909461194
AUDUSD,TREND,SHORT,2026-04-23 21:10:00+00:00,0.7125701030015945,,,,2026-04-23 21:15:00+00:00,0.7127942003130913,state_change,-0.03144915995672015
AUDUSD,MEAN_REVERSION,LONG,2026-04-27 04:50:00+00:00,0.717246305823326,,,,2026-04-27 06:05:00+00:00,0.7159839913725853,state_change,-0.17599455591363888
AUDUSD,MEAN_REVERSION,SHORT,2026-04-28 00:05:00+00:00,0.7194876263856887,,,,2026-04-28 01:00:00+00:00,0.719051018500328,midline,0.06068316804195284
AUDUSD,MEAN_REVERSION,SHORT,2026-04-29 12:05:00+00:00,0.7164457753896714,,,,2026-04-29 12:30:00+00:00,0.7162704422593117,midline,0.02447263092092422
AUDUSD,TREND,SHORT,2026-04-29 15:50:00+00:00,0.7132258613348007,,,,2026-04-29 15:55:00+00:00,0.7133076777935028,state_change,-0.01147132530345818
AUDUSD,TREND,SHORT,2026-04-29 18:00:00+00:00,0.7126158106207848,2026-04-29 18:05:00+00:00,0.7119874689459801,0.04408698666518163,2026-04-29 18:20:00+00:00,0.7121902845025062,state_change_after_partial,0.07394361571667063
AUDUSD,TREND,SHORT,2026-05-04 10:05:00+00:00,0.7173710120201111,,,,2026-05-04 10:10:00+00:00,0.7176065091133117,state_change,-0.03282779611311071
AUDUSD,TREND,LONG,2026-05-05 04:30:00+00:00,0.7167324110269546,,,,2026-05-05 04:35:00+00:00,0.7166511319160461,state_change,-0.011340230978540422
AUDUSD,TREND,SHORT,2026-05-05 04:55:00+00:00,0.7154203633904457,,,,2026-05-05 05:00:00+00:00,0.71570658878088,state_change,-0.040008001600333465
AUDUSD,MEAN_REVERSION,LONG,2026-05-05 21:15:00+00:00,0.7183280484080314,,,,2026-05-05 21:55:00+00:00,0.7184535734415054,midline,0.017474611182466404
AUDUSD,TREND,LONG,2026-05-06 01:45:00+00:00,0.7237861238479614,,,,2026-05-06 01:50:00+00:00,0.7234442852854729,state_change,-0.0472292230018323
AUDUSD,TREND,LONG,2026-05-06 03:00:00+00:00,0.7243626756548881,,,,2026-05-06 03:05:00+00:00,0.7242828740954399,state_change,-0.011016796161678055
AUDUSD,TREND,LONG,2026-05-06 04:25:00+00:00,0.724415138232708,,,,2026-05-06 04:35:00+00:00,0.7245977620482444,state_change,0.025209828715344607
AUDUSD,MEAN_REVERSION,SHORT,2026-05-07 04:15:00+00:00,0.7248604467749595,,,,2026-05-07 05:50:00+00:00,0.7252030307650565,midline,-0.047262061493524854
NZDUSD,TREND,LONG,2026-03-20 07:05:00+00:00,0.5884221805572509,,,,2026-03-20 07:10:00+00:00,0.5881868587493897,state_change,-0.03999200159966465
NZDUSD,TREND,SHORT,2026-03-20 09:00:00+00:00,0.5880484844446182,,,,2026-03-20 09:05:00+00:00,0.5882145360589027,state_change,-0.028237742070080785
NZDUSD,TREND,LONG,2026-03-20 12:05:00+00:00,0.587972492802143,,,,2026-03-20 12:10:00+00:00,0.5872885580301285,state_change,-0.11632087901851662
NZDUSD,MEAN_REVERSION,LONG,2026-03-23 00:40:00+00:00,0.5822902590751647,,,,2026-03-23 00:50:00+00:00,0.5819896326184273,state_change,-0.05162828195253155
NZDUSD,TREND,SHORT,2026-03-23 21:15:00+00:00,0.5857402198791504,,,,2026-03-23 21:20:00+00:00,0.5856657490253449,state_change,0.012713973068279039
NZDUSD,TREND,SHORT,2026-03-23 21:40:00+00:00,0.5854658549785614,,,,2026-03-23 21:45:00+00:00,0.585905884552002,state_change,-0.07515887898479345
NZDUSD,TREND,SHORT,2026-03-25 12:15:00+00:00,0.5817525727629662,,,,2026-03-25 12:20:00+00:00,0.5816807393074036,state_change,0.012347767577791657
NZDUSD,TREND,SHORT,2026-03-25 12:45:00+00:00,0.5813128380537034,,,,2026-03-25 12:50:00+00:00,0.5818160689115525,state_change,-0.08656799315389652
NZDUSD,TREND,SHORT,2026-03-26 07:05:00+00:00,0.5790906253814697,,,,2026-03-26 07:10:00+00:00,0.5793558720946311,state_change,-0.045804007444716355
NZDUSD,TREND,SHORT,2026-03-26 14:40:00+00:00,0.5783536421656609,,,,2026-03-26 14:45:00+00:00,0.5784846952199936,state_change,-0.0226596747695762
NZDUSD,TREND,SHORT,2026-03-26 17:40:00+00:00,0.5761871486902237,,,,2026-03-26 17:45:00+00:00,0.5764509356975556,state_change,-0.04578148053657749
NZDUSD,TREND,LONG,2026-03-26 20:10:00+00:00,0.5776160818576812,,,,2026-03-26 20:15:00+00:00,0.5768853370428085,state_change,-0.12651046912034447
NZDUSD,MEAN_REVERSION,LONG,2026-03-29 23:05:00+00:00,0.5733119446635246,,,,2026-03-30 00:05:00+00:00,0.5730169945597648,state_change,-0.05144670480098368
NZDUSD,TREND,LONG,2026-03-30 01:00:00+00:00,0.5739370243549347,,,,2026-03-30 01:05:00+00:00,0.5732469628810882,state_change,-0.12023296016179241
NZDUSD,TREND,SHORT,2026-03-30 07:00:00+00:00,0.5736745406746865,,,,2026-03-30 07:05:00+00:00,0.5737723634004592,state_change,-0.017051955217972647
NZDUSD,TREND,SHORT,2026-03-30 12:10:00+00:00,0.5720007002472878,,,,2026-03-30 12:15:00+00:00,0.5722295462965965,state_change,-0.04000800160031126
NZDUSD,TREND,SHORT,2026-03-30 21:40:00+00:00,0.5715102521300316,,,,2026-03-30 21:45:00+00:00,0.5724587719917297,state_change,-0.16596725223438913
NZDUSD,TREND,LONG,2026-03-31 07:30:00+00:00,0.5715102128148078,,,,2026-03-31 07:35:00+00:00,0.5713469680666924,state_change,-0.028563749947962958
NZDUSD,TREND,LONG,2026-03-31 11:15:00+00:00,0.5715428826928138,2026-03-31 11:20:00+00:00,0.5717716854095459,0.020016233572373032,2026-03-31 11:35:00+00:00,0.5719679838418961,state_change_after_partial,0.05720514467204563
NZDUSD,TREND,SHORT,2026-03-31 13:00:00+00:00,0.5720007002472878,,,,2026-03-31 13:05:00+00:00,0.572426042497158,state_change,-0.07436044216140303
NZDUSD,TREND,LONG,2026-03-31 13:50:00+00:00,0.5737065467119217,,,,2026-03-31 13:55:00+00:00,0.5734113196134567,state_change,-0.05145960075878531
NZDUSD,TREND,SHORT,2026-03-31 14:50:00+00:00,0.5714122816920281,2026-03-31 14:55:00+00:00,0.5704020600914955,0.08839690998075356,2026-03-31 15:05:00+00:00,0.571118591594696,state_change_after_partial,0.11409552608875884
NZDUSD,TREND,LONG,2026-03-31 16:40:00+00:00,0.5734433991909027,,,,2026-03-31 16:45:00+00:00,0.5725575942516327,state_change,-0.154471206839224
NZDUSD,TREND,SHORT,2026-04-01 07:50:00+00:00,0.5754575549721718,,,,2026-04-01 07:55:00+00:00,0.5755553160309791,state_change,-0.016988404785478473
NZDUSD,TREND,LONG,2026-04-01 08:30:00+00:00,0.5774493343234062,,,,2026-04-01 08:35:00+00:00,0.5769852144479751,state_change,-0.08037412944199573
NZDUSD,MEAN_REVERSION,SHORT,2026-04-06 02:10:00+00:00,0.570141407263279,,,,2026-04-06 03:15:00+00:00,0.5701419530153274,midline,-9.572222636755612e-05
NZDUSD,TREND,LONG,2026-04-06 06:50:00+00:00,0.5711838717341423,,,,2026-04-06 06:55:00+00:00,0.5708575926184655,state_change,-0.057123306840978216
NZDUSD,TREND,LONG,2026-04-06 21:00:00+00:00,0.5717389019608498,,,,2026-04-06 21:05:00+00:00,0.5714775357246399,state_change,-0.04571426490544983
NZDUSD,TREND,LONG,2026-04-06 21:40:00+00:00,0.5725571393251419,,,,2026-04-06 21:45:00+00:00,0.5712489976286889,state_change,-0.2284735630045387
NZDUSD,TREND,SHORT,2026-04-07 21:10:00+00:00,0.5720989090561867,,,,2026-04-07 21:15:00+00:00,0.5731804901361466,state_change,-0.1890549104077488
NZDUSD,TREND,SHORT,2026-04-08 13:35:00+00:00,0.5836203279137612,,,,2026-04-08 13:40:00+00:00,0.5837515803337097,state_change,-0.02248935029691701
NZDUSD,TREND,SHORT,2026-04-08 14:15:00+00:00,0.5837907035112381,,,,2026-04-08 14:20:00+00:00,0.5838197816848755,state_change,-0.004980924407060883
NZDUSD,TREND,SHORT,2026-04-08 15:05:00+00:00,0.5833479295730591,,,,2026-04-08 15:10:00+00:00,0.583581315422058,state_change,-0.040008001600289056
NZDUSD,TREND,SHORT,2026-04-08 18:15:00+00:00,0.5824982565164566,,,,2026-04-08 18:20:00+00:00,0.5827652242541314,state_change,-0.04583150845314243
NZDUSD,MEAN_REVERSION,LONG,2026-04-09 00:10:00+00:00,0.581985320341587,,,,2026-04-09 00:25:00+00:00,0.5821929629921914,state_change,0.03567833128204079
NZDUSD,TREND,SHORT,2026-04-09 18:00:00+00:00,0.5865649831771851,,,,2026-04-09 18:05:00+00:00,0.5865588051795959,state_change,0.0010532503245785918
NZDUSD,TREND,LONG,2026-04-09 21:00:00+00:00,0.5868341144800187,,,,2026-04-09 21:05:00+00:00,0.5864961535811425,state_change,-0.05759053377045742
NZDUSD,TREND,SHORT,2026-04-09 21:10:00+00:00,0.5857402198791504,,,,2026-04-09 21:15:00+00:00,0.5860775802612305,state_change,-0.057595563806378536
NZDUSD,TREND,LONG,2026-04-10 06:00:00+00:00,0.5853915128231049,,,,2026-04-10 06:05:00+00:00,0.5850547247767448,state_change,-0.057532102700952326
NZDUSD,TREND,LONG,2026-04-10 14:00:00+00:00,0.5862493355870246,,,,2026-04-10 14:05:00+00:00,0.5857745452880859,state_change,-0.08098777603957608
NZDUSD,TREND,SHORT,2026-04-10 20:55:00+00:00,0.583756616473198,,,,2026-04-10 21:00:00+00:00,0.5838879234194756,state_change,-0.022493440343485105
NZDUSD,TREND,SHORT,2026-04-12 23:00:00+00:00,0.5800986363053322,,,,2026-04-12 23:05:00+00:00,0.5803307221770286,state_change,-0.04000800160031126
NZDUSD,TREND,LONG,2026-04-14 08:35:00+00:00,0.5896710283756256,,,,2026-04-14 08:40:00+00:00,0.5891573262572288,state_change,-0.08711673012185006
NZDUSD,MEAN_REVERSION,LONG,2026-04-14 21:10:00+00:00,0.5900884635686874,,,,2026-04-14 21:30:00+00:00,0.5902703991532325,midline,0.030831916869700215
NZDUSD,TREND,LONG,2026-04-15 07:00:00+00:00,0.5908204953789711,,,,2026-04-15 07:05:00+00:00,0.5904795696139336,state_change,-0.0577037810475467
NZDUSD,TREND,SHORT,2026-04-15 13:40:00+00:00,0.5893309794545174,,,,2026-04-15 13:45:00+00:00,0.5897753573656082,state_change,-0.07540379287409582
NZDUSD,MEAN_REVERSION,LONG,2026-04-16 01:35:00+00:00,0.5907506843805312,,,,2026-04-16 01:50:00+00:00,0.5912827603459359,midline,0.09006776961462126
NZDUSD,MEAN_REVERSION,LONG,2026-04-16 23:45:00+00:00,0.5890459486842156,,,,2026-04-17 00:45:00+00:00,0.5888450007915497,midline,-0.03411412863711938
NZDUSD,TREND,LONG,2026-04-17 13:35:00+00:00,0.5925004305839539,,,,2026-04-17 13:40:00+00:00,0.5922284372806549,state_change,-0.04590600938988443
NZDUSD,TREND,LONG,2026-04-17 14:20:00+00:00,0.5928165176153183,,,,2026-04-17 14:25:00+00:00,0.5924740784883499,state_change,-0.05776477489964904
NZDUSD,TREND,SHORT,2026-04-17 14:50:00+00:00,0.5917026506781579,,,,2026-04-17 14:55:00+00:00,0.5919043841600418,state_change,-0.03409372624116891
NZDUSD,TREND,SHORT,2026-04-17 15:00:00+00:00,0.5911428962230683,,,,2026-04-17 15:05:00+00:00,0.591484325838089,state_change,-0.057757543430225766
NZDUSD,TREND,LONG,2026-04-20 15:20:00+00:00,0.58963627191782,,,,2026-04-20 15:25:00+00:00,0.5893657220125198,state_change,-0.045884203225865505
NZDUSD,TREND,SHORT,2026-04-21 15:20:00+00:00,0.5904795696139336,,,,2026-04-21 15:25:00+00:00,0.5903671113967895,state_change,0.019045234235204322
NZDUSD,TREND,SHORT,2026-04-21 16:20:00+00:00,0.5901658735156059,,,,2026-04-21 16:25:00+00:00,0.5903671113967895,state_change,-0.034098528941517436
NZDUSD,TREND,SHORT,2026-04-21 19:40:00+00:00,0.5874610789656639,,,,2026-04-21 19:55:00+00:00,0.5877306283950805,state_change,-0.0458837936789358
NZDUSD,TREND,LONG,2026-04-21 20:20:00+00:00,0.590506554543972,,,,2026-04-21 20:25:00+00:00,0.5902007352590561,state_change,-0.05178931250848784
NZDUSD,TREND,LONG,2026-04-22 05:15:00+00:00,0.5919043841600418,,,,2026-04-22 05:20:00+00:00,0.5916326292276383,state_change,-0.04591196478281878
NZDUSD,MEAN_REVERSION,SHORT,2026-04-23 11:45:00+00:00,0.5883599160194397,,,,2026-04-23 11:50:00+00:00,0.5890805859088898,state_change,-0.12248793125231305
NZDUSD,TREND,SHORT,2026-04-23 17:00:00+00:00,0.5871160966873169,2026-04-23 17:05:00+00:00,0.5867307989716529,0.03281273651309924,2026-04-23 17:15:00+00:00,0.5857343676924706,state_change_after_partial,0.15048358582573917
NZDUSD,TREND,LONG,2026-04-23 21:05:00+00:00,0.5864212101459503,,,,2026-04-23 21:15:00+00:00,0.5852944663047791,state_change,-0.1921389986714095
NZDUSD,TREND,SHORT,2026-04-29 01:45:00+00:00,0.5880138610720634,,,,2026-04-29 01:50:00+00:00,0.5882837508916855,state_change,-0.04589854720942199
NZDUSD,MEAN_REVERSION,LONG,2026-04-29 12:35:00+00:00,0.5855971899747848,,,,2026-04-29 13:20:00+00:00,0.584541631424427,state_change,-0.18025334964520967
NZDUSD,TREND,LONG,2026-05-04 04:30:00+00:00,0.5922198154091834,,,,2026-05-04 04:35:00+00:00,0.5920180153727531,state_change,-0.03407519153861838
NZDUSD,TREND,LONG,2026-05-04 12:15:00+00:00,0.5895667590022087,,,,2026-05-04 12:20:00+00:00,0.5891920688152313,state_change,-0.06355347910242948
NZDUSD,TREND,LONG,2026-05-04 13:05:00+00:00,0.5897057848334313,,,,2026-05-04 13:10:00+00:00,0.5892962368965149,state_change,-0.06944953694698608
NZDUSD,TREND,SHORT,2026-05-04 22:00:00+00:00,0.5871505412817002,,,,2026-05-04 22:05:00+00:00,0.5874199664711952,state_change,-0.045886901322944595
NZDUSD,TREND,LONG,2026-05-06 01:45:00+00:00,0.5931680765032769,,,,2026-05-06 01:50:00+00:00,0.5929660164237023,state_change,-0.03406455734531466
NZDUSD,TREND,LONG,2026-05-06 03:00:00+00:00,0.5938724462270737,,,,2026-05-06 03:05:00+00:00,0.5935997254490852,state_change,-0.04592245013572693
NZDUSD,MEAN_REVERSION,SHORT,2026-05-06 21:05:00+00:00,0.5962191832184792,,,,2026-05-06 21:20:00+00:00,0.5958182116985321,midline,0.06725236812787916
NZDUSD,TREND,SHORT,2026-05-08 13:05:00+00:00,0.5952607534408569,,,,2026-05-08 13:10:00+00:00,0.5953925494194031,state_change,-0.02214088158580818
NZDUSD,TREND,LONG,2026-05-08 13:30:00+00:00,0.5967424473166466,,,,2026-05-08 13:35:00+00:00,0.5963259137868882,state_change,-0.069801223564947
EURGBP,MEAN_REVERSION,SHORT,2026-03-20 06:30:00+00:00,0.8622974771857261,,,,2026-03-20 07:15:00+00:00,0.8623424149990082,midline,-0.005211404935190345
EURGBP,TREND,SHORT,2026-03-23 11:05:00+00:00,0.8634272956371307,,,,2026-03-23 11:10:00+00:00,0.8654130258321762,state_change,-0.22998232799440466
EURGBP,MEAN_REVERSION,LONG,2026-03-24 00:05:00+00:00,0.8645628936052322,,,,2026-03-24 00:30:00+00:00,0.8644170711874962,midline,-0.01686660609824253
EURGBP,MEAN_REVERSION,SHORT,2026-03-24 00:50:00+00:00,0.8646570510864258,,,,2026-03-24 01:55:00+00:00,0.8650029830932617,midline,-0.040008001600333465
EURGBP,MEAN_REVERSION,SHORT,2026-03-26 00:05:00+00:00,0.8650969645738602,,,,2026-03-26 00:30:00+00:00,0.8652530149698258,midline,-0.018038486129978715
EURGBP,MEAN_REVERSION,SHORT,2026-03-27 07:40:00+00:00,0.8651669264316559,,,,2026-03-27 08:20:00+00:00,0.8652029966711998,midline,-0.004169165330059066
EURGBP,MEAN_REVERSION,SHORT,2026-03-27 15:55:00+00:00,0.866486666893959,,,,2026-03-27 18:00:00+00:00,0.8677834997177124,state_change,-0.1496656409500252
EURGBP,MEAN_REVERSION,SHORT,2026-03-30 13:35:00+00:00,0.8690361628055573,,,,2026-03-30 14:05:00+00:00,0.869263838660717,state_change,-0.026198662944554307
EURGBP,TREND,LONG,2026-03-31 15:45:00+00:00,0.8731646101713181,,,,2026-03-31 15:50:00+00:00,0.873045382487774,state_change,-0.013654662838513687
EURGBP,MEAN_REVERSION,LONG,2026-04-01 21:00:00+00:00,0.8703840339303016,,,,2026-04-01 21:15:00+00:00,0.8707257953047752,midline,0.03926558405837888
EURGBP,MEAN_REVERSION,SHORT,2026-04-02 21:05:00+00:00,0.8726954540133477,,,,2026-04-02 21:15:00+00:00,0.8724544576406479,midline,0.027615174525263964
EURGBP,MEAN_REVERSION,SHORT,2026-04-06 06:50:00+00:00,0.8722055422306061,,,,2026-04-06 08:05:00+00:00,0.8725244474887848,midline,-0.036563085504259796
EURGBP,MEAN_REVERSION,LONG,2026-04-06 20:50:00+00:00,0.8720943735837936,,,,2026-04-06 20:55:00+00:00,0.8714756505489349,state_change,-0.07094679814479976
EURGBP,MEAN_REVERSION,LONG,2026-04-07 06:25:00+00:00,0.871474242067337,,,,2026-04-07 07:05:00+00:00,0.8716256454348564,midline,0.017373246415197663
EURGBP,MEAN_REVERSION,SHORT,2026-04-09 07:15:00+00:00,0.870975786781311,,,,2026-04-09 07:30:00+00:00,0.8708041518688202,midline,0.019706048675027787
EURGBP,MEAN_REVERSION,LONG,2026-04-09 11:40:00+00:00,0.87069409968853,,,,2026-04-09 12:30:00+00:00,0.8708157803177834,midline,0.013975129646226492
EURGBP,MEAN_REVERSION,LONG,2026-04-09 21:10:00+00:00,0.8704540833950043,,,,2026-04-09 21:55:00+00:00,0.8703858784079552,midline,-0.007835564029179398
EURGBP,MEAN_REVERSION,LONG,2026-04-13 13:20:00+00:00,0.8703040284991265,,,,2026-04-13 14:30:00+00:00,0.8699759996533394,midline,-0.037691293507258194
EURGBP,MEAN_REVERSION,LONG,2026-04-14 04:55:00+00:00,0.8705040420770644,,,,2026-04-14 05:35:00+00:00,0.8702858818173409,midline,-0.025061372397883197
EURGBP,MEAN_REVERSION,LONG,2026-04-14 06:00:00+00:00,0.8702839973330497,,,,2026-04-14 06:30:00+00:00,0.8703059049725532,midline,0.0025172977522913698
EURGBP,MEAN_REVERSION,LONG,2026-04-14 21:00:00+00:00,0.8690737810492516,,,,2026-04-14 21:15:00+00:00,0.8692261444091797,midline,0.017531694460304337
EURGBP,MEAN_REVERSION,SHORT,2026-04-15 05:35:00+00:00,0.8689662009477616,,,,2026-04-15 06:40:00+00:00,0.869213820362091,midline,-0.028495862561683794
EURGBP,MEAN_REVERSION,SHORT,2026-04-17 10:35:00+00:00,0.8716156338572503,,,,2026-04-17 11:40:00+00:00,0.8719243471384048,midline,-0.03541851122934592
EURGBP,MEAN_REVERSION,SHORT,2026-04-20 05:05:00+00:00,0.8707558300375938,,,,2026-04-20 09:45:00+00:00,0.8711341891765594,midline,-0.04345180657006065
EURGBP,MEAN_REVERSION,LONG,2026-04-20 18:35:00+00:00,0.8705440447926521,,,,2026-04-20 19:10:00+00:00,0.8703458916902542,midline,-0.022761984713259853
EURGBP,MEAN_REVERSION,SHORT,2026-04-20 19:50:00+00:00,0.8706258583068848,,,,2026-04-20 20:40:00+00:00,0.8708441545844078,midline,-0.02507348885174565
EURGBP,TREND,SHORT,2026-04-21 06:00:00+00:00,0.8701958968043327,,,,2026-04-21 06:05:00+00:00,0.8707041152715683,state_change,-0.058402765297094206
EURGBP,MEAN_REVERSION,LONG,2026-04-21 12:25:00+00:00,0.8698539234280586,,,,2026-04-21 12:30:00+00:00,0.8700859482288361,state_change,0.026673996004200617
EURGBP,MEAN_REVERSION,LONG,2026-04-21 17:30:00+00:00,0.8696338786840438,,,,2026-04-21 18:05:00+00:00,0.8695160630106926,midline,-0.013547732699825676
EURGBP,MEAN_REVERSION,LONG,2026-04-21 20:55:00+00:00,0.869183773612976,,,,2026-04-21 21:00:00+00:00,0.8694960398554802,midline,0.03592637736506976
EURGBP,MEAN_REVERSION,LONG,2026-04-22 13:15:00+00:00,0.8686736942768096,,,,2026-04-22 16:50:00+00:00,0.8671065504074097,state_change,-0.18040650703767813
EURGBP,TREND,SHORT,2026-04-23 08:30:00+00:00,0.8666066270470619,2026-04-23 08:35:00+00:00,0.8667533254623413,-0.008463956465420974,2026-04-23 08:40:00+00:00,0.8666032705664635,state_change_after_partial,-0.008270299938129
EURGBP,TREND,SHORT,2026-04-23 09:15:00+00:00,0.8660767285466194,,,,2026-04-23 09:20:00+00:00,0.8664332441210747,state_change,-0.041164432977369714
EURGBP,MEAN_REVERSION,LONG,2026-04-23 20:55:00+00:00,0.8676134732723236,,,,2026-04-23 21:45:00+00:00,0.8672865204334259,midline,-0.037684158783812816
EURGBP,MEAN_REVERSION,LONG,2026-04-24 09:15:00+00:00,0.8671233654856682,,,,2026-04-24 10:40:00+00:00,0.8671265139698983,midline,0.00036309530517808497
EURGBP,MEAN_REVERSION,LONG,2026-04-24 12:55:00+00:00,0.8673634413957596,,,,2026-04-24 13:40:00+00:00,0.867496465599537,midline,0.015336616397298997
EURGBP,MEAN_REVERSION,LONG,2026-04-27 20:55:00+00:00,0.8659231647849083,,,,2026-04-27 21:00:00+00:00,0.8651369512915611,state_change,-0.09079483322778081
EURGBP,MEAN_REVERSION,SHORT,2026-04-28 05:40:00+00:00,0.8657268000721932,,,,2026-04-28 06:50:00+00:00,0.865863130903244,midline,-0.01574755812565609
EURGBP,TREND,LONG,2026-04-29 13:45:00+00:00,0.8674934651255607,,,,2026-04-29 13:50:00+00:00,0.8669565555214882,state_change,-0.06189206324392904
EURGBP,MEAN_REVERSION,LONG,2026-04-29 21:00:00+00:00,0.8660731600642204,,,,2026-04-29 21:20:00+00:00,0.8661167152643204,midline,0.00502904397785553
EURGBP,TREND,SHORT,2026-04-30 06:30:00+00:00,0.8656468266367913,,,,2026-04-30 06:35:00+00:00,0.8660831756472588,state_change,-0.05040727893184105
EURGBP,MEAN_REVERSION,LONG,2026-05-01 06:35:00+00:00,0.8623124278664589,,,,2026-05-01 06:50:00+00:00,0.8621375303149224,state_change,-0.02028238790078296
EURGBP,MEAN_REVERSION,LONG,2026-05-01 13:55:00+00:00,0.8623724617481231,,,,2026-05-01 14:05:00+00:00,0.8626174305200577,midline,0.028406376919543064
EURGBP,MEAN_REVERSION,LONG,2026-05-04 11:55:00+00:00,0.8636927302122116,,,,2026-05-04 13:00:00+00:00,0.8634772939324379,midline,-0.024943625462814367
EURGBP,MEAN_REVERSION,LONG,2026-05-06 07:05:00+00:00,0.8633826644539833,,,,2026-05-06 08:40:00+00:00,0.8628973971366882,midline,-0.05620535798016579
EURGBP,MEAN_REVERSION,SHORT,2026-05-06 14:50:00+00:00,0.8638971842646599,,,,2026-05-06 15:30:00+00:00,0.864402823126316,state_change,-0.05852998144524335
EURGBP,MEAN_REVERSION,LONG,2026-05-06 21:05:00+00:00,0.8637227173447609,,,,2026-05-06 21:45:00+00:00,0.8640071924328804,midline,0.03293592751547614
EURGBP,MEAN_REVERSION,SHORT,2026-05-07 00:35:00+00:00,0.8643270861744881,,,,2026-05-07 01:00:00+00:00,0.8644428258419037,midline,-0.013390725486561728
EURGBP,MEAN_REVERSION,SHORT,2026-05-07 20:35:00+00:00,0.8652069131493568,,,,2026-05-07 20:55:00+00:00,0.8649529647946358,midline,0.029351170322555742
EURAUD,TREND,LONG,2026-03-20 09:50:00+00:00,1.6350069687366484,,,,2026-03-20 09:55:00+00:00,1.634243088555336,state_change,-0.046720301253677654
EURAUD,MEAN_REVERSION,SHORT,2026-03-23 07:00:00+00:00,1.6582383371829987,,,,2026-03-23 07:25:00+00:00,1.6578814872980117,state_change,0.021519818773052535
EURAUD,TREND,LONG,2026-03-23 10:15:00+00:00,1.6583015456199646,,,,2026-03-23 10:20:00+00:00,1.6587281893730164,state_change,0.025727754652260515
EURAUD,TREND,SHORT,2026-03-23 11:05:00+00:00,1.6474603971481323,,,,2026-03-23 11:10:00+00:00,1.6475594751119613,state_change,-0.006013981519714662
EURAUD,TREND,SHORT,2026-03-23 11:25:00+00:00,1.6492200510978698,,,,2026-03-23 11:45:00+00:00,1.6529205543994903,state_change,-0.22437899049050358
EURAUD,TREND,SHORT,2026-03-23 13:45:00+00:00,1.6503598215341568,,,,2026-03-23 13:50:00+00:00,1.651070175433159,state_change,-0.04304236504870662
EURAUD,TREND,SHORT,2026-03-23 14:45:00+00:00,1.6472605231523514,,,,2026-03-23 14:50:00+00:00,1.6480495232820511,state_change,-0.04789771372593066
EURAUD,TREND,LONG,2026-03-23 15:15:00+00:00,1.6508801178216934,,,,2026-03-23 15:20:00+00:00,1.6514696764230727,state_change,0.03571177549568372
EURAUD,TREND,SHORT,2026-03-23 17:30:00+00:00,1.653069264316559,,,,2026-03-23 17:40:00+00:00,1.6537306242942809,state_change,-0.04000800160031126
EURAUD,MEAN_REVERSION,LONG,2026-03-25 21:00:00+00:00,1.6622923977613449,,,,2026-03-25 22:00:00+00:00,1.6640671015024187,midline,0.10676242900851118
EURAUD,MEAN_REVERSION,LONG,2026-04-01 11:30:00+00:00,1.6687836879014968,,,,2026-04-01 12:20:00+00:00,1.6691761049032212,midline,0.023515150859232392
EURAUD,MEAN_REVERSION,LONG,2026-04-06 21:00:00+00:00,1.667833519077301,,,,2026-04-06 21:10:00+00:00,1.6677563678503038,midline,-0.004625835019789193
EURAUD,MEAN_REVERSION,LONG,2026-04-07 12:00:00+00:00,1.6662031252384186,,,,2026-04-07 12:35:00+00:00,1.6667165940046311,midline,0.030816696862157045
EURAUD,MEAN_REVERSION,SHORT,2026-04-07 13:40:00+00:00,1.6678363412857056,,,,2026-04-07 13:55:00+00:00,1.669173818707466,state_change,-0.08019236592058387
EURAUD,MEAN_REVERSION,SHORT,2026-04-13 11:25:00+00:00,1.659677978205681,,,,2026-04-13 12:00:00+00:00,1.6618422926902772,state_change,-0.13040568791158336
EURAUD,MEAN_REVERSION,SHORT,2026-04-13 18:30:00+00:00,1.6559686887025833,,,,2026-04-13 20:35:00+00:00,1.6570213394880295,midline,-0.06356707059909095
EURAUD,MEAN_REVERSION,LONG,2026-04-13 21:20:00+00:00,1.6562111503601074,,,,2026-04-13 22:05:00+00:00,1.6564386369228363,midline,0.013735359931588143
EURAUD,MEAN_REVERSION,LONG,2026-04-17 20:55:00+00:00,1.640278027009964,,,,2026-04-19 23:00:00+00:00,1.6434012983560562,midline,0.1904110946231219
EURAUD,MEAN_REVERSION,LONG,2026-04-21 10:05:00+00:00,1.6437087218999862,,,,2026-04-21 12:10:00+00:00,1.6424414979457855,midline,-0.07709540853052532
EURAUD,MEAN_REVERSION,LONG,2026-04-22 20:55:00+00:00,1.6341767484426497,,,,2026-04-22 21:00:00+00:00,1.6348829952239992,midline,0.04321728246485801
EURAUD,TREND,SHORT,2026-04-23 21:00:00+00:00,1.6366625531435013,,,,2026-04-23 21:05:00+00:00,1.6378474596261978,state_change,-0.07239772672873457
EURAUD,TREND,LONG,2026-04-23 21:10:00+00:00,1.6397778440237045,,,,2026-04-23 21:15:00+00:00,1.6389721287488939,state_change,-0.049135636131880656
EURAUD,MEAN_REVERSION,LONG,2026-04-27 17:30:00+00:00,1.630616089439392,,,,2026-04-27 18:30:00+00:00,1.6304838603496552,midline,-0.008109149087465184
EURAUD,MEAN_REVERSION,LONG,2026-04-27 20:55:00+00:00,1.630486006093025,,,,2026-04-27 21:00:00+00:00,1.630983724117279,midline,0.030525746458054392
EURAUD,TREND,LONG,2026-04-29 15:50:00+00:00,1.6412981856822968,,,,2026-04-29 15:55:00+00:00,1.6401018876075746,state_change,-0.07288730866567006
EURAUD,MEAN_REVERSION,LONG,2026-05-01 13:05:00+00:00,1.6320462908506392,,,,2026-05-01 14:30:00+00:00,1.6310037472724914,midline,-0.06387953478969033
EURAUD,TREND,SHORT,2026-05-04 13:05:00+00:00,1.6281343576192857,,,,2026-05-04 13:10:00+00:00,1.6296058271169662,state_change,-0.09037764548081029
EURAUD,MEAN_REVERSION,LONG,2026-05-04 21:00:00+00:00,1.6300759633541106,,,,2026-05-04 22:00:00+00:00,1.6307037575006484,midline,0.038513183474342405
EURAUD,MEAN_REVERSION,LONG,2026-05-05 00:05:00+00:00,1.630896168065071,,,,2026-05-05 00:10:00+00:00,1.6306638303756715,midline,-0.014246013569041427
EURAUD,MEAN_REVERSION,SHORT,2026-05-05 00:20:00+00:00,1.631613619208336,,,,2026-05-05 02:00:00+00:00,1.632626479268074,midline,-0.0620772006199255
EURAUD,TREND,SHORT,2026-05-05 04:30:00+00:00,1.6295340715169906,,,,2026-05-05 04:35:00+00:00,1.630866121315956,state_change,-0.08174421279363298
EURAUD,MEAN_REVERSION,LONG,2026-05-05 20:55:00+00:00,1.6271154047012328,,,,2026-05-05 21:25:00+00:00,1.627884306550026,midline,0.04725552020290458
EURAUD,MEAN_REVERSION,LONG,2026-05-06 20:55:00+00:00,1.6227345409870146,,,,2026-05-06 21:20:00+00:00,1.622805337882042,midline,0.004362814326008824
AUDNZD,MEAN_REVERSION,LONG,2026-03-20 20:30:00+00:00,1.2037006700992583,,,,2026-03-20 20:40:00+00:00,1.2040891015052795,midline,0.03226976736576681
AUDNZD,MEAN_REVERSION,LONG,2026-03-23 00:05:00+00:00,1.2015802280902863,,,,2026-03-23 00:15:00+00:00,1.2011297268390655,state_change,-0.03749239881691846
AUDNZD,TREND,LONG,2026-03-23 11:05:00+00:00,1.2026404490947724,,,,2026-03-23 11:15:00+00:00,1.203359329009056,state_change,0.05977513186294914
AUDNZD,TREND,SHORT,2026-03-23 12:30:00+00:00,1.2004798085927963,,,,2026-03-23 12:35:00+00:00,1.2007100646972655,state_change,-0.01918033962928778
AUDNZD,MEAN_REVERSION,SHORT,2026-03-26 00:40:00+00:00,1.1965207063913346,,,,2026-03-26 01:30:00+00:00,1.196349232149124,midline,0.014331071856477084
AUDNZD,MEAN_REVERSION,LONG,2026-03-26 20:55:00+00:00,1.194758900642395,,,,2026-03-26 21:05:00+00:00,1.195690818119049,midline,0.07800046320247667
AUDNZD,MEAN_REVERSION,LONG,2026-03-29 23:05:00+00:00,1.1955190118551253,,,,2026-03-29 23:30:00+00:00,1.1954208630800247,midline,-0.008209720977025992
AUDNZD,MEAN_REVERSION,LONG,2026-04-01 20:55:00+00:00,1.2035206280708313,,,,2026-04-01 21:00:00+00:00,1.2025194291591645,state_change,-0.08318917751094501
AUDNZD,MEAN_REVERSION,SHORT,2026-04-02 19:55:00+00:00,1.2077184175729752,,,,2026-04-02 20:55:00+00:00,1.2083315656900406,midline,-0.05076912864321326
AUDNZD,TREND,SHORT,2026-04-02 21:00:00+00:00,1.204788958454132,,,,2026-04-02 21:05:00+00:00,1.207171427321434,state_change,-0.1977498922598908
AUDNZD,MEAN_REVERSION,SHORT,2026-04-06 13:30:00+00:00,1.2110277207136155,,,,2026-04-06 13:45:00+00:00,1.211122217130661,midline,-0.007802993724181917
AUDNZD,MEAN_REVERSION,SHORT,2026-04-07 00:10:00+00:00,1.2111577520370485,,,,2026-04-07 01:35:00+00:00,1.2118522815942765,midline,-0.057344268825421096
AUDNZD,TREND,LONG,2026-04-07 14:55:00+00:00,1.217303381896019,,,,2026-04-07 15:00:00+00:00,1.216436713886261,state_change,-0.07119572841473021
AUDNZD,TREND,SHORT,2026-04-07 20:55:00+00:00,1.2148470183849336,,,,2026-04-07 21:00:00+00:00,1.21642320291996,state_change,-0.1297434583262813
AUDNZD,MEAN_REVERSION,LONG,2026-04-08 20:55:00+00:00,1.2091317392349243,,,,2026-04-08 21:10:00+00:00,1.2093380286216735,state_change,0.017060952091108028
AUDNZD,MEAN_REVERSION,LONG,2026-04-09 20:55:00+00:00,1.2082316483259201,,,,2026-04-09 21:00:00+00:00,1.2058587670326233,state_change,-0.19639290996760206
AUDNZD,TREND,SHORT,2026-04-09 21:25:00+00:00,1.2068486021757125,,,,2026-04-09 21:30:00+00:00,1.2083216693401337,state_change,-0.12205898583845798
AUDNZD,TREND,SHORT,2026-04-09 21:45:00+00:00,1.205728854894638,,,,2026-04-09 21:50:00+00:00,1.207421459197998,state_change,-0.14038017722548535
AUDNZD,MEAN_REVERSION,LONG,2026-04-13 18:55:00+00:00,1.2088317486763,,,,2026-04-13 19:30:00+00:00,1.2087281566858292,midline,-0.008569595444885003
AUDNZD,MEAN_REVERSION,LONG,2026-04-14 20:55:00+00:00,1.2068013276815415,,,,2026-04-14 21:00:00+00:00,1.2043991028547287,state_change,-0.19905719124686527
AUDNZD,TREND,SHORT,2026-04-14 21:00:00+00:00,1.2043991028547287,,,,2026-04-14 21:05:00+00:00,1.2072013548374176,state_change,-0.23266805629851284
AUDNZD,MEAN_REVERSION,LONG,2026-04-15 20:55:00+00:00,1.2118323696613311,,,,2026-04-15 21:00:00+00:00,1.2108777854204178,state_change,-0.07877197084446008
AUDNZD,MEAN_REVERSION,LONG,2026-04-17 05:30:00+00:00,1.2173434442281723,,,,2026-04-17 06:10:00+00:00,1.2172865061283111,midline,-0.004677242082429256
AUDNZD,TREND,SHORT,2026-04-21 01:35:00+00:00,1.2123274380207063,2026-04-21 01:40:00+00:00,1.212292371082306,0.0014462651467206378,2026-04-21 01:45:00+00:00,1.2129525649309159,state_change_after_partial,-0.024335833426836206
AUDNZD,TREND,SHORT,2026-04-22 21:00:00+00:00,1.209018134880066,,,,2026-04-22 21:05:00+00:00,1.2104120645999907,state_change,-0.1152943599198375
AUDNZD,MEAN_REVERSION,LONG,2026-04-23 07:25:00+00:00,1.214482802939415,,,,2026-04-23 07:55:00+00:00,1.2143670585870743,midline,-0.009530340986352304
AUDNZD,MEAN_REVERSION,SHORT,2026-04-24 03:00:00+00:00,1.2176664693355561,,,,2026-04-24 04:10:00+00:00,1.2180035188436509,midline,-0.027679953138459723
AUDNZD,MEAN_REVERSION,LONG,2026-04-24 08:20:00+00:00,1.217763502550125,,,,2026-04-24 08:40:00+00:00,1.217496510887146,state_change,-0.021924754882196584
AUDNZD,MEAN_REVERSION,LONG,2026-04-24 21:00:00+00:00,1.215192955470085,,,,2026-04-24 21:25:00+00:00,1.2155368637561799,midline,0.028300714264895
AUDNZD,TREND,LONG,2026-04-26 23:00:00+00:00,1.21713335545063,,,,2026-04-26 23:05:00+00:00,1.2167165613174438,state_change,-0.03424391676719596
AUDNZD,MEAN_REVERSION,LONG,2026-04-27 20:55:00+00:00,1.2156230293750763,,,,2026-04-27 21:00:00+00:00,1.2146370136260987,state_change,-0.08111196688043165
AUDNZD,MEAN_REVERSION,LONG,2026-04-28 06:05:00+00:00,1.2170033913373948,,,,2026-04-28 06:30:00+00:00,1.2171764979600908,midline,0.01422400495578735
AUDNZD,MEAN_REVERSION,LONG,2026-04-28 19:55:00+00:00,1.2203240340471266,,,,2026-04-28 20:25:00+00:00,1.2202458807945251,midline,-0.00640430331789732
AUDNZD,MEAN_REVERSION,LONG,2026-04-28 20:55:00+00:00,1.2193838808059692,,,,2026-04-28 21:05:00+00:00,1.2200458876132965,midline,0.05429027050036783
AUDNZD,MEAN_REVERSION,SHORT,2026-05-05 00:40:00+00:00,1.2209158221960068,,,,2026-05-05 01:25:00+00:00,1.2210542177438735,midline,-0.01133538818571811
AUDNZD,MEAN_REVERSION,LONG,2026-05-05 20:55:00+00:00,1.2188836978197097,,,,2026-05-05 21:10:00+00:00,1.2193560422420502,state_change,0.03875221427485087
AUDNZD,MEAN_REVERSION,LONG,2026-05-06 18:00:00+00:00,1.214612886285782,,,,2026-05-06 18:40:00+00:00,1.21443702044487,midline,-0.014479168045855584
AUDNZD,MEAN_REVERSION,LONG,2026-05-08 08:20:00+00:00,1.213482675433159,,,,2026-05-08 08:45:00+00:00,1.2126773664951325,state_change,-0.06636344748300882
