window,entry_thr,exit_ratio,trades,closed_pct,win_rate,pf,total_pnl,avg_hold,method
3,0.0005,0.0,27,70.37037037037037,0.4074074074074074,0.49717882066072344,-162.35691910119843,3932.4444444444443,Leave-One-Out
3,0.0005,0.1,1748,100.0,0.284324942791762,0.39745831382044844,-1103.920481357879,7.7070938215102975,Leave-One-Out
3,0.0005,0.2,2077,100.0,0.24891670678863745,0.3445809175826876,-1272.58089745518,4.5999037072701014,Leave-One-Out
3,0.001,0.0,27,70.37037037037037,0.48148148148148145,1.0372300888653454,3.9642859254168723,3695.4814814814813,Leave-One-Out
3,0.001,0.1,312,100.0,0.3108974358974359,0.5859053078964869,-66.22585432182271,6.32051282051282,Leave-One-Out
3,0.001,0.2,340,100.0,0.29705882352941176,0.6195902660145516,-56.43101229118564,4.0852941176470585,Leave-One-Out
3,0.002,0.0,14,64.28571428571429,0.5,2.124626375630473,17.954930610443284,3916.1428571428573,Leave-One-Out
3,0.002,0.1,27,100.0,0.2962962962962963,0.35734374136782576,-5.971425049239142,5.962962962962963,Leave-One-Out
3,0.002,0.2,27,100.0,0.2962962962962963,0.3077216869584857,-5.758936142854721,4.555555555555555,Leave-One-Out
3,0.003,0.0,6,50.0,0.5,1.0936516132006622,0.6269709008676443,5675.0,Leave-One-Out
3,0.003,0.1,7,100.0,0.0,0.0,-3.486319951329975,5.714285714285714,Leave-One-Out
3,0.003,0.2,7,100.0,0.0,0.0,-3.08281827424343,5.285714285714286,Leave-One-Out
3,0.005,0.0,1,100.0,0.0,0.0,-2.2786750386852628,2696.0,Leave-One-Out
3,0.005,0.1,1,100.0,0.0,0.0,-0.5294805939889624,7.0,Leave-One-Out
3,0.005,0.2,1,100.0,0.0,0.0,-0.5294805939889624,7.0,Leave-One-Out
6,0.0005,0.0,13,15.384615384615385,0.5384615384615384,1.4707213951936446,66.77803887891588,8290.153846153846,Leave-One-Out
6,0.0005,0.1,2174,99.9540018399264,0.2755289788408464,0.43370457087340375,-1283.6838396689352,10.128794848206072,Leave-One-Out
6,0.0005,0.2,2630,99.96197718631178,0.25741444866920155,0.3583362326584537,-1583.0794887638772,6.288593155893536,Leave-One-Out
6,0.001,0.0,13,15.384615384615385,0.5384615384615384,1.4729037926186894,32.60698319524824,8189.384615384615,Leave-One-Out
6,0.001,0.1,434,100.0,0.3317972350230415,0.5852179655799798,-93.35688563311207,9.202764976958525,Leave-One-Out
6,0.001,0.2,490,100.0,0.32857142857142857,0.6595144869611849,-75.68888761622006,5.9918367346938775,Leave-One-Out
6,0.002,0.0,10,20.0,0.7,9.265661098169298,41.745462769703366,6360.2,Leave-One-Out
6,0.002,0.1,41,100.0,0.3170731707317073,0.5235722803875046,-5.297260126859825,7.975609756097561,Leave-One-Out
6,0.002,0.2,42,100.0,0.2619047619047619,0.342506765244694,-8.330614536357862,6.023809523809524,Leave-One-Out
6,0.003,0.0,7,14.285714285714285,0.5714285714285714,2.678746541117605,8.088771033905669,7634.571428571428,Leave-One-Out
6,0.003,0.1,13,100.0,0.23076923076923078,0.3219483025710291,-2.549832124879728,7.6923076923076925,Leave-One-Out
6,0.003,0.2,13,100.0,0.15384615384615385,0.2336681092234572,-3.2399267724594702,6.6923076923076925,Leave-One-Out
6,0.005,0.0,1,100.0,0.0,0.0,-0.6267808123340046,6919.0,Leave-One-Out
6,0.005,0.1,1,100.0,0.0,0.0,-0.4924026651986768,9.0,Leave-One-Out
6,0.005,0.2,1,100.0,0.0,0.0,-0.4646045755693162,6.0,Leave-One-Out
12,0.0005,0.0,13,15.384615384615385,0.46153846153846156,0.5875449258708049,-92.39052904733038,8283.538461538461,Leave-One-Out
12,0.0005,0.1,2412,99.91708126036484,0.31923714759535654,0.4854221690346071,-1325.806462993433,14.075456053067994,Leave-One-Out
12,0.0005,0.2,2939,99.96597482136781,0.2745831915617557,0.3902489056164977,-1790.6499158467316,9.354542361347397,Leave-One-Out
12,0.001,0.0,13,15.384615384615385,0.38461538461538464,0.925778824661556,-7.1709378695808965,8196.384615384615,Leave-One-Out
12,0.001,0.1,641,100.0,0.3291731669266771,0.5365095228339312,-174.2971462151647,13.533541341653667,Leave-One-Out
12,0.001,0.2,725,100.0,0.3006896551724138,0.4842613784228322,-194.67290377772116,9.52551724137931,Leave-One-Out
12,0.002,0.0,12,16.666666666666664,0.5,1.7878111529886205,22.37759365466219,6708.583333333333,Leave-One-Out
12,0.002,0.1,74,100.0,0.3108108108108108,0.5112054261971295,-13.809758053931866,13.27027027027027,Leave-One-Out
12,0.002,0.2,78,100.0,0.34615384615384615,0.4948517939992585,-14.260275081367123,10.256410256410257,Leave-One-Out
12,0.003,0.0,5,20.0,0.6,2.8547863840872774,6.233767389914731,8603.8,Leave-One-Out
12,0.003,0.1,16,100.0,0.25,0.2078994200781351,-3.8067115116259638,15.9375,Leave-One-Out
12,0.003,0.2,18,100.0,0.2222222222222222,0.1765525492714038,-3.643474118979954,11.38888888888889,Leave-One-Out
12,0.005,0.0,1,100.0,0.0,0.0,-0.6267808123340046,6925.0,Leave-One-Out
12,0.005,0.1,2,100.0,0.0,0.0,-0.3737110157524537,14.0,Leave-One-Out
12,0.005,0.2,2,100.0,0.0,0.0,-0.4264683408817138,13.0,Leave-One-Out
24,0.0005,0.0,11,0.0,0.5454545454545454,0.901955165424059,-17.80995551378718,9785.363636363636,Leave-One-Out
24,0.0005,0.1,2386,99.91617770326907,0.31726739312657165,0.5029830517551348,-1317.6074443909552,20.033109807208717,Leave-One-Out
24,0.0005,0.2,2933,99.93181043300375,0.286055233549267,0.40585863267330075,-1837.192509158679,13.89601091033072,Leave-One-Out
24,0.001,0.0,11,0.0,0.5454545454545454,1.5190818483561166,34.98477559765523,9737.90909090909,Leave-One-Out
24,0.001,0.1,775,100.0,0.3161290322580645,0.4604731258935736,-267.56604655237675,20.646451612903224,Leave-One-Out
24,0.001,0.2,840,100.0,0.3047619047619048,0.4633357783755738,-261.3101087360763,16.311904761904763,Leave-One-Out
24,0.002,0.0,10,0.0,0.3,0.2635719332435096,-51.952543192607614,9187.9,Leave-One-Out
24,0.002,0.1,120,100.0,0.3,0.4742080172213794,-24.11321626001256,22.275,Leave-One-Out
24,0.002,0.2,127,100.0,0.29133858267716534,0.41612235053045293,-26.468020320526364,17.236220472440944,Leave-One-Out
24,0.003,0.0,7,0.0,0.5714285714285714,1.4713818555375662,3.48166349495486,7042.714285714285,Leave-One-Out
24,0.003,0.1,26,100.0,0.38461538461538464,0.39099136226955755,-3.7983321267341945,20.03846153846154,Leave-One-Out
24,0.003,0.2,28,100.0,0.2857142857142857,0.25911200290695635,-5.764071187940497,17.357142857142858,Leave-One-Out
24,0.005,0.0,2,0.0,1.0,99.0,0.8732924571153378,9687.0,Leave-One-Out
24,0.005,0.1,5,100.0,0.4,0.6264456971250337,-0.18750056724203823,15.4,Leave-One-Out
24,0.005,0.2,5,100.0,0.4,0.6508062907562915,-0.1665722961595506,14.2,Leave-One-Out
