pair,direction,entry_time,entry_price,entry_spread,position_ratio,exit_time,exit_price,exit_reason,pnl_pct
USDJPY,SHORT,2026-03-23 11:05:00+00:00,158.49829277954103,0.002623059799770553,10.0,2026-03-23 11:10:00+00:00,158.74174871520995,stop,-1.5360161387198978
USDJPY,SHORT,2026-03-23 11:10:00+00:00,158.67826471252442,0.0030590211211604388,10.0,2026-03-23 11:20:00+00:00,158.82475786743163,spread_closed,-0.923208702670264
USDJPY,SHORT,2026-03-23 11:25:00+00:00,158.71324611816408,0.0013866569844294236,10.0,2026-03-23 11:55:00+00:00,158.9507901489258,stop,-1.4966868649692877
USDJPY,LONG,2026-03-23 12:00:00+00:00,158.92478397216797,-0.00111324095200545,10.0,2026-03-23 12:15:00+00:00,158.7322547668457,stop,-1.2114485891387972
USDJPY,SHORT,2026-03-23 13:40:00+00:00,158.53028406066895,0.0012807271015422138,10.0,2026-03-23 14:45:00+00:00,158.42767529296876,spread_closed,0.6472502607824948
USDJPY,LONG,2026-03-23 15:25:00+00:00,158.54870169067382,-0.0010659149351188962,10.0,2026-03-23 15:50:00+00:00,158.7042452331543,spread_closed,0.9810458289587487
USDJPY,SHORT,2026-03-23 17:00:00+00:00,158.6632683227539,0.001130980017080821,10.0,2026-03-23 17:30:00+00:00,158.52669411621093,spread_closed,0.8607802422495592
USDJPY,LONG,2026-03-30 00:15:00+00:00,159.99898863830566,-0.0012549379180242888,10.0,2026-03-30 00:50:00+00:00,159.92700783386232,spread_closed,-0.4498828714852854
USDJPY,SHORT,2026-03-31 00:45:00+00:00,159.74204727478028,0.0010967781296882053,10.0,2026-03-31 01:00:00+00:00,159.96599253845216,stop,-1.401918076626707
USDJPY,LONG,2026-03-31 14:55:00+00:00,159.11981503601075,-0.0010348857183937223,10.0,2026-03-31 15:10:00+00:00,158.9092060638428,stop,-1.323587336500509
USDJPY,LONG,2026-03-31 16:35:00+00:00,159.0678026824951,-0.0013564766267117152,10.0,2026-03-31 17:00:00+00:00,158.82223310546874,stop,-1.5438044210400736
USDJPY,SHORT,2026-03-31 17:00:00+00:00,158.82223310546874,0.0012183048129479242,10.0,2026-03-31 17:20:00+00:00,158.78074271850585,spread_closed,0.2612379019714117
USDJPY,LONG,2026-04-01 08:15:00+00:00,158.70873735351563,-0.0011857189784504603,10.0,2026-04-01 08:20:00+00:00,158.5922681213379,spread_closed,-0.7338551999082066
USDJPY,LONG,2026-04-01 12:40:00+00:00,158.39467919311522,-0.0014987647159928107,10.0,2026-04-01 12:45:00+00:00,158.44930660705566,spread_closed,0.34488162240498
USDJPY,SHORT,2026-04-07 19:45:00+00:00,159.57807861022948,0.001092158206080891,10.0,2026-04-07 20:15:00+00:00,159.5449030883789,spread_closed,0.20789523310160707
USDJPY,SHORT,2026-04-07 23:00:00+00:00,158.76024904479982,0.0010191438927397932,10.0,2026-04-07 23:50:00+00:00,158.8077561767578,spread_closed,-0.29923820505328713
USDJPY,SHORT,2026-04-08 12:15:00+00:00,158.14736505432128,0.0011240592564918266,10.0,2026-04-08 13:05:00+00:00,157.94657628479004,spread_closed,1.2696308247833743
USDJPY,LONG,2026-04-21 20:05:00+00:00,159.44889084777833,-0.0017421920889746808,10.0,2026-04-21 20:40:00+00:00,159.31813610229491,spread_closed,-0.8200417374382152
USDJPY,LONG,2026-04-23 00:15:00+00:00,159.44889084777833,-0.0013249250595113579,10.0,2026-04-23 00:20:00+00:00,159.42311083068847,spread_closed,-0.16168200953159406
USDJPY,SHORT,2026-04-23 00:45:00+00:00,159.37612315979004,0.0012617470281804646,10.0,2026-04-23 01:10:00+00:00,159.39187261047363,spread_closed,-0.09881938631295384
EURJPY,SHORT,2026-03-23 08:20:00+00:00,184.03719032592772,0.0010228131892800496,10.0,2026-03-23 08:50:00+00:00,183.87076643371583,spread_closed,0.9042948977712184
EURJPY,SHORT,2026-03-23 11:05:00+00:00,183.4313087188721,0.004044652333503097,10.0,2026-03-23 11:30:00+00:00,183.77774551391602,stop,-1.8886459321667548
EURJPY,SHORT,2026-03-23 11:30:00+00:00,183.70424911499023,0.002976033459293276,10.0,2026-03-23 12:05:00+00:00,183.73574492797852,spread_closed,-0.17144847296690635
EURJPY,SHORT,2026-03-23 12:40:00+00:00,183.93020184020997,0.0011522072948777623,10.0,2026-03-23 14:30:00+00:00,184.16782290344239,stop,-1.2919088918244004
EURJPY,LONG,2026-03-23 15:25:00+00:00,184.0597995941162,-0.0010145478069760337,10.0,2026-03-23 15:55:00+00:00,183.83622649841308,stop,-1.2146764051473857
EURJPY,SHORT,2026-03-24 20:35:00+00:00,184.16315694885253,0.0010120633390312095,10.0,2026-03-24 21:00:00+00:00,184.12081643371582,spread_closed,0.22990763102781475
EURJPY,LONG,2026-03-29 23:05:00+00:00,184.3488588592529,-0.0010825969565015803,10.0,2026-03-29 23:30:00+00:00,184.21514850158692,spread_closed,-0.7253115559997525
EURJPY,LONG,2026-03-30 13:40:00+00:00,182.94658566284178,-0.0010328504818694006,10.0,2026-03-30 14:15:00+00:00,182.80542684020998,spread_closed,-0.7715848979655826
EURJPY,SHORT,2026-03-31 01:00:00+00:00,183.4892957763672,0.0010216641799860504,10.0,2026-03-31 01:45:00+00:00,183.37466503601073,spread_closed,0.6247271257511233
EURJPY,SHORT,2026-03-31 17:00:00+00:00,183.41330694885255,0.0010711165638868049,10.0,2026-03-31 17:40:00+00:00,183.48769422912596,spread_closed,-0.40557188303758096
EURJPY,LONG,2026-04-02 01:15:00+00:00,183.89877191162108,-0.001218436543658615,10.0,2026-04-02 02:00:00+00:00,183.99319277954103,spread_closed,0.5134393608965393
EURJPY,SHORT,2026-04-02 14:55:00+00:00,184.01119454956054,0.0011015923220418966,10.0,2026-04-02 15:20:00+00:00,183.98379562683104,spread_closed,0.1488981297935732
EURJPY,LONG,2026-04-02 21:00:00+00:00,184.0147924255371,-0.0012277664928087625,10.0,2026-04-02 21:15:00+00:00,183.98519877319336,spread_closed,-0.16082213801216216
EURJPY,SHORT,2026-04-02 21:30:00+00:00,183.99718978271486,0.0013672895251414959,10.0,2026-04-02 21:45:00+00:00,184.094810256958,spread_closed,-0.5305541587805607
EURJPY,SHORT,2026-04-07 22:40:00+00:00,185.25594066772462,0.0010525384647747532,10.0,2026-04-07 23:40:00+00:00,185.5371,stop,-1.5176805195127319
EURJPY,LONG,2026-04-12 23:00:00+00:00,186.57130338134766,-0.0012149460950973401,10.0,2026-04-12 23:40:00+00:00,186.31972322998047,stop,-1.3484396946779054
EURJPY,SHORT,2026-05-06 21:30:00+00:00,183.61326389770508,0.0010394046230333437,10.0,2026-05-06 22:30:00+00:00,183.75874452209473,spread_closed,-0.7923208884881294
GBPJPY,SHORT,2026-03-23 00:40:00+00:00,212.19055510864257,0.001051200190792109,10.0,2026-03-23 00:55:00+00:00,212.47948385925292,stop,-1.3616475552478136
GBPJPY,SHORT,2026-03-23 10:35:00+00:00,211.6796557220459,0.0013047623569242238,10.0,2026-03-23 11:05:00+00:00,212.475485256958,stop,-3.759593864594457
GBPJPY,LONG,2026-03-23 11:05:00+00:00,212.475485256958,-0.004835109162582642,10.0,2026-03-23 11:10:00+00:00,212.0975713897705,stop,-1.778623386742506
GBPJPY,LONG,2026-03-23 11:10:00+00:00,212.18242738952637,-0.004454957398720927,10.0,2026-03-23 11:15:00+00:00,211.88461655273437,stop,-1.4035603252161577
GBPJPY,LONG,2026-03-23 11:15:00+00:00,211.96938735351563,-0.0038726934310252164,10.0,2026-03-23 12:15:00+00:00,212.42950572204592,spread_closed,2.1706831079475464
GBPJPY,LONG,2026-03-23 12:40:00+00:00,212.841555770874,-0.0017500061996345373,10.0,2026-03-23 13:15:00+00:00,212.53548732910156,stop,-1.438010733683659
GBPJPY,SHORT,2026-03-23 13:20:00+00:00,212.51649393615722,0.0011018543402016175,10.0,2026-03-23 13:40:00+00:00,212.59251305236816,spread_closed,-0.3577092525994807
GBPJPY,LONG,2026-03-23 13:50:00+00:00,212.62451713256834,-0.001186571962704762,10.0,2026-03-23 15:05:00+00:00,212.9134024536133,spread_closed,1.3586642074057131
GBPJPY,SHORT,2026-03-23 15:25:00+00:00,212.79443821411132,0.0010608052611377201,10.0,2026-03-23 16:30:00+00:00,212.65652121276855,spread_closed,0.6481231488014716
GBPJPY,SHORT,2026-03-24 00:10:00+00:00,212.72444489135742,0.0010776062051965493,10.0,2026-03-24 01:15:00+00:00,212.38347161865235,spread_closed,1.6028871194337935
GBPJPY,LONG,2026-03-24 07:05:00+00:00,212.93158536987303,-0.0010814440664301843,10.0,2026-03-24 07:50:00+00:00,212.78842745361328,spread_closed,-0.6723188389879953
GBPJPY,SHORT,2026-03-24 08:25:00+00:00,212.484487399292,0.0010075468646057544,10.0,2026-03-24 09:25:00+00:00,212.51849312438964,spread_closed,-0.16003862453151108
GBPJPY,SHORT,2026-03-24 17:00:00+00:00,212.579469619751,0.0010168438799670022,10.0,2026-03-24 19:20:00+00:00,212.84256305236815,stop,-1.2376239017237722
GBPJPY,LONG,2026-03-24 20:20:00+00:00,212.87355985107422,-0.0017747845192756986,10.0,2026-03-24 21:05:00+00:00,212.61646478271484,stop,-1.2077360313758057
GBPJPY,LONG,2026-03-25 08:30:00+00:00,213.0556030883789,-0.0011597422459289717,10.0,2026-03-25 08:55:00+00:00,212.82043399047853,spread_closed,-1.1037921298076014
GBPJPY,LONG,2026-03-26 20:35:00+00:00,213.01560180358885,-0.00105230866876638,10.0,2026-03-26 20:40:00+00:00,212.89741444091797,spread_closed,-0.5548296071752334
GBPJPY,SHORT,2026-03-29 23:05:00+00:00,212.3305264984131,0.0010098070686234456,10.0,2026-03-29 23:35:00+00:00,212.36447062683104,spread_closed,-0.15986457047745262
GBPJPY,LONG,2026-03-30 14:55:00+00:00,210.58510786743165,-0.001220904079241446,10.0,2026-03-30 15:10:00+00:00,210.29592983703614,stop,-1.3732121578965417
GBPJPY,LONG,2026-03-31 00:50:00+00:00,210.93518397216798,-0.0010455794200411974,10.0,2026-03-31 01:05:00+00:00,211.02878494567872,spread_closed,0.4437428206529592
GBPJPY,LONG,2026-03-31 11:25:00+00:00,210.80915169067381,-0.0011940809190465265,10.0,2026-03-31 11:55:00+00:00,210.93979822998048,spread_closed,0.619738461347108
GBPJPY,SHORT,2026-03-31 14:50:00+00:00,210.44590899047853,0.0013343347422709886,10.0,2026-03-31 15:50:00+00:00,209.8019465057373,spread_closed,3.059990511720345
GBPJPY,LONG,2026-03-31 16:40:00+00:00,210.07400408020018,-0.0016091483962298874,10.0,2026-03-31 17:35:00+00:00,210.26894243774416,spread_closed,0.9279508828210492
GBPJPY,LONG,2026-04-01 06:25:00+00:00,210.45608426513672,-0.0010872377555138212,10.0,2026-04-01 07:00:00+00:00,210.19595899047852,stop,-1.236007386369975
GBPJPY,SHORT,2026-04-02 01:15:00+00:00,210.8458228881836,0.0012542489008607206,10.0,2026-04-02 01:55:00+00:00,211.13621293945312,stop,-1.3772625290449092
GBPJPY,LONG,2026-04-07 08:20:00+00:00,211.6643184173584,-0.0010446657941103178,10.0,2026-04-07 09:50:00+00:00,211.72365326843263,spread_closed,0.28032524101306855
GBPJPY,SHORT,2026-04-07 15:05:00+00:00,211.7886274536133,0.0012017596303448249,10.0,2026-04-07 15:25:00+00:00,211.90237261047363,spread_closed,-0.5370692384569775
GBPJPY,LONG,2026-04-07 22:35:00+00:00,212.5455065826416,-0.0013582857392557214,10.0,2026-04-07 23:45:00+00:00,212.5964797668457,spread_closed,0.239822450371463
GBPJPY,LONG,2026-04-08 04:00:00+00:00,212.33945646972657,-0.0011879524731763383,10.0,2026-04-08 05:00:00+00:00,212.43850660705567,spread_closed,0.46647071145367036
GBPJPY,SHORT,2026-04-08 07:10:00+00:00,212.37652254638672,0.001095409827315602,10.0,2026-04-08 07:50:00+00:00,212.43148536987303,spread_closed,-0.25879896152036785
GBPJPY,LONG,2026-04-08 12:55:00+00:00,212.92857878723143,-0.0010305437692074938,10.0,2026-04-08 13:20:00+00:00,212.80043371887209,spread_closed,-0.6018218366421468
GBPJPY,SHORT,2026-04-08 13:35:00+00:00,212.76543705749512,0.0013670623157771263,10.0,2026-04-08 14:00:00+00:00,212.99359422912596,spread_closed,-1.0723413294293493
GBPJPY,LONG,2026-04-09 15:35:00+00:00,213.60571614074706,-0.0010062367444844062,10.0,2026-04-09 16:30:00+00:00,213.41031232910157,spread_closed,-0.9147873716859323
GBPJPY,LONG,2026-04-10 14:20:00+00:00,214.47087937316894,-0.0010586461053681126,10.0,2026-04-10 14:40:00+00:00,214.20715,stop,-1.2296745084448002
GBPJPY,SHORT,2026-04-10 14:50:00+00:00,214.20014761657714,0.0010957441384316356,10.0,2026-04-10 15:20:00+00:00,214.39287610473633,spread_closed,-0.8997588951440427
GBPJPY,SHORT,2026-04-12 23:00:00+00:00,214.0101831756592,0.002150960167395246,10.0,2026-04-12 23:30:00+00:00,213.87476713256837,spread_closed,0.632755138477159
GBPJPY,LONG,2026-04-13 16:45:00+00:00,214.93998257446287,-0.0010259350136442274,10.0,2026-04-13 17:40:00+00:00,214.96699250793458,spread_closed,0.1256626763814772
GBPJPY,LONG,2026-04-17 12:45:00+00:00,215.30104720458985,-0.0011687162456063506,10.0,2026-04-17 13:10:00+00:00,215.0409828338623,stop,-1.2079103845715755
GBPJPY,LONG,2026-04-17 13:10:00+00:00,215.12701643371582,-0.0019049946726620742,10.0,2026-04-17 13:30:00+00:00,214.83702888183595,stop,-1.3479829576367175
GBPJPY,SHORT,2026-04-19 23:00:00+00:00,214.40611532592774,0.0010234441806717222,10.0,2026-04-20 00:00:00+00:00,214.6519153289795,spread_closed,-1.1464225387325389
GBPJPY,SHORT,2026-04-21 17:15:00+00:00,215.04598671569823,0.0012617246596806735,10.0,2026-04-21 20:45:00+00:00,215.31405029296874,stop,-1.246540711428823
GBPJPY,SHORT,2026-04-23 17:10:00+00:00,214.96099700317384,0.0012079328496958832,10.0,2026-04-23 17:50:00+00:00,215.0750040802002,spread_closed,-0.5303616870768746
GBPJPY,LONG,2026-04-23 18:10:00+00:00,215.06300827331543,-0.001462704093944157,10.0,2026-04-23 18:30:00+00:00,215.01698555908203,spread_closed,-0.2139964218064172
GBPJPY,SHORT,2026-04-29 13:30:00+00:00,215.86882016296389,0.001059189119101038,10.0,2026-04-29 14:10:00+00:00,215.88817022094727,spread_closed,-0.08963804021711042
GBPJPY,SHORT,2026-04-29 18:25:00+00:00,215.93280272521974,0.0011062835443151264,10.0,2026-04-29 18:35:00+00:00,216.05020518493652,spread_closed,-0.5436990500520267
GBPJPY,LONG,2026-04-30 14:05:00+00:00,212.15642121276855,-0.0010484902590198347,10.0,2026-04-30 14:55:00+00:00,212.7624316772461,spread_closed,2.8564323484217002
GBPJPY,LONG,2026-04-30 15:05:00+00:00,212.88456363830565,-0.0011207639300053667,10.0,2026-04-30 15:25:00+00:00,212.7904259552002,spread_closed,-0.4422006062656525
GBPJPY,LONG,2026-05-01 14:15:00+00:00,213.66372639770506,-0.0012535977038060173,10.0,2026-05-01 14:50:00+00:00,213.39931294250488,stop,-1.2375215000604012
GBPJPY,LONG,2026-05-04 04:30:00+00:00,212.9115770965576,-0.001070763729787482,10.0,2026-05-04 05:10:00+00:00,212.9014114440918,spread_closed,-0.04774588871325758
GBPJPY,SHORT,2026-05-04 10:05:00+00:00,212.57847799682617,0.0011187726964246142,10.0,2026-05-04 10:30:00+00:00,212.89657470703125,stop,-1.4963730722064028
GBPJPY,LONG,2026-05-05 23:15:00+00:00,214.02479102783204,-0.0011613882772249914,10.0,2026-05-05 23:40:00+00:00,213.9582068786621,spread_closed,-0.31110484374341496
GBPJPY,LONG,2026-05-06 04:50:00+00:00,210.850160256958,-0.0010193609726676595,10.0,2026-05-06 05:30:00+00:00,212.36352465820312,spread_closed,7.177440128102397
GBPJPY,LONG,2026-05-06 08:50:00+00:00,212.60751544189452,-0.001208824403970507,10.0,2026-05-06 09:30:00+00:00,212.52248944091798,spread_closed,-0.3999200159966465
GBPJPY,LONG,2026-05-06 10:50:00+00:00,212.3854709197998,-0.0013210141100010939,10.0,2026-05-06 11:30:00+00:00,212.57747111816406,spread_closed,0.904017574896887
GBPJPY,LONG,2026-05-06 21:05:00+00:00,212.4394825744629,-0.0010115687957122693,10.0,2026-05-06 21:25:00+00:00,212.3725102874756,spread_closed,-0.31525348384253693
AUDJPY,LONG,2026-03-23 11:50:00+00:00,111.06920646972657,-0.0012499757909248078,10.0,2026-03-23 12:05:00+00:00,111.06478058624268,spread_closed,-0.0398479796926976
AUDJPY,LONG,2026-03-23 21:00:00+00:00,111.04520722503662,-0.001367728422686489,10.0,2026-03-23 21:35:00+00:00,111.00579427795411,spread_closed,-0.35492704338546677
AUDJPY,SHORT,2026-03-24 21:30:00+00:00,110.89181866455078,0.0010824897366024909,10.0,2026-03-24 22:15:00+00:00,111.0672071685791,stop,-1.5816180683163594
AUDJPY,SHORT,2026-03-31 14:55:00+00:00,108.94020558624268,0.0014789383563100689,10.0,2026-03-31 15:00:00+00:00,109.09781159820557,stop,-1.4467203464023637
AUDJPY,SHORT,2026-03-31 15:00:00+00:00,109.054181199646,0.0012934434092152203,10.0,2026-03-31 15:50:00+00:00,109.07781095581055,spread_closed,-0.21667904801647708
AUDJPY,LONG,2026-03-31 21:00:00+00:00,109.34886887969971,-0.0015471720678354162,10.0,2026-03-31 21:45:00+00:00,109.40311805114746,spread_closed,0.4961109520706941
AUDJPY,SHORT,2026-04-02 21:00:00+00:00,110.14896342010498,0.0013079900837456948,10.0,2026-04-02 21:45:00+00:00,110.16602599182129,spread_closed,-0.15490451463651134
AUDJPY,SHORT,2026-04-03 20:40:00+00:00,109.96700061340333,0.0014559229662724192,10.0,2026-04-05 23:05:00+00:00,109.98799661865235,spread_closed,-0.19093005294235077
AUDJPY,SHORT,2026-04-06 22:45:00+00:00,110.39791416931152,0.0014759485887634056,10.0,2026-04-06 23:05:00+00:00,110.45308595581055,spread_closed,-0.49975388497291995
AUDJPY,LONG,2026-04-08 21:00:00+00:00,111.56930646972656,-0.0011256499970927845,10.0,2026-04-08 21:40:00+00:00,111.59367411499024,spread_closed,0.2184081449883024
AUDJPY,LONG,2026-04-09 20:55:00+00:00,112.49149557037353,-0.0010049915320768218,10.0,2026-04-09 21:35:00+00:00,112.50149727478028,spread_closed,0.08891076037387258
AUDJPY,LONG,2026-04-23 21:05:00+00:00,113.75074242553711,-0.0010118546037741253,10.0,2026-04-23 21:45:00+00:00,113.75424502716065,spread_closed,0.030791901211912887
NZDJPY,LONG,2026-03-23 11:40:00+00:00,92.51350174713134,-0.0013571106862821636,10.0,2026-03-23 11:50:00+00:00,92.39851641693116,stop,-1.2429032306492394
NZDJPY,LONG,2026-03-23 11:50:00+00:00,92.4354832168579,-0.0017364564660398297,10.0,2026-03-23 12:10:00+00:00,92.32653222045899,spread_closed,-1.1786707074740166
NZDJPY,LONG,2026-03-23 12:55:00+00:00,92.77054930114745,-0.0010801020163278344,10.0,2026-03-23 13:10:00+00:00,92.61847363739014,stop,-1.639266608885248
NZDJPY,LONG,2026-03-23 14:35:00+00:00,93.10361608428956,-0.0010361808176197708,10.0,2026-03-23 15:15:00+00:00,92.97640374603272,stop,-1.3663522815448026
NZDJPY,SHORT,2026-03-23 16:00:00+00:00,92.69145708465577,0.0011359362834275672,10.0,2026-03-23 16:35:00+00:00,92.74854935760497,spread_closed,-0.6159388874107385
NZDJPY,LONG,2026-03-24 07:20:00+00:00,92.77555518493652,-0.0011320314410473364,10.0,2026-03-24 07:50:00+00:00,92.67845919647218,spread_closed,-1.0465686599320234
NZDJPY,LONG,2026-03-24 21:30:00+00:00,92.57850955810547,-0.0010204873308496368,10.0,2026-03-24 21:45:00+00:00,92.57448371887207,spread_closed,-0.043485677751919916
NZDJPY,SHORT,2026-03-24 22:00:00+00:00,92.54248480987549,0.0010497893335944524,10.0,2026-03-24 22:15:00+00:00,92.66052669067382,stop,-1.2755425904205087
NZDJPY,LONG,2026-03-26 21:30:00+00:00,91.95639114074707,-0.0011425293690836094,10.0,2026-03-26 21:40:00+00:00,91.95760272521973,spread_closed,0.01317564181912978
NZDJPY,LONG,2026-03-30 00:45:00+00:00,91.64232534942627,-0.0010381731484570575,10.0,2026-03-30 01:10:00+00:00,91.62067213897706,spread_closed,-0.2362795833328324
NZDJPY,SHORT,2026-03-31 07:35:00+00:00,91.22274911499024,0.0011222572119328712,10.0,2026-03-31 08:50:00+00:00,91.22024387969971,spread_closed,0.027462834817360005
NZDJPY,SHORT,2026-03-31 14:55:00+00:00,90.71685361022949,0.0011844517209036185,10.0,2026-03-31 15:00:00+00:00,90.83716404418945,stop,-1.3262192103451476
NZDJPY,SHORT,2026-03-31 15:00:00+00:00,90.8008364440918,0.001411393727651655,10.0,2026-03-31 16:00:00+00:00,90.87016777496338,spread_closed,-0.7635538788706153
NZDJPY,LONG,2026-03-31 17:05:00+00:00,91.07321130523681,-0.00100495918336342,10.0,2026-03-31 17:35:00+00:00,91.0987733657837,spread_closed,0.280675954877907
NZDJPY,LONG,2026-03-31 21:35:00+00:00,91.12021777496338,-0.0010539625411074799,10.0,2026-03-31 21:45:00+00:00,91.08477622680664,spread_closed,-0.3889537253330966
NZDJPY,LONG,2026-04-02 21:10:00+00:00,91.13621981506347,-0.0011539573936155834,10.0,2026-04-02 21:25:00+00:00,91.18576157989501,spread_closed,0.5436012699679971
NZDJPY,LONG,2026-04-03 20:25:00+00:00,90.7141383453369,-0.0017731202902913517,10.0,2026-04-05 23:00:00+00:00,90.77583991851807,spread_closed,0.6801759274421837
NZDJPY,LONG,2026-04-06 07:45:00+00:00,91.21323869476318,-0.0011250327000948872,10.0,2026-04-06 08:25:00+00:00,91.15076491851806,spread_closed,-0.6849200526052313
NZDJPY,SHORT,2026-04-06 21:40:00+00:00,91.32972997283936,0.0012414080211889033,10.0,2026-04-06 23:00:00+00:00,91.19123112030029,spread_closed,1.5164706233147252
NZDJPY,LONG,2026-04-07 23:30:00+00:00,92.15043018493652,-0.0010161633760359182,10.0,2026-04-07 23:55:00+00:00,92.15756730194092,spread_closed,0.0774507182448314
NZDJPY,SHORT,2026-04-12 23:00:00+00:00,92.67446219329834,0.0013109715796263276,10.0,2026-04-12 23:30:00+00:00,92.65752773895264,spread_closed,0.18273053811068696
NZDJPY,LONG,2026-04-13 18:55:00+00:00,93.56170786743164,-0.00104630234444626,10.0,2026-04-13 19:30:00+00:00,93.50029339294434,spread_closed,-0.6564060862838117
NZDJPY,SHORT,2026-04-14 21:55:00+00:00,93.6472671661377,0.001009202489807684,10.0,2026-04-14 22:05:00+00:00,93.68473356628418,spread_closed,-0.4000800160031126
NZDJPY,LONG,2026-04-15 20:55:00+00:00,93.92477942962647,-0.0010725722700057564,10.0,2026-04-15 21:15:00+00:00,93.88022227478028,spread_closed,-0.4743919029330801
NZDJPY,SHORT,2026-04-15 21:25:00+00:00,93.8842192779541,0.001041710395718471,10.0,2026-04-15 22:35:00+00:00,93.9737928314209,spread_closed,-0.9540852994858184
NZDJPY,SHORT,2026-04-21 20:05:00+00:00,93.85922275238038,0.00100922003441602,10.0,2026-04-21 20:20:00+00:00,94.01680069885253,stop,-1.6788754674421646
NZDJPY,LONG,2026-04-21 20:35:00+00:00,93.95979009246825,-0.0013049742885141167,10.0,2026-04-21 20:40:00+00:00,93.87822377319335,spread_closed,-0.8680981427759971
NZDJPY,LONG,2026-04-21 21:05:00+00:00,93.85776468658447,-0.0012461529508275087,10.0,2026-04-21 21:50:00+00:00,93.8842192779541,spread_closed,0.2818583146313447
NZDJPY,LONG,2026-04-22 21:40:00+00:00,94.13182156219482,-0.0010306568162256808,10.0,2026-04-22 22:05:00+00:00,94.08417622680665,spread_closed,-0.5061554594126827
NZDJPY,LONG,2026-04-23 21:15:00+00:00,93.38567016448974,-0.0010818738527821545,10.0,2026-04-23 22:20:00+00:00,93.44731021728516,spread_closed,0.6600590078418289
NZDJPY,LONG,2026-04-30 15:05:00+00:00,92.27845413665771,-0.001128960580463757,10.0,2026-04-30 15:20:00+00:00,92.29253480987549,spread_closed,0.15258895859826538
NZDJPY,LONG,2026-05-01 06:50:00+00:00,91.84936748199463,-0.0010376534874770907,10.0,2026-05-01 07:30:00+00:00,92.2035557220459,spread_closed,3.8561859461982984
NZDJPY,LONG,2026-05-06 21:10:00+00:00,93.08961334533691,-0.0010962099084055813,10.0,2026-05-06 21:30:00+00:00,92.95040796966553,stop,-1.495391061030249
NZDJPY,SHORT,2026-05-06 21:40:00+00:00,93.08037922363282,0.0011709855256608137,10.0,2026-05-06 22:35:00+00:00,93.13362086334229,spread_closed,-0.5719963772552461
NZDJPY,SHORT,2026-05-07 22:20:00+00:00,93.13636777954102,0.001188761390299038,10.0,2026-05-07 22:45:00+00:00,93.1406260482788,spread_closed,-0.045720794564996226
GBPUSD,SHORT,2026-03-23 01:40:00+00:00,1.3339328270435333,0.001105819029703959,10.0,2026-03-23 01:55:00+00:00,1.333523611307144,spread_closed,0.3067738705375689
GBPUSD,SHORT,2026-03-23 02:50:00+00:00,1.331492028260231,0.001060956147858063,10.0,2026-03-23 03:00:00+00:00,1.3325036911010741,spread_closed,-0.759796393347667
GBPUSD,SHORT,2026-03-23 10:20:00+00:00,1.3260562183618545,0.0013541475616070575,10.0,2026-03-23 11:05:00+00:00,1.3411515508890153,stop,-11.383629380214977
GBPUSD,LONG,2026-03-23 11:05:00+00:00,1.3411515508890153,-0.0038594660482082696,10.0,2026-03-23 11:10:00+00:00,1.3368919633388519,stop,-3.1760672739332696
GBPUSD,LONG,2026-03-23 11:10:00+00:00,1.3374268270969392,-0.004909462351107099,10.0,2026-03-23 11:15:00+00:00,1.3354365898370744,stop,-1.4881092703852294
GBPUSD,LONG,2026-03-23 11:15:00+00:00,1.3359708713293075,-0.003502009001368615,10.0,2026-03-23 11:20:00+00:00,1.3340663147449494,stop,-1.4255973878105621
GBPUSD,LONG,2026-03-23 11:20:00+00:00,1.3346000480175018,-0.0012767424950841386,10.0,2026-03-23 11:35:00+00:00,1.3380101612091064,spread_closed,2.555157402152286
GBPUSD,SHORT,2026-03-23 11:55:00+00:00,1.3350531702518464,0.0015628281242964098,10.0,2026-03-23 12:00:00+00:00,1.336920920920372,stop,-1.3990084516060097
GBPUSD,SHORT,2026-03-23 12:00:00+00:00,1.336386259484291,0.00255941805074944,10.0,2026-03-23 12:15:00+00:00,1.3383645956754684,stop,-1.480362565191795
GBPUSD,LONG,2026-03-23 12:40:00+00:00,1.3418082869768142,-0.0011736785083670729,10.0,2026-03-23 13:15:00+00:00,1.3396811411857605,stop,-1.5852829436955318
GBPUSD,SHORT,2026-03-23 13:20:00+00:00,1.339372450876236,0.0011090008068650942,10.0,2026-03-23 13:35:00+00:00,1.3406015284538269,spread_closed,-0.9176518277547174
GBPUSD,LONG,2026-03-23 13:40:00+00:00,1.3408566873550414,-0.0013607611498168528,10.0,2026-03-23 14:55:00+00:00,1.34413164498806,spread_closed,2.4424367375746048
GBPUSD,SHORT,2026-03-23 15:15:00+00:00,1.3434000847101213,0.0011207210501318907,10.0,2026-03-23 18:30:00+00:00,1.3453113563776016,stop,-1.422712183238195
GBPUSD,LONG,2026-03-23 21:00:00+00:00,1.3431363055944443,-0.0013681798252602679,10.0,2026-03-23 21:35:00+00:00,1.3430753043651582,spread_closed,-0.04541700572902041
GBPUSD,SHORT,2026-03-23 22:00:00+00:00,1.3426226380348205,0.0011108399078129344,10.0,2026-03-23 23:05:00+00:00,1.3434520349264145,spread_closed,-0.617743860484854
GBPUSD,SHORT,2026-03-24 00:35:00+00:00,1.3396506297111512,0.0010044250792694987,10.0,2026-03-24 01:00:00+00:00,1.3401471309900284,spread_closed,-0.37061997200282804
GBPUSD,SHORT,2026-03-24 01:40:00+00:00,1.3386084721565248,0.0010161013927097481,10.0,2026-03-24 02:05:00+00:00,1.3399227342367173,spread_closed,-0.9818121635485344
GBPUSD,LONG,2026-03-24 07:05:00+00:00,1.3433347095251083,-0.0010268993053424323,10.0,2026-03-24 07:30:00+00:00,1.3416424569129943,stop,-1.2597401080421955
GBPUSD,SHORT,2026-03-24 07:40:00+00:00,1.3431890072822572,0.001116649342889547,10.0,2026-03-24 07:50:00+00:00,1.3429847602844238,spread_closed,0.15206124880862149
GBPUSD,SHORT,2026-03-24 08:15:00+00:00,1.3408633416414262,0.0010094817153462787,10.0,2026-03-24 09:30:00+00:00,1.3391117104768753,spread_closed,1.3063457774948883
GBPUSD,SHORT,2026-03-24 17:15:00+00:00,1.3358380064249038,0.0011920975685947343,10.0,2026-03-24 17:25:00+00:00,1.337455443048477,stop,-1.2108029684692045
GBPUSD,SHORT,2026-03-24 17:25:00+00:00,1.3369205678462983,0.0011320180180649222,10.0,2026-03-24 18:05:00+00:00,1.3367904798746109,spread_closed,0.09730418905662397
GBPUSD,LONG,2026-03-24 18:15:00+00:00,1.3371764375209807,-0.001022158746526494,10.0,2026-03-24 19:40:00+00:00,1.3379814375162125,spread_closed,0.6020147922469743
GBPUSD,LONG,2026-03-24 20:30:00+00:00,1.3409986940145493,-0.0010943820682193682,10.0,2026-03-24 21:20:00+00:00,1.340223434972763,spread_closed,-0.578120653842884
GBPUSD,SHORT,2026-03-25 09:40:00+00:00,1.3393849653482437,0.0010506397429393937,10.0,2026-03-25 10:40:00+00:00,1.340321211361885,spread_closed,-0.6990118881899932
GBPUSD,LONG,2026-03-26 20:20:00+00:00,1.333655125451088,-0.0010152025023761105,10.0,2026-03-26 20:45:00+00:00,1.3327627835035325,spread_closed,-0.6690949785490563
GBPUSD,SHORT,2026-03-27 12:05:00+00:00,1.327568800878525,0.001082219672343355,10.0,2026-03-27 12:35:00+00:00,1.3280416296243667,spread_closed,-0.35616138728844504
GBPUSD,SHORT,2026-03-27 17:25:00+00:00,1.3261863688707352,0.0010083521926043315,10.0,2026-03-27 17:55:00+00:00,1.3270497292041779,spread_closed,-0.6510098080543258
GBPUSD,SHORT,2026-03-29 23:05:00+00:00,1.323628291606903,0.0010501913055030023,10.0,2026-03-29 23:40:00+00:00,1.324075458741188,spread_closed,-0.33783437323031684
GBPUSD,SHORT,2026-03-30 07:05:00+00:00,1.3252459956884384,0.0011188358354847793,10.0,2026-03-30 08:00:00+00:00,1.324552391266823,spread_closed,0.5233778663523703
GBPUSD,LONG,2026-03-30 14:55:00+00:00,1.3199638234376907,-0.0014199897632305287,10.0,2026-03-30 15:05:00+00:00,1.3182512401342392,stop,-1.2974471519918707
GBPUSD,LONG,2026-03-30 15:05:00+00:00,1.3187786461114883,-0.0010526270793283343,10.0,2026-03-30 15:55:00+00:00,1.3189590825080872,spread_closed,0.13682083580213167
GBPUSD,LONG,2026-03-31 00:45:00+00:00,1.3202008589029313,-0.001285680778573257,10.0,2026-03-31 01:20:00+00:00,1.3210694992303849,spread_closed,0.6579607349865846
GBPUSD,LONG,2026-03-31 07:40:00+00:00,1.3207377656936645,-0.0011162553787693603,10.0,2026-03-31 09:50:00+00:00,1.320942209172249,spread_closed,0.15479490622194447
GBPUSD,LONG,2026-03-31 11:20:00+00:00,1.320919119286537,-0.001495361350275531,10.0,2026-03-31 11:55:00+00:00,1.3228104410648347,spread_closed,1.43182254740859
GBPUSD,SHORT,2026-03-31 12:15:00+00:00,1.3235669111013413,0.0012043880725833643,10.0,2026-03-31 12:45:00+00:00,1.3244927747011184,spread_closed,-0.699521567071093
GBPUSD,SHORT,2026-03-31 13:00:00+00:00,1.323015201663971,0.001076789938489999,10.0,2026-03-31 13:05:00+00:00,1.3246313235998153,stop,-1.2215444945846698
GBPUSD,SHORT,2026-03-31 13:05:00+00:00,1.3241015770196916,0.0011716519266121253,10.0,2026-03-31 13:30:00+00:00,1.3247156214237212,spread_closed,-0.463744182989112
GBPUSD,SHORT,2026-03-31 14:50:00+00:00,1.3218869922161103,0.001742047749594308,10.0,2026-03-31 15:20:00+00:00,1.3213257042646407,spread_closed,0.424611146621956
GBPUSD,LONG,2026-03-31 15:25:00+00:00,1.3208232558488846,-0.0012055773986554192,10.0,2026-03-31 15:45:00+00:00,1.3194239057540893,spread_closed,-1.0594529499678984
GBPUSD,LONG,2026-03-31 16:40:00+00:00,1.3221728556632995,-0.0015244648508375299,10.0,2026-03-31 16:45:00+00:00,1.320031751537323,stop,-1.6193829095835222
GBPUSD,LONG,2026-03-31 16:45:00+00:00,1.3205598698616028,-0.0015333878285060279,10.0,2026-03-31 17:40:00+00:00,1.3241190972805024,spread_closed,2.6952412383034474
GBPUSD,LONG,2026-04-01 06:30:00+00:00,1.3285585052490234,-0.0010079312329757603,10.0,2026-04-01 07:30:00+00:00,1.3276163558721543,spread_closed,-0.7091515903490109
GBPUSD,SHORT,2026-04-01 18:20:00+00:00,1.3299616871118545,0.0010368828967272621,10.0,2026-04-01 19:15:00+00:00,1.32989045855999,spread_closed,0.05355684494878776
GBPUSD,SHORT,2026-04-02 01:15:00+00:00,1.3273219678163528,0.0019193308330838785,10.0,2026-04-02 01:55:00+00:00,1.3257673768758773,spread_closed,1.1712236956591404
GBPUSD,LONG,2026-04-02 02:15:00+00:00,1.3262683944940568,-0.0010213001407522872,10.0,2026-04-02 02:30:00+00:00,1.3246262313604356,stop,-1.2381831162067147
GBPUSD,LONG,2026-04-02 07:25:00+00:00,1.3219578783273696,-0.0011406426917828965,10.0,2026-04-02 07:30:00+00:00,1.3202950321912765,stop,-1.2578662023611242
GBPUSD,SHORT,2026-04-02 21:00:00+00:00,1.322770275568962,0.0011687822598669914,10.0,2026-04-02 21:50:00+00:00,1.322539974474907,spread_closed,0.1741051324699594
GBPUSD,LONG,2026-04-06 02:20:00+00:00,1.3218828806877136,-0.001015337110079437,10.0,2026-04-06 02:35:00+00:00,1.3210957200288773,spread_closed,-0.5954844187306962
GBPUSD,LONG,2026-04-07 14:35:00+00:00,1.3262595712423324,-0.00101198399481264,10.0,2026-04-07 14:50:00+00:00,1.3251933157205582,spread_closed,-0.8039568911653028
GBPUSD,SHORT,2026-04-07 15:05:00+00:00,1.3236580879688262,0.001282312456538814,10.0,2026-04-07 15:25:00+00:00,1.3251016983032227,spread_closed,-1.0906217757575831
GBPUSD,LONG,2026-04-07 22:35:00+00:00,1.3360600577116013,-0.0015005796424440948,10.0,2026-04-07 23:40:00+00:00,1.3391947453737258,spread_closed,2.346217629987102
GBPUSD,LONG,2026-04-08 00:00:00+00:00,1.3396462326049805,-0.0010990274501787266,10.0,2026-04-08 00:40:00+00:00,1.3380101612091064,stop,-1.2212712252344105
GBPUSD,SHORT,2026-04-08 00:40:00+00:00,1.3380101612091064,0.0011494243280133023,10.0,2026-04-08 01:05:00+00:00,1.3400968146085739,stop,-1.5595198451869852
GBPUSD,LONG,2026-04-08 03:50:00+00:00,1.3400231285333633,-0.0015022433734148042,10.0,2026-04-08 05:10:00+00:00,1.3413202986478805,spread_closed,0.9680206907600741
GBPUSD,SHORT,2026-04-08 06:05:00+00:00,1.3421718786716461,0.0012035927991177562,10.0,2026-04-08 06:25:00+00:00,1.344409119272232,stop,-1.666880848971486
GBPUSD,SHORT,2026-04-08 07:20:00+00:00,1.3419720046758652,0.0010484009035781152,10.0,2026-04-08 07:40:00+00:00,1.343062381052971,spread_closed,-0.8125179760132273
GBPUSD,SHORT,2026-04-08 08:00:00+00:00,1.3423864124774934,0.0011182971937656406,10.0,2026-04-08 08:35:00+00:00,1.3430371036291122,spread_closed,-0.4847271587158364
GBPUSD,LONG,2026-04-09 15:55:00+00:00,1.344457885622978,-0.0010613465905621176,10.0,2026-04-09 16:25:00+00:00,1.3452836915254593,spread_closed,0.6142296544295878
GBPUSD,SHORT,2026-04-10 15:00:00+00:00,1.3462582709312438,0.0010301365822118062,10.0,2026-04-10 15:20:00+00:00,1.3479238735198975,stop,-1.2372088065253362
GBPUSD,SHORT,2026-04-12 23:00:00+00:00,1.3392791286706924,0.0014638530498952192,10.0,2026-04-12 23:30:00+00:00,1.3388572669744492,spread_closed,0.3149916154236987
GBPUSD,SHORT,2026-04-13 12:00:00+00:00,1.3416442446947099,0.0012434439083237698,10.0,2026-04-13 12:15:00+00:00,1.3426890621185303,spread_closed,-0.7787589205945356
GBPUSD,LONG,2026-04-15 14:20:00+00:00,1.3575821148633958,-0.0010859070657420885,10.0,2026-04-15 15:20:00+00:00,1.3571736317873002,spread_closed,-0.3008901425728405
GBPUSD,LONG,2026-04-17 12:50:00+00:00,1.3579157291650772,-0.0012385927401565382,10.0,2026-04-17 13:45:00+00:00,1.3562697293519974,stop,-1.2121516657678244
GBPUSD,LONG,2026-04-20 22:50:00+00:00,1.3539288117170334,-0.0010752410617561401,10.0,2026-04-20 23:20:00+00:00,1.3531218033075334,spread_closed,-0.59604936575397
GBPUSD,LONG,2026-04-21 13:55:00+00:00,1.352751265311241,-0.001026393412593475,10.0,2026-04-21 14:55:00+00:00,1.3506668214559556,stop,-1.540892186713827
GBPUSD,SHORT,2026-04-21 17:15:00+00:00,1.3474938664674758,0.001029222657327503,10.0,2026-04-21 17:25:00+00:00,1.349271327137947,stop,-1.319086279131687
GBPUSD,SHORT,2026-04-21 17:25:00+00:00,1.348731726527214,0.0010216319915169474,10.0,2026-04-21 17:35:00+00:00,1.3504244307518005,stop,-1.2550340377510683
GBPUSD,SHORT,2026-04-21 19:45:00+00:00,1.3484642743825912,0.0010456745520204128,10.0,2026-04-21 20:10:00+00:00,1.3506779203891754,stop,-1.6416052309564666
GBPUSD,LONG,2026-04-21 20:15:00+00:00,1.3511085904598237,-0.0010975317690436407,10.0,2026-04-21 20:40:00+00:00,1.3502581345558167,spread_closed,-0.6294504453691063
GBPUSD,SHORT,2026-04-23 00:15:00+00:00,1.349773288154602,0.0010638904829910578,10.0,2026-04-23 00:20:00+00:00,1.3502239998579024,spread_closed,-0.3339165971469882
GBPUSD,LONG,2026-04-23 00:45:00+00:00,1.3507873764038085,-0.001020056080326159,10.0,2026-04-23 00:50:00+00:00,1.350489711880684,spread_closed,-0.2203637140265613
GBPUSD,SHORT,2026-04-23 17:15:00+00:00,1.3458159737348556,0.0010363646657128322,10.0,2026-04-23 17:55:00+00:00,1.3480274871110915,stop,-1.643250949161068
GBPUSD,LONG,2026-04-23 18:10:00+00:00,1.348252837729454,-0.001420804294314599,10.0,2026-04-23 18:30:00+00:00,1.348082523393631,spread_closed,-0.12632225281261622
GBPUSD,SHORT,2026-04-29 13:45:00+00:00,1.3472577600955964,0.0012990094632830517,10.0,2026-04-29 14:15:00+00:00,1.3490147374391555,stop,-1.3041137305711548
GBPUSD,SHORT,2026-04-29 18:10:00+00:00,1.3467859049081803,0.00112919196472436,10.0,2026-04-29 18:40:00+00:00,1.3465810699939726,spread_closed,0.15209166762231163
GBPUSD,SHORT,2026-04-29 21:30:00+00:00,1.3475664504051208,0.0011531753886928047,10.0,2026-04-29 22:20:00+00:00,1.3482874153375626,spread_closed,-0.5350125273786421
GBPUSD,SHORT,2026-04-30 10:35:00+00:00,1.35111758081913,0.0011171150424803117,10.0,2026-04-30 10:55:00+00:00,1.3529928316354751,stop,-1.3879257016315982
GBPUSD,SHORT,2026-04-30 10:55:00+00:00,1.352451742720604,0.0011891788329509987,10.0,2026-04-30 11:15:00+00:00,1.3527549615383148,spread_closed,-0.22419936189432832
GBPUSD,SHORT,2026-04-30 11:45:00+00:00,1.3523419729232788,0.0011380882754092143,10.0,2026-04-30 12:20:00+00:00,1.3510191656112671,spread_closed,0.9781603606906497
GBPUSD,LONG,2026-04-30 12:40:00+00:00,1.3508367389202118,-0.0010740422603269925,10.0,2026-04-30 13:10:00+00:00,1.3510080493927001,spread_closed,0.12681804362624227
GBPUSD,LONG,2026-04-30 14:00:00+00:00,1.3522063699007034,-0.001318966523860422,10.0,2026-04-30 15:00:00+00:00,1.3580364152431488,spread_closed,4.311505604631449
GBPUSD,SHORT,2026-05-01 06:45:00+00:00,1.3610683738470077,0.0016002936459358613,10.0,2026-05-01 07:10:00+00:00,1.3611127271175385,spread_closed,-0.03258709950437755
GBPUSD,SHORT,2026-05-04 10:05:00+00:00,1.3530191846370698,0.0013483211638719262,10.0,2026-05-04 10:30:00+00:00,1.3556151258945466,stop,-1.918628565620084
GBPUSD,SHORT,2026-05-04 15:30:00+00:00,1.3536420477867126,0.0010712553946961266,10.0,2026-05-04 16:00:00+00:00,1.353139249920845,spread_closed,0.37144078575990225
GBPUSD,LONG,2026-05-06 01:00:00+00:00,1.3577130328416824,-0.0010028535528219936,10.0,2026-05-06 02:15:00+00:00,1.3572437128305435,spread_closed,-0.34566951910053323
GBPUSD,SHORT,2026-05-06 04:35:00+00:00,1.3584238871335983,0.0013562055665503965,10.0,2026-05-06 05:30:00+00:00,1.3591705386400224,spread_closed,-0.5496454482993851
GBPUSD,SHORT,2026-05-08 13:05:00+00:00,1.3604942575454713,0.0010000765626800286,10.0,2026-05-08 13:25:00+00:00,1.3623732597827911,stop,-1.3811173600319915
AUDUSD,LONG,2026-03-23 11:05:00+00:00,0.7022002769708633,-0.001475616219597021,10.0,2026-03-23 11:15:00+00:00,0.7006896379828453,stop,-2.151293637385754
AUDUSD,SHORT,2026-03-23 11:35:00+00:00,0.7015155931353569,0.001104551746607425,10.0,2026-03-23 11:55:00+00:00,0.6984880726575852,spread_closed,4.315685221251586
AUDUSD,SHORT,2026-03-23 13:40:00+00:00,0.7023928576231003,0.0012601006585335288,10.0,2026-03-23 13:45:00+00:00,0.7028614843010902,spread_closed,-0.6671859955633686
AUDUSD,LONG,2026-03-23 14:10:00+00:00,0.7035486844539642,-0.0010984022615575918,10.0,2026-03-23 14:15:00+00:00,0.7049135702490806,spread_closed,1.9400019149715675
AUDUSD,LONG,2026-03-23 14:20:00+00:00,0.705752887737751,-0.0010843860970111041,10.0,2026-03-23 14:55:00+00:00,0.7046551761984825,stop,-1.5553766174264405
AUDUSD,SHORT,2026-03-23 15:50:00+00:00,0.7002332173109055,0.0011338812360502536,10.0,2026-03-23 16:50:00+00:00,0.7010190939545631,spread_closed,-1.1223070031947113
AUDUSD,SHORT,2026-03-23 21:00:00+00:00,0.7021758209228516,0.0014783983028222262,10.0,2026-03-23 21:15:00+00:00,0.7016387485384941,spread_closed,0.7648688097116052
AUDUSD,LONG,2026-03-23 21:30:00+00:00,0.7018750089883804,-0.001242404631523975,10.0,2026-03-23 21:40:00+00:00,0.7007239633917809,stop,-1.6399580863528662
AUDUSD,SHORT,2026-03-24 21:10:00+00:00,0.6989408895015716,0.0010874721720242951,10.0,2026-03-24 21:15:00+00:00,0.6999496323823928,stop,-1.4432449095094224
AUDUSD,SHORT,2026-03-30 00:45:00+00:00,0.6850385029554367,0.0010947877602265144,10.0,2026-03-30 01:00:00+00:00,0.685937652862072,stop,-1.3125538239910917
AUDUSD,SHORT,2026-03-31 15:00:00+00:00,0.6857715530514717,0.0011714625680827805,10.0,2026-03-31 15:15:00+00:00,0.6866110219717025,stop,-1.2241232761776022
AUDUSD,LONG,2026-03-31 16:35:00+00:00,0.6864790308952331,-0.0011016217652113857,10.0,2026-03-31 17:10:00+00:00,0.6892272755146027,spread_closed,4.003391940152312
AUDUSD,SHORT,2026-04-01 07:45:00+00:00,0.6942717995882034,0.0014331104685612788,10.0,2026-04-01 08:00:00+00:00,0.6939039164543152,spread_closed,0.5298834463771662
AUDUSD,LONG,2026-04-01 08:15:00+00:00,0.6940097954750061,-0.0011834014661641738,10.0,2026-04-01 08:30:00+00:00,0.6949136132240296,spread_closed,1.302312668951311
AUDUSD,SHORT,2026-04-01 12:45:00+00:00,0.6949860183835029,0.001259270667011135,10.0,2026-04-01 12:55:00+00:00,0.6940194533586502,spread_closed,1.3907690216572455
AUDUSD,LONG,2026-04-02 01:45:00+00:00,0.6881983726501465,-0.0012610280960033012,10.0,2026-04-02 01:50:00+00:00,0.6886480938315391,spread_closed,0.6534760895477998
AUDUSD,LONG,2026-04-02 21:00:00+00:00,0.6892702188849449,-0.0013247181528109682,10.0,2026-04-02 21:40:00+00:00,0.6905459433078766,spread_closed,1.8508335163462952
AUDUSD,SHORT,2026-04-03 20:30:00+00:00,0.6895790513634682,0.001764770856805692,10.0,2026-04-03 20:50:00+00:00,0.6897217547535897,spread_closed,-0.2069427570912108
AUDUSD,LONG,2026-04-07 22:30:00+00:00,0.6993476839184761,-0.0013957963676189883,10.0,2026-04-07 23:25:00+00:00,0.7062380185365678,spread_closed,9.852516532956601
AUDUSD,SHORT,2026-04-07 23:30:00+00:00,0.7063877154588699,0.001780996860495435,10.0,2026-04-07 23:45:00+00:00,0.7072799660682678,stop,-1.263117392717339
AUDUSD,LONG,2026-04-13 13:45:00+00:00,0.7050265195012092,-0.0010501032013354775,10.0,2026-04-13 14:00:00+00:00,0.7057096098542214,spread_closed,0.9688860406207311
AUDUSD,LONG,2026-04-21 20:05:00+00:00,0.7137607040762901,-0.0011608761940765302,10.0,2026-04-21 20:10:00+00:00,0.7154818034887314,spread_closed,2.411311525854609
AUDUSD,SHORT,2026-04-21 20:35:00+00:00,0.7155433031797409,0.001185608704365762,10.0,2026-04-21 20:40:00+00:00,0.7155581435322761,spread_closed,-0.020739978236372636
AUDUSD,LONG,2026-05-06 21:40:00+00:00,0.7242577504992485,-0.001156433351415949,10.0,2026-05-06 22:30:00+00:00,0.7239681053280831,spread_closed,-0.3999200159966465
NZDUSD,SHORT,2026-03-23 11:10:00+00:00,0.5835522134304046,0.001006829414717813,10.0,2026-03-23 11:30:00+00:00,0.5846387344479561,stop,-1.8619088275997342
NZDUSD,SHORT,2026-03-23 13:40:00+00:00,0.5855001207947731,0.0012736830910513902,10.0,2026-03-23 14:00:00+00:00,0.5866619418382645,stop,-1.984322465919064
NZDUSD,SHORT,2026-03-31 11:25:00+00:00,0.5723936546683311,0.0010377356833174288,10.0,2026-03-31 11:35:00+00:00,0.5721968168020248,spread_closed,0.3438854793391677
NZDUSD,LONG,2026-03-31 12:15:00+00:00,0.5726554470419883,-0.00100778885724441,10.0,2026-03-31 12:20:00+00:00,0.5724592066645623,spread_closed,-0.3426849049279479
NZDUSD,SHORT,2026-03-31 15:00:00+00:00,0.5710858327507973,0.0011396622344211956,10.0,2026-03-31 15:15:00+00:00,0.5717715718388557,stop,-1.2007636133353206
NZDUSD,LONG,2026-03-31 21:00:00+00:00,0.5747284938812256,-0.0010794074739264537,10.0,2026-03-31 21:40:00+00:00,0.5744986484527588,spread_closed,-0.39992001599686855
NZDUSD,LONG,2026-04-01 08:15:00+00:00,0.5760857246160507,-0.001170326640272684,10.0,2026-04-01 08:20:00+00:00,0.5761207623958587,spread_closed,0.06082042708377422
NZDUSD,LONG,2026-04-02 21:25:00+00:00,0.5719023109674454,-0.001044462629655827,10.0,2026-04-02 21:50:00+00:00,0.5716735957860947,spread_closed,-0.3999200159967575
NZDUSD,SHORT,2026-04-02 22:25:00+00:00,0.5717389690041542,0.0011825986892261707,10.0,2026-04-02 22:30:00+00:00,0.572065898823738,spread_closed,-0.5718165759336369
NZDUSD,LONG,2026-04-03 20:30:00+00:00,0.5688449350118637,-0.002384061713285304,10.0,2026-04-05 23:25:00+00:00,0.5686821006417274,spread_closed,-0.28625440803642377
NZDUSD,LONG,2026-04-07 21:30:00+00:00,0.5729506682753562,-0.0010113922758947813,10.0,2026-04-07 21:45:00+00:00,0.57344421479702,spread_closed,0.8614118963319317
NZDUSD,SHORT,2026-04-07 22:00:00+00:00,0.5740698192119599,0.0011135419712332707,10.0,2026-04-07 22:05:00+00:00,0.5745634156107903,spread_closed,-0.8598194545534898
NZDUSD,SHORT,2026-04-07 23:05:00+00:00,0.5797958456754685,0.001063488540131168,10.0,2026-04-07 23:15:00+00:00,0.5807013583660126,stop,-1.5617785075523472
NZDUSD,SHORT,2026-04-07 23:20:00+00:00,0.5813466867208481,0.001096029427862747,10.0,2026-04-07 23:55:00+00:00,0.5812075030088425,spread_closed,0.23941602349308866
NZDUSD,SHORT,2026-04-08 00:00:00+00:00,0.5815833890199661,0.0013911894140634178,10.0,2026-04-08 00:15:00+00:00,0.5800278104066848,spread_closed,2.674730129247016
NZDUSD,SHORT,2026-04-08 03:40:00+00:00,0.5824642886638641,0.001857554165879021,10.0,2026-04-08 04:00:00+00:00,0.583173001563549,stop,-1.2167491011518816
NZDUSD,SHORT,2026-04-08 06:50:00+00:00,0.584029431962967,0.0011300053025197695,10.0,2026-04-08 06:55:00+00:00,0.5845362535715103,spread_closed,-0.8678014853460425
NZDUSD,LONG,2026-04-09 21:45:00+00:00,0.5860775802612305,-0.0012118905235730412,10.0,2026-04-09 22:00:00+00:00,0.5860148827433587,spread_closed,-0.10697818852556384
NZDUSD,SHORT,2026-04-09 22:15:00+00:00,0.585843196105957,0.00149110282524971,10.0,2026-04-09 22:20:00+00:00,0.5861119194030762,spread_closed,-0.45869491854699795
NZDUSD,SHORT,2026-04-14 14:35:00+00:00,0.5920530558943748,0.0010063552482830712,10.0,2026-04-14 14:40:00+00:00,0.5919393790841102,spread_closed,0.1920044312463398
NZDUSD,LONG,2026-04-16 21:00:00+00:00,0.5893582798719406,-0.0011061781474019515,10.0,2026-04-16 21:10:00+00:00,0.5893657220125198,spread_closed,0.01262753206909828
NZDUSD,SHORT,2026-04-17 13:15:00+00:00,0.5925794384241104,0.0011362822648381102,10.0,2026-04-17 14:10:00+00:00,0.5919744336247444,spread_closed,1.020968262035793
NZDUSD,LONG,2026-04-21 20:05:00+00:00,0.5879033375859261,-0.0012314812459687091,10.0,2026-04-21 20:50:00+00:00,0.5895047518372536,spread_closed,2.7239414185047384
NZDUSD,LONG,2026-04-22 21:00:00+00:00,0.5908553710699082,-0.0012633293899608434,10.0,2026-04-22 21:40:00+00:00,0.5908285446047783,spread_closed,-0.0454027608842722
NZDUSD,LONG,2026-04-23 00:15:00+00:00,0.5899145024299621,-0.001123058498580769,10.0,2026-04-23 00:20:00+00:00,0.5905493526935578,spread_closed,1.0761733454265343
NZDUSD,SHORT,2026-04-23 00:45:00+00:00,0.5907587019324303,0.001161404162227244,10.0,2026-04-23 00:50:00+00:00,0.5909251820683479,spread_closed,-0.2818073358428208
NZDUSD,SHORT,2026-04-28 21:55:00+00:00,0.5883945393919945,0.001217383242856934,10.0,2026-04-28 22:05:00+00:00,0.5889418581604957,spread_closed,-0.9301900882132674
NZDUSD,LONG,2026-04-29 21:05:00+00:00,0.5835132333040237,-0.0011135265123496947,10.0,2026-04-29 21:10:00+00:00,0.5836203279137612,spread_closed,0.18353415762484282
NZDUSD,SHORT,2026-04-30 10:30:00+00:00,0.5863242285728455,0.0010207056878985105,10.0,2026-04-30 11:00:00+00:00,0.5871096622467041,stop,-1.3395893186445296
NZDUSD,SHORT,2026-04-30 11:00:00+00:00,0.5868748653411865,0.001355398992304629,10.0,2026-04-30 11:20:00+00:00,0.5876270148038863,stop,-1.2816181218846534
NZDUSD,SHORT,2026-04-30 11:35:00+00:00,0.587564651119709,0.0010989824667521427,10.0,2026-04-30 12:00:00+00:00,0.5866964002132415,spread_closed,1.4777112694115413
NZDUSD,SHORT,2026-05-01 06:45:00+00:00,0.5896437816619873,0.0012906213513210847,10.0,2026-05-01 07:30:00+00:00,0.5900537071108818,spread_closed,-0.6952086355240805
NZDUSD,LONG,2026-05-04 21:05:00+00:00,0.5877997239947319,-0.0010216924957587553,10.0,2026-05-04 21:20:00+00:00,0.5874265747785569,spread_closed,-0.6348237349264041
NZDUSD,SHORT,2026-05-04 21:35:00+00:00,0.587392010998726,0.0010170691545377062,10.0,2026-05-04 21:45:00+00:00,0.5878342419862747,spread_closed,-0.752871982029113
NZDUSD,LONG,2026-05-05 05:30:00+00:00,0.5862149964451789,-0.0012645692788990602,10.0,2026-05-05 06:35:00+00:00,0.5872885580301285,spread_closed,1.8313444580224658
NZDUSD,SHORT,2026-05-06 04:30:00+00:00,0.5945174533963203,0.0016727860800182918,10.0,2026-05-06 04:50:00+00:00,0.5954280212759971,stop,-1.5316083228087418
NZDUSD,SHORT,2026-05-06 04:50:00+00:00,0.5951898976922035,0.002524654084463464,10.0,2026-05-06 05:00:00+00:00,0.5949676025390624,spread_closed,0.3734860991475575
NZDUSD,LONG,2026-05-06 05:20:00+00:00,0.5945078395843506,-0.0011340998572902596,10.0,2026-05-06 05:45:00+00:00,0.5948003996491432,spread_closed,0.4921046373369542
NZDUSD,LONG,2026-05-06 21:00:00+00:00,0.5958536835551261,-0.001287804949931693,10.0,2026-05-06 21:30:00+00:00,0.5951190419435501,stop,-1.2329228329894804
NZDUSD,LONG,2026-05-07 21:00:00+00:00,0.5944018413305282,-0.001436640429397596,10.0,2026-05-07 22:05:00+00:00,0.5934940079569817,stop,-1.5273057894881203
EURGBP,LONG,2026-03-23 00:35:00+00:00,0.86722340208292,-0.0011922898254683636,10.0,2026-03-23 01:00:00+00:00,0.8665566287517548,spread_closed,-0.7688599380087924
EURGBP,SHORT,2026-03-23 01:10:00+00:00,0.8665466767668725,0.0010257463131149822,10.0,2026-03-23 02:05:00+00:00,0.866443259704113,spread_closed,0.11934390325674116
EURGBP,LONG,2026-03-23 02:35:00+00:00,0.8669033207416534,-0.0011418914251560526,10.0,2026-03-23 03:00:00+00:00,0.8666266502022744,spread_closed,-0.3191480904034538
EURGBP,SHORT,2026-03-23 08:30:00+00:00,0.8658068331003189,0.0010856602361808234,10.0,2026-03-23 08:55:00+00:00,0.8664532752871513,spread_closed,-0.7466355798066981
EURGBP,LONG,2026-03-23 09:25:00+00:00,0.8662732332587242,-0.0010222406920158958,10.0,2026-03-23 10:55:00+00:00,0.8658068331003189,spread_closed,-0.5383984411601039
EURGBP,SHORT,2026-03-23 11:05:00+00:00,0.8634272956371307,0.00809217240325511,10.0,2026-03-23 11:10:00+00:00,0.8654130258321762,stop,-2.2998232799440466
EURGBP,SHORT,2026-03-23 11:10:00+00:00,0.8650669298410416,0.007841549114157076,10.0,2026-03-23 12:35:00+00:00,0.8653530515670776,spread_closed,-0.3307509698569078
EURGBP,SHORT,2026-03-23 12:40:00+00:00,0.8643670728921891,0.002866440901732611,10.0,2026-03-23 13:35:00+00:00,0.8652930176854133,spread_closed,-1.0712402430208545
EURGBP,SHORT,2026-03-23 13:45:00+00:00,0.8644370943427087,0.0014547125835847072,10.0,2026-03-23 15:55:00+00:00,0.8657731098890304,stop,-1.54553241070432
EURGBP,LONG,2026-03-23 15:55:00+00:00,0.8657731098890304,-0.0019932070058005817,10.0,2026-03-23 16:20:00+00:00,0.8646970378041268,stop,-1.2429031031485627
EURGBP,SHORT,2026-03-23 16:45:00+00:00,0.8645470429182053,0.0010517792248753812,10.0,2026-03-23 18:10:00+00:00,0.8644928441405296,spread_closed,0.06269037424810886
EURGBP,SHORT,2026-03-23 18:45:00+00:00,0.8643571209073067,0.001229115910347445,10.0,2026-03-23 19:05:00+00:00,0.864682901751995,spread_closed,-0.37690537488299647
EURGBP,LONG,2026-03-24 00:00:00+00:00,0.8647229044675827,-0.0011775497610588383,10.0,2026-03-24 01:15:00+00:00,0.8649369581103326,spread_closed,0.24754015609396163
EURGBP,LONG,2026-03-24 01:35:00+00:00,0.8650930041074752,-0.0011673884713362614,10.0,2026-03-24 02:05:00+00:00,0.8646970378041268,spread_closed,-0.45771529935900723
EURGBP,SHORT,2026-03-24 07:00:00+00:00,0.8637572009563447,0.0011331350874764395,10.0,2026-03-24 07:25:00+00:00,0.864402823126316,spread_closed,-0.7474579306041562
EURGBP,LONG,2026-03-24 07:40:00+00:00,0.8642628434300422,-0.0010570172328572902,10.0,2026-03-24 07:55:00+00:00,0.8641371641635895,spread_closed,-0.1454178753698132
EURGBP,LONG,2026-03-24 08:20:00+00:00,0.8649929675102234,-0.0010788880252213325,10.0,2026-03-24 10:30:00+00:00,0.8647669996619225,spread_closed,-0.26123663057198154
EURGBP,SHORT,2026-03-24 14:05:00+00:00,0.8651569148540497,0.0011273399887330765,10.0,2026-03-24 15:05:00+00:00,0.8652429993867874,spread_closed,-0.0995016409852667
EURGBP,LONG,2026-03-24 17:00:00+00:00,0.8654430725812912,-0.0014775183609307824,10.0,2026-03-24 17:45:00+00:00,0.8653768715977669,spread_closed,-0.07649374710094747
EURGBP,SHORT,2026-03-24 18:15:00+00:00,0.8654968913435936,0.0010382450510560825,10.0,2026-03-24 20:05:00+00:00,0.8658231281876564,spread_closed,-0.376935893503072
EURGBP,SHORT,2026-03-24 20:20:00+00:00,0.8651969015717507,0.0026771582575966036,10.0,2026-03-24 21:00:00+00:00,0.8654830752968788,spread_closed,-0.33076138461463067
EURGBP,LONG,2026-03-24 21:05:00+00:00,0.8658731464862823,-0.001393959294399803,10.0,2026-03-24 21:15:00+00:00,0.8650769414186478,spread_closed,-0.9195400860571024
EURGBP,LONG,2026-03-25 02:05:00+00:00,0.8658531153202057,-0.0011675758621729026,10.0,2026-03-25 02:30:00+00:00,0.8656268630743027,spread_closed,-0.2613055746982784
EURGBP,SHORT,2026-03-25 08:25:00+00:00,0.8652069131493568,0.0012399787884953238,10.0,2026-03-25 09:10:00+00:00,0.8656730732917786,spread_closed,-0.5387845789683876
EURGBP,LONG,2026-03-25 09:35:00+00:00,0.8656931044578552,-0.0010363872107841214,10.0,2026-03-25 10:10:00+00:00,0.865636815059185,spread_closed,-0.06502234842853394
EURGBP,LONG,2026-03-25 12:40:00+00:00,0.8654230414152145,-0.0010577727054159984,10.0,2026-03-25 15:50:00+00:00,0.8648270095348358,spread_closed,-0.6887173692579074
EURGBP,LONG,2026-03-26 11:50:00+00:00,0.8646529146194458,-0.001058353170021994,10.0,2026-03-26 14:10:00+00:00,0.8638471859693527,spread_closed,-0.9318521183123707
EURGBP,LONG,2026-03-26 14:50:00+00:00,0.8644128387093544,-0.0013170836283099812,10.0,2026-03-26 16:55:00+00:00,0.8647070493817329,spread_closed,0.34035898034301404
EURGBP,SHORT,2026-03-26 20:10:00+00:00,0.8650669298410416,0.0010986130328022245,10.0,2026-03-26 21:00:00+00:00,0.8649029464960099,spread_closed,0.1895614540043944
EURGBP,LONG,2026-03-27 17:15:00+00:00,0.8676934787034988,-0.0010165635697452604,10.0,2026-03-27 18:00:00+00:00,0.8674364557266235,spread_closed,-0.29621402394230945
EURGBP,LONG,2026-03-29 23:00:00+00:00,0.8680035444617271,-0.0014195194862086837,10.0,2026-03-29 23:35:00+00:00,0.8676764356255532,spread_closed,-0.3768519590283681
EURGBP,LONG,2026-03-30 07:00:00+00:00,0.8680235756278037,-0.0010128987735219769,10.0,2026-03-30 08:00:00+00:00,0.8676364489078522,spread_closed,-0.44598641191462285
EURGBP,LONG,2026-03-30 13:40:00+00:00,0.8696539098501205,-0.0010616263267968504,10.0,2026-03-30 14:40:00+00:00,0.8692961062669754,spread_closed,-0.4114321560478862
EURGBP,SHORT,2026-03-30 14:55:00+00:00,0.8684662775874138,0.00141417438493166,10.0,2026-03-30 16:30:00+00:00,0.8686736942768096,spread_closed,-0.23883102286026414
EURGBP,SHORT,2026-03-31 00:45:00+00:00,0.8688461812019348,0.0015690258462835883,10.0,2026-03-31 01:50:00+00:00,0.8689237261533737,spread_closed,-0.08925049464059143
EURGBP,SHORT,2026-03-31 07:35:00+00:00,0.8685462510228157,0.0011500369893880128,10.0,2026-03-31 09:15:00+00:00,0.868353612935543,spread_closed,0.22179370073360793
EURGBP,SHORT,2026-03-31 11:15:00+00:00,0.8679963889598846,0.0010940798510552566,10.0,2026-03-31 12:20:00+00:00,0.868683709859848,spread_closed,-0.7918476490287318
EURGBP,LONG,2026-03-31 14:50:00+00:00,0.8718143545746803,-0.0012439570392374798,10.0,2026-03-31 15:15:00+00:00,0.8724454625368119,spread_closed,0.7239017788822633
EURGBP,SHORT,2026-03-31 16:40:00+00:00,0.873425286102295,0.002643119370227781,10.0,2026-03-31 18:05:00+00:00,0.8720443552851677,spread_closed,1.5810520248271676
EURGBP,LONG,2026-03-31 21:00:00+00:00,0.8730945607066154,-0.0011094950083361537,10.0,2026-03-31 21:10:00+00:00,0.873175354218483,spread_closed,0.09253695476263424
EURGBP,SHORT,2026-04-01 00:10:00+00:00,0.8734852959752083,0.0010804594716530165,10.0,2026-04-01 00:50:00+00:00,0.8738847186684608,spread_closed,-0.45727466174061426
EURGBP,SHORT,2026-04-01 06:25:00+00:00,0.8719355871915817,0.001419042003109484,10.0,2026-04-01 07:25:00+00:00,0.8730045396924019,stop,-1.2259535182674863
EURGBP,SHORT,2026-04-01 08:25:00+00:00,0.8728254257440567,0.0012066960820820364,10.0,2026-04-01 09:40:00+00:00,0.8723044027447701,spread_closed,0.5969383841477605
EURGBP,SHORT,2026-04-01 13:35:00+00:00,0.8722055422306061,0.0011610936229256175,10.0,2026-04-01 13:50:00+00:00,0.8725244474887848,spread_closed,-0.36563085504259796
EURGBP,LONG,2026-04-01 18:10:00+00:00,0.8710541837453842,-0.0010824399699802239,10.0,2026-04-01 18:45:00+00:00,0.8705658484339714,spread_closed,-0.560625642497925
EURGBP,LONG,2026-04-02 01:15:00+00:00,0.8719343627214432,-0.002272723698174122,10.0,2026-04-02 03:00:00+00:00,0.8715456719994545,spread_closed,-0.44577979559778935
EURGBP,SHORT,2026-04-02 14:05:00+00:00,0.8722955272436143,0.0012230912150280548,10.0,2026-04-02 15:20:00+00:00,0.8727245206832885,spread_closed,-0.4917982796837084
EURGBP,LONG,2026-04-02 21:35:00+00:00,0.8726244840860367,-0.0010968113212709387,10.0,2026-04-02 21:55:00+00:00,0.8722654925107957,spread_closed,-0.4113929666057503
EURGBP,SHORT,2026-04-03 20:10:00+00:00,0.8727754274487496,0.0016209213198587849,10.0,2026-04-05 23:30:00+00:00,0.8729445654273033,spread_closed,-0.1937932407745091
EURGBP,SHORT,2026-04-06 02:15:00+00:00,0.8719655623316765,0.0010766443561435895,10.0,2026-04-06 02:40:00+00:00,0.8720943735837936,spread_closed,-0.1477251598935858
EURGBP,SHORT,2026-04-06 07:50:00+00:00,0.8723154908061028,0.0012423154887276006,10.0,2026-04-06 08:25:00+00:00,0.8723044027447701,spread_closed,0.012711067784110242
EURGBP,LONG,2026-04-06 15:00:00+00:00,0.8722243973135948,-0.001109913977423139,10.0,2026-04-06 15:50:00+00:00,0.8721755074977875,spread_closed,-0.05605187834445413
EURGBP,SHORT,2026-04-07 08:10:00+00:00,0.8722055422306061,0.001197203617251787,10.0,2026-04-07 09:40:00+00:00,0.8716942868113517,spread_closed,0.5861639195123836
EURGBP,SHORT,2026-04-07 14:30:00+00:00,0.8730853692054749,0.0014011977711416322,10.0,2026-04-07 15:50:00+00:00,0.8741447661280631,stop,-1.2133944284880016
EURGBP,SHORT,2026-04-07 19:50:00+00:00,0.8724654856920242,0.0010629311922524076,10.0,2026-04-07 20:40:00+00:00,0.8724944603562355,spread_closed,-0.03321009791945606
EURGBP,SHORT,2026-04-07 22:00:00+00:00,0.871905612051487,0.001049093967725788,10.0,2026-04-08 01:05:00+00:00,0.8715842942476273,spread_closed,0.36852361014594326
EURGBP,SHORT,2026-04-08 01:25:00+00:00,0.8709857387661935,0.0010337766927766181,10.0,2026-04-08 01:50:00+00:00,0.8712842440724373,spread_closed,-0.34272123291789747
EURGBP,LONG,2026-04-08 02:30:00+00:00,0.8712642129063606,-0.0010972044142818463,10.0,2026-04-08 02:50:00+00:00,0.8708657786130906,spread_closed,-0.45730593242310213
EURGBP,SHORT,2026-04-08 04:10:00+00:00,0.8707257953047752,0.0010798154111675378,10.0,2026-04-08 05:00:00+00:00,0.8704040650963784,spread_closed,0.36949658564355836
EURGBP,LONG,2026-04-08 07:05:00+00:00,0.8710941864609718,-0.0014111080911230476,10.0,2026-04-08 07:30:00+00:00,0.8707358068823815,spread_closed,-0.4114131217501926
EURGBP,LONG,2026-04-08 08:10:00+00:00,0.8710541837453842,-0.0011451390756337658,10.0,2026-04-08 08:35:00+00:00,0.8698159931898117,stop,-1.421485113874854
EURGBP,LONG,2026-04-08 08:40:00+00:00,0.8704740549445152,-0.0010827699392262846,10.0,2026-04-08 09:00:00+00:00,0.8700159863710404,spread_closed,-0.5262288644594104
EURGBP,SHORT,2026-04-08 11:25:00+00:00,0.8691761461138725,0.0010915547392116765,10.0,2026-04-08 11:55:00+00:00,0.8689937756180763,spread_closed,0.20981995031910117
EURGBP,SHORT,2026-04-08 12:50:00+00:00,0.8689461777925491,0.001331499813446272,10.0,2026-04-08 14:25:00+00:00,0.8696738813996315,spread_closed,-0.8374553288570397
EURGBP,LONG,2026-04-08 18:35:00+00:00,0.8704440678119659,-0.001075662421485669,10.0,2026-04-08 19:10:00+00:00,0.8698659914851189,spread_closed,-0.6641165678802352
EURGBP,SHORT,2026-04-08 19:55:00+00:00,0.8700559730887413,0.0012011257306937557,10.0,2026-04-08 20:55:00+00:00,0.8706540969729424,spread_closed,-0.6874544887931489
EURGBP,SHORT,2026-04-09 15:15:00+00:00,0.8707458184599877,0.001276292481490745,10.0,2026-04-09 16:30:00+00:00,0.8706340658068656,spread_closed,0.12834130322858517
EURGBP,SHORT,2026-04-10 14:20:00+00:00,0.8706958201646805,0.0011266990049344173,10.0,2026-04-10 15:15:00+00:00,0.8711241735935211,spread_closed,-0.4919667912952619
EURGBP,LONG,2026-04-10 21:15:00+00:00,0.8710841708779334,-0.0010208997277410408,10.0,2026-04-12 23:35:00+00:00,0.8715356604218483,spread_closed,0.5183075975996321
EURGBP,LONG,2026-04-13 12:00:00+00:00,0.8708741417169571,-0.00113940787275414,10.0,2026-04-13 12:20:00+00:00,0.8703659148454667,spread_closed,-0.5835824571487347
EURGBP,SHORT,2026-04-13 16:35:00+00:00,0.8698860146403313,0.0011353435101441776,10.0,2026-04-13 17:40:00+00:00,0.870113970887661,spread_closed,-0.2620530086621109
EURGBP,SHORT,2026-04-14 07:05:00+00:00,0.870975786781311,0.0011765510514919267,10.0,2026-04-14 07:30:00+00:00,0.8710741552948952,spread_closed,-0.11294058351229985
EURGBP,SHORT,2026-04-15 14:25:00+00:00,0.868896179497242,0.0011440107853498294,10.0,2026-04-15 15:45:00+00:00,0.869813920712471,spread_closed,-1.056215042584352
EURGBP,LONG,2026-04-16 16:45:00+00:00,0.8704940861105919,-0.001167940238935574,10.0,2026-04-16 17:20:00+00:00,0.8700659250736237,spread_closed,-0.491859788365967
EURGBP,LONG,2026-04-16 21:30:00+00:00,0.8708041518688202,-0.00132538367965881,10.0,2026-04-16 22:30:00+00:00,0.8706658450245858,spread_closed,-0.1588265787865195
EURGBP,SHORT,2026-04-17 12:45:00+00:00,0.8711057585120201,0.0017201456766587837,10.0,2026-04-17 13:25:00+00:00,0.8718143545746803,spread_closed,-0.8134443559075777
EURGBP,LONG,2026-04-17 15:00:00+00:00,0.870924160015583,-0.0010501395955026657,10.0,2026-04-17 16:10:00+00:00,0.8704558998584747,spread_closed,-0.5376589358825345
EURGBP,LONG,2026-04-19 23:00:00+00:00,0.8706040786743164,-0.0018609076784688343,10.0,2026-04-19 23:30:00+00:00,0.870505838561058,spread_closed,-0.11284131979716339
EURGBP,SHORT,2026-04-20 15:30:00+00:00,0.8702559066772461,0.0011098038316559459,10.0,2026-04-20 15:50:00+00:00,0.8705140576601028,spread_closed,-0.29663801288326574
EURGBP,LONG,2026-04-21 08:10:00+00:00,0.8720043525695801,-0.0011721444931402447,10.0,2026-04-21 08:25:00+00:00,0.8715056852817535,spread_closed,-0.5718633013207519
EURGBP,LONG,2026-04-21 17:10:00+00:00,0.8698939261436462,-0.0012778744436426892,10.0,2026-04-21 20:55:00+00:00,0.8688361696243286,stop,-1.2159603458857804
EURGBP,SHORT,2026-04-23 00:40:00+00:00,0.8668566185235977,0.0013368580889293684,10.0,2026-04-23 00:55:00+00:00,0.8671033939361572,spread_closed,-0.28467846618029924
EURGBP,LONG,2026-04-23 17:05:00+00:00,0.8677834997177124,-0.00118289760042234,10.0,2026-04-23 18:35:00+00:00,0.8673265071511269,spread_closed,-0.5266204839503574
EURGBP,LONG,2026-04-23 19:00:00+00:00,0.8677335410356521,-0.0010399345467595675,10.0,2026-04-23 19:30:00+00:00,0.867456478881836,spread_closed,-0.31929404674790884
EURGBP,SHORT,2026-04-24 11:20:00+00:00,0.8675964621901512,0.0010942123063464395,10.0,2026-04-24 12:05:00+00:00,0.8681735709071159,spread_closed,-0.6651810399362912
EURGBP,SHORT,2026-04-27 01:00:00+00:00,0.8661567615747452,0.0010526838297509708,10.0,2026-04-27 01:45:00+00:00,0.8664532752871513,spread_closed,-0.34233261871330356
EURGBP,LONG,2026-04-29 13:30:00+00:00,0.8666233017325401,-0.0013394708330554668,10.0,2026-04-29 14:45:00+00:00,0.8664666437387467,spread_closed,-0.18076826861246342
EURGBP,LONG,2026-04-29 18:10:00+00:00,0.8668733336091041,-0.0012604580238695852,10.0,2026-04-29 18:35:00+00:00,0.8663366720080375,spread_closed,-0.6190772979857151
EURGBP,LONG,2026-04-29 21:00:00+00:00,0.8660731600642204,-0.0012542411621356804,10.0,2026-04-29 22:10:00+00:00,0.865936804831028,spread_closed,-0.15744077923196542
EURGBP,SHORT,2026-04-30 14:05:00+00:00,0.8640771542906761,0.0010010322538760003,10.0,2026-04-30 15:40:00+00:00,0.8639927803874016,spread_closed,0.0976462609334483
EURGBP,SHORT,2026-05-01 14:00:00+00:00,0.8623974737763405,0.0011379420504806696,10.0,2026-05-01 14:45:00+00:00,0.8635426753163338,stop,-1.3279277535203082
EURGBP,LONG,2026-05-04 10:05:00+00:00,0.8645428624391556,-0.0015886388525838415,10.0,2026-05-04 11:40:00+00:00,0.8637272258162498,spread_closed,-0.9434310990719119
EURGBP,LONG,2026-05-04 16:10:00+00:00,0.8648129254817962,-0.0010087995820895084,10.0,2026-05-04 16:30:00+00:00,0.863907195842266,spread_closed,-1.0473127919840008
EURGBP,LONG,2026-05-04 21:30:00+00:00,0.8637026861786842,-0.0010810304125131686,10.0,2026-05-04 21:45:00+00:00,0.8633473222017288,spread_closed,-0.4114424820508278
EURGBP,LONG,2026-05-05 05:00:00+00:00,0.864152791249752,-0.0012158714595501632,10.0,2026-05-05 06:00:00+00:00,0.8638471859693527,spread_closed,-0.3536472756828779
EURGBP,LONG,2026-05-05 21:50:00+00:00,0.8623824177145958,-0.0013476047341848272,10.0,2026-05-05 21:55:00+00:00,0.8628174237012863,spread_closed,0.5044235338695913
EURGBP,SHORT,2026-05-05 22:20:00+00:00,0.8633473222017288,0.0011937565128103016,10.0,2026-05-05 22:35:00+00:00,0.8637327329277992,spread_closed,-0.4464144570315298
EURGBP,SHORT,2026-05-05 23:00:00+00:00,0.8632073388934136,0.0011749817460426563,10.0,2026-05-05 23:40:00+00:00,0.8635926936149597,spread_closed,-0.4464219709254813
EURGBP,SHORT,2026-05-06 00:55:00+00:00,0.8631673521757126,0.0010081119573873544,10.0,2026-05-06 01:30:00+00:00,0.8635826780319213,spread_closed,-0.4811649272435936
EURGBP,LONG,2026-05-06 07:15:00+00:00,0.8633226305723191,-0.0010188301203105734,10.0,2026-05-06 07:40:00+00:00,0.8627974005460739,spread_closed,-0.6083820898995507
EURGBP,SHORT,2026-05-06 08:50:00+00:00,0.8630573440074921,0.0016180758624226793,10.0,2026-05-06 09:40:00+00:00,0.8641927939653397,stop,-1.3156135750787001
EURGBP,SHORT,2026-05-06 10:45:00+00:00,0.8645370313405991,0.0010385470883698753,10.0,2026-05-06 12:30:00+00:00,0.8638127383589744,spread_closed,0.8377813273093837
EURGBP,SHORT,2026-05-06 21:00:00+00:00,0.8643770844697952,0.0014237491731070855,10.0,2026-05-06 21:35:00+00:00,0.8641127885341644,spread_closed,0.3057646256239277
EURGBP,SHORT,2026-05-08 12:35:00+00:00,0.8643770844697952,0.0010011695755154616,10.0,2026-05-08 13:55:00+00:00,0.8645928807377815,spread_closed,-0.24965523943598633
EURAUD,SHORT,2026-03-23 08:25:00+00:00,1.6567085919618607,0.0011322754316348267,10.0,2026-03-23 09:10:00+00:00,1.656451166653633,spread_closed,0.15538357770139566
EURAUD,SHORT,2026-03-23 11:05:00+00:00,1.6474603971481323,0.0016446941421159348,10.0,2026-03-23 11:15:00+00:00,1.650370038485527,stop,-1.7661373483888188
EURAUD,SHORT,2026-03-23 11:25:00+00:00,1.6492200510978698,0.0011414949645643523,10.0,2026-03-23 11:40:00+00:00,1.6522603605508803,stop,-1.8434831973979104
EURAUD,SHORT,2026-03-23 11:50:00+00:00,1.6539091641664505,0.0013067981643872986,10.0,2026-03-23 12:30:00+00:00,1.6543308438777924,spread_closed,-0.25495941402220446
EURAUD,LONG,2026-03-23 15:00:00+00:00,1.647769444656372,-0.0014536680071104834,10.0,2026-03-23 15:15:00+00:00,1.6502198978185654,spread_closed,1.4871335126040996
EURAUD,LONG,2026-03-23 21:10:00+00:00,1.6551509293556212,-0.0011409653487380956,10.0,2026-03-23 21:15:00+00:00,1.654519036102295,spread_closed,-0.3817737960442047
EURAUD,SHORT,2026-03-23 21:40:00+00:00,1.6561987166166305,0.0012945274234837747,10.0,2026-03-23 21:45:00+00:00,1.6570614018201828,spread_closed,-0.5208826663714028
EURAUD,SHORT,2026-03-24 22:00:00+00:00,1.6599279100894928,0.0011748749266843575,10.0,2026-03-24 22:35:00+00:00,1.660501993060112,spread_closed,-0.3458481342049069
EURAUD,SHORT,2026-03-25 08:10:00+00:00,1.6639671049118043,0.001038557253307807,10.0,2026-03-25 09:35:00+00:00,1.6641527923107147,spread_closed,-0.1115931909725365
EURAUD,LONG,2026-03-26 21:00:00+00:00,1.6722344139575958,-0.0011746485434646506,10.0,2026-03-26 21:20:00+00:00,1.6725653814792634,spread_closed,0.19791933409885054
EURAUD,LONG,2026-03-27 15:55:00+00:00,1.6725844824314118,-0.0012508246817728064,10.0,2026-03-27 16:25:00+00:00,1.6724454809188842,spread_closed,-0.08310582454140736
EURAUD,LONG,2026-03-30 13:45:00+00:00,1.6757250831127166,-0.001156059017235323,10.0,2026-03-30 14:10:00+00:00,1.6751148773908615,spread_closed,-0.3641442907339476
EURAUD,LONG,2026-03-31 14:55:00+00:00,1.6822464200019835,-0.001147810448097321,10.0,2026-03-31 15:00:00+00:00,1.679324030661583,stop,-1.737194566534983
EURAUD,LONG,2026-03-31 15:00:00+00:00,1.6799958946466444,-0.0011339855596042485,10.0,2026-03-31 15:05:00+00:00,1.6805838208436967,spread_closed,0.34995692485062513
EURAUD,SHORT,2026-03-31 17:05:00+00:00,1.6760947009563447,0.0013421827641835506,10.0,2026-03-31 17:35:00+00:00,1.676055120420456,spread_closed,0.02361473720202678
EURAUD,SHORT,2026-04-01 21:50:00+00:00,1.6718855476856231,0.0010636044855072573,10.0,2026-04-01 22:20:00+00:00,1.673514620089531,spread_closed,-0.9743922998575183
EURAUD,LONG,2026-04-02 21:00:00+00:00,1.6712642139673233,-0.0013076650130693492,10.0,2026-04-02 21:25:00+00:00,1.6691460701704026,stop,-1.2673901464643755
EURAUD,LONG,2026-04-03 20:10:00+00:00,1.669173818707466,-0.0013265717898111537,10.0,2026-04-03 21:05:00+00:00,1.6708357622623444,spread_closed,0.9956683577538872
EURAUD,SHORT,2026-04-03 21:10:00+00:00,1.6708357622623444,0.0010341715062244666,10.0,2026-04-03 21:20:00+00:00,1.671504230260849,spread_closed,-0.4000800160031126
EURAUD,SHORT,2026-04-07 22:00:00+00:00,1.6606678133487702,0.0010242821071341445,10.0,2026-04-07 22:35:00+00:00,1.6576314554214477,spread_closed,1.8283957230432746
EURAUD,SHORT,2026-04-08 00:10:00+00:00,1.6516296232938767,0.0010795638694746893,10.0,2026-04-08 00:25:00+00:00,1.6539007699728012,stop,-1.375094420015932
EURAUD,LONG,2026-04-08 03:35:00+00:00,1.6564611822366715,-0.0013519066626125446,10.0,2026-04-08 03:50:00+00:00,1.6543691008090973,stop,-1.2629824652753419
EURAUD,LONG,2026-04-08 03:50:00+00:00,1.6550309808254242,-0.0011209971286945694,10.0,2026-04-08 04:10:00+00:00,1.6526094468593597,stop,-1.4631351280547378
EURAUD,LONG,2026-04-09 21:00:00+00:00,1.651850317811966,-0.0010093656435899972,10.0,2026-04-09 21:15:00+00:00,1.6496699761629106,stop,-1.319938995406944
EURAUD,SHORT,2026-04-09 21:35:00+00:00,1.6515496498584747,0.0012718517173157975,10.0,2026-04-09 21:50:00+00:00,1.6513701659917832,spread_closed,0.10867603447883845
EURAUD,SHORT,2026-04-09 22:15:00+00:00,1.6512696832418443,0.0012936273098312842,10.0,2026-04-09 22:35:00+00:00,1.652030359840393,spread_closed,-0.46066163890023937
EURAUD,LONG,2026-04-12 23:15:00+00:00,1.6629225448608398,-0.0010609428894850018,10.0,2026-04-12 23:35:00+00:00,1.6631473474025726,spread_closed,0.1351852149864552
EURAUD,LONG,2026-04-16 21:10:00+00:00,1.6432985599279404,-0.0011448199343539627,10.0,2026-04-16 22:30:00+00:00,1.6449109012365342,spread_closed,0.9811615173960231
EURAUD,LONG,2026-04-20 22:50:00+00:00,1.642408365368843,-0.001094218736875151,10.0,2026-04-20 23:20:00+00:00,1.6415016015052797,spread_closed,-0.5520940362232496
EURAUD,LONG,2026-04-22 21:05:00+00:00,1.6349269633054733,-0.0010683970372480755,10.0,2026-04-22 21:45:00+00:00,1.6343631083011627,spread_closed,-0.3448808521516744
EURAUD,SHORT,2026-04-22 22:10:00+00:00,1.6347230483531952,0.0010807787045463285,10.0,2026-04-22 22:30:00+00:00,1.6357670799493789,spread_closed,-0.6386596171354952
EURAUD,LONG,2026-04-29 21:05:00+00:00,1.6407181164979934,-0.0010563278084439966,10.0,2026-04-29 21:45:00+00:00,1.6395619775295258,spread_closed,-0.7046542345343632
EURAUD,SHORT,2026-04-30 10:30:00+00:00,1.6364326444149018,0.0012501189036939011,10.0,2026-04-30 11:55:00+00:00,1.6365172948122024,spread_closed,-0.05172861687263719
EURAUD,LONG,2026-04-30 12:10:00+00:00,1.6371274107456206,-0.0011820821336235778,10.0,2026-04-30 12:45:00+00:00,1.6349729802370072,stop,-1.3159821859144438
EURAUD,SHORT,2026-04-30 14:25:00+00:00,1.6305938685178758,0.00105812702236344,10.0,2026-04-30 14:35:00+00:00,1.6331365586042403,stop,-1.5593644349194413
EURAUD,SHORT,2026-05-01 06:45:00+00:00,1.6304038869142532,0.0020693989185537275,10.0,2026-05-01 07:45:00+00:00,1.630726022386551,spread_closed,-0.19758016702686731
EURAUD,LONG,2026-05-01 15:00:00+00:00,1.630616089439392,-0.0010440383548397207,10.0,2026-05-01 15:30:00+00:00,1.6292340817451478,spread_closed,-0.8475371383825925
EURAUD,LONG,2026-05-04 21:15:00+00:00,1.6301759999513625,-0.0010984322454590406,10.0,2026-05-04 22:30:00+00:00,1.6305237874746323,spread_closed,0.21334354283220058
EURAUD,SHORT,2026-05-05 21:50:00+00:00,1.6278744141578674,0.0013516075474818735,10.0,2026-05-05 22:15:00+00:00,1.628145578956604,spread_closed,-0.1665759940558953
EURAUD,SHORT,2026-05-06 04:30:00+00:00,1.6185262227535249,0.0017037760242980889,10.0,2026-05-06 05:10:00+00:00,1.6193538047790528,spread_closed,-0.511318268368921
EURAUD,LONG,2026-05-06 05:20:00+00:00,1.6195538779735565,-0.0012985606831655344,10.0,2026-05-06 05:50:00+00:00,1.6182762908697128,spread_closed,-0.7888512517053581
EURAUD,LONG,2026-05-06 21:00:00+00:00,1.6219443830251694,-0.001018497306960936,10.0,2026-05-06 21:45:00+00:00,1.6219955919504165,spread_closed,0.03157255315477947
EURAUD,LONG,2026-05-07 21:00:00+00:00,1.6269353626728058,-0.0013165414156854783,10.0,2026-05-07 21:50:00+00:00,1.6261346641778947,spread_closed,-0.49215138676173
AUDNZD,SHORT,2026-03-23 11:05:00+00:00,1.2021594891071319,0.001319864435877581,10.0,2026-03-23 11:10:00+00:00,1.2039807487249374,stop,-1.5149900111492975
AUDNZD,SHORT,2026-03-23 11:10:00+00:00,1.2034992527246475,0.0012552776461704491,10.0,2026-03-23 11:55:00+00:00,1.2022103751897812,spread_closed,1.0709416993390786
AUDNZD,SHORT,2026-03-23 22:05:00+00:00,1.1957908147096634,0.0010625732255812677,10.0,2026-03-23 22:45:00+00:00,1.1968392803192138,spread_closed,-0.8767968415988037
AUDNZD,LONG,2026-03-24 21:10:00+00:00,1.196169190120697,-0.0011559000505449598,10.0,2026-03-24 22:35:00+00:00,1.1979403242588043,spread_closed,1.4806719256232892
AUDNZD,LONG,2026-03-26 21:10:00+00:00,1.1950289636850357,-0.001214667648569304,10.0,2026-03-26 21:30:00+00:00,1.1943610660791397,spread_closed,-0.5588965842605598
AUDNZD,SHORT,2026-03-26 22:05:00+00:00,1.1951109809160232,0.0010652109077479432,10.0,2026-03-26 22:20:00+00:00,1.1956190484523772,spread_closed,-0.4251216367909816
AUDNZD,SHORT,2026-03-31 22:25:00+00:00,1.2002498998641968,0.001235566871561295,10.0,2026-03-31 22:55:00+00:00,1.201460279560089,spread_closed,-1.008439739115241
AUDNZD,LONG,2026-04-01 21:20:00+00:00,1.2024404951334,-0.0011027624876775296,10.0,2026-04-01 21:25:00+00:00,1.2020496001243592,spread_closed,-0.3250847011746494
AUDNZD,LONG,2026-04-02 21:00:00+00:00,1.205270970439911,-0.0013446575865248556,10.0,2026-04-02 21:50:00+00:00,1.2072985272407533,spread_closed,1.6822414631809668
AUDNZD,SHORT,2026-04-02 22:00:00+00:00,1.208128296327591,0.001632257524494575,10.0,2026-04-02 22:15:00+00:00,1.2087816707611083,spread_closed,-0.5408154378168106
AUDNZD,SHORT,2026-04-02 22:25:00+00:00,1.2081683426380159,0.0011434066129798355,10.0,2026-04-02 22:45:00+00:00,1.2087617588281632,spread_closed,-0.4911701202594543
AUDNZD,LONG,2026-04-03 20:15:00+00:00,1.2085717012166977,-0.001704969672104045,10.0,2026-04-05 23:10:00+00:00,1.2105777956485748,spread_closed,1.6598886353682563
AUDNZD,SHORT,2026-04-06 21:40:00+00:00,1.2099179850101471,0.001610664720063591,10.0,2026-04-06 23:15:00+00:00,1.2110422116994857,spread_closed,-0.9291759468548211
AUDNZD,LONG,2026-04-07 20:55:00+00:00,1.2153330543994902,-0.0013261059652353439,10.0,2026-04-07 23:35:00+00:00,1.214657036781311,spread_closed,-0.5562406253430963
AUDNZD,LONG,2026-04-09 21:05:00+00:00,1.205511105966568,-0.0012989127130749326,10.0,2026-04-09 21:50:00+00:00,1.2069385871887208,spread_closed,1.1841294659897805
AUDNZD,SHORT,2026-04-09 22:15:00+00:00,1.2087381682634355,0.002466417528844218,10.0,2026-04-09 22:35:00+00:00,1.2097318395853043,spread_closed,-0.8220732561927679
AUDNZD,LONG,2026-04-13 20:55:00+00:00,1.2081715548276901,-0.0011633090747938347,10.0,2026-04-13 22:00:00+00:00,1.208768202996254,spread_closed,0.49384391329176935
AUDNZD,LONG,2026-04-14 21:10:00+00:00,1.2059610918045043,-0.0014070288838845806,10.0,2026-04-14 22:30:00+00:00,1.207158484339714,spread_closed,0.9928948316384467
AUDNZD,LONG,2026-04-15 20:55:00+00:00,1.2118323696613311,-0.0010852430412223463,10.0,2026-04-15 21:45:00+00:00,1.2124875040769578,spread_closed,0.5406147186923782
AUDNZD,SHORT,2026-04-15 22:05:00+00:00,1.2124774924993516,0.0015490699231639506,10.0,2026-04-15 22:35:00+00:00,1.2126825018882752,spread_closed,-0.16908304706020338
AUDNZD,LONG,2026-04-16 21:00:00+00:00,1.214162781214714,-0.001641763760427717,10.0,2026-04-16 21:20:00+00:00,1.214347035431862,spread_closed,0.15175413049939301
AUDNZD,SHORT,2026-04-16 21:30:00+00:00,1.2141371498584748,0.0012332333285037253,10.0,2026-04-16 22:10:00+00:00,1.2158731804847718,stop,-1.429847218248348
AUDNZD,SHORT,2026-04-16 22:25:00+00:00,1.2154268555879593,0.0014853975457953048,10.0,2026-04-16 22:50:00+00:00,1.2160631188631057,spread_closed,-0.5234895643626558
AUDNZD,LONG,2026-04-20 20:55:00+00:00,1.2174134340763092,-0.001338030875058769,10.0,2026-04-20 21:05:00+00:00,1.2180563249349594,spread_closed,0.5280793201842826
AUDNZD,LONG,2026-04-20 21:45:00+00:00,1.2171734177827835,-0.0011830576041483823,10.0,2026-04-20 21:55:00+00:00,1.2180163978099823,spread_closed,0.692571834779665
AUDNZD,SHORT,2026-04-20 22:15:00+00:00,1.2185462963104248,0.0016103402079901635,10.0,2026-04-20 22:35:00+00:00,1.2189337757349015,spread_closed,-0.31798498395163577
AUDNZD,LONG,2026-04-21 21:05:00+00:00,1.2115022131204605,-0.0018670564443672994,10.0,2026-04-21 22:10:00+00:00,1.2134573160648345,spread_closed,1.6137840469463427
AUDNZD,LONG,2026-04-22 21:00:00+00:00,1.2095018388748169,-0.0016283731726646454,10.0,2026-04-22 21:10:00+00:00,1.2102579019069672,spread_closed,0.6251028380854784
AUDNZD,LONG,2026-04-22 21:20:00+00:00,1.2101620327234268,-0.0010406493801288356,10.0,2026-04-22 22:50:00+00:00,1.212037579011917,spread_closed,1.5498307150403345
AUDNZD,LONG,2026-04-23 21:30:00+00:00,1.2164632652521132,-0.0010159918550228242,10.0,2026-04-23 22:40:00+00:00,1.2176264230251312,spread_closed,0.9561799408523974
AUDNZD,LONG,2026-04-28 21:10:00+00:00,1.2198139547109603,-0.0013063554050910442,10.0,2026-04-28 21:25:00+00:00,1.2172165442705154,stop,-2.1293496687865288
AUDNZD,SHORT,2026-04-28 21:40:00+00:00,1.2196660435914994,0.0010231487365526572,10.0,2026-04-28 22:20:00+00:00,1.2206041126728058,spread_closed,-0.7691196178127857
AUDNZD,LONG,2026-04-29 21:05:00+00:00,1.218143617773056,-0.001119609451885037,10.0,2026-04-29 21:40:00+00:00,1.2196660435914994,spread_closed,1.2497917291778293
AUDNZD,LONG,2026-04-30 10:25:00+00:00,1.2208641601324082,-0.0010634052073230263,10.0,2026-04-30 11:10:00+00:00,1.2193261266946793,stop,-1.2597908006096725
AUDNZD,SHORT,2026-04-30 22:10:00+00:00,1.2185962350130082,0.0014583911522056806,10.0,2026-04-30 22:30:00+00:00,1.2190437086820602,spread_closed,-0.36720421103808576
AUDNZD,LONG,2026-05-01 06:45:00+00:00,1.220974093079567,-0.0010720933324879628,10.0,2026-05-01 07:35:00+00:00,1.2205058242559432,spread_closed,-0.38352068752145474
AUDNZD,LONG,2026-05-04 21:05:00+00:00,1.218213607621193,-0.0013343922558858613,10.0,2026-05-04 22:45:00+00:00,1.220375912117958,spread_closed,1.774979759902262
AUDNZD,LONG,2026-05-05 20:55:00+00:00,1.2188836978197097,-0.0015390746763625082,10.0,2026-05-05 22:10:00+00:00,1.219895952320099,spread_closed,0.830476691254356
AUDNZD,SHORT,2026-05-05 22:25:00+00:00,1.2201659073591233,0.0012062236677096586,10.0,2026-05-05 22:35:00+00:00,1.220584081506729,spread_closed,-0.3427190885136877
AUDNZD,SHORT,2026-05-05 23:10:00+00:00,1.2190761948108673,0.0012480153738800687,10.0,2026-05-05 23:40:00+00:00,1.2204940604925156,spread_closed,-1.163065678489783
AUDNZD,LONG,2026-05-06 04:30:00+00:00,1.2195038293361664,-0.0010166671911585273,10.0,2026-05-06 04:50:00+00:00,1.217776358318329,stop,-1.4165359519844323
AUDNZD,LONG,2026-05-06 04:50:00+00:00,1.218263566303253,-0.0021290786205022394,10.0,2026-05-06 05:40:00+00:00,1.2184362881422044,spread_closed,0.14177707002716033
AUDNZD,LONG,2026-05-06 21:00:00+00:00,1.2133425765037535,-0.00205874533795574,10.0,2026-05-06 21:55:00+00:00,1.2146770599365235,spread_closed,1.0998406044691045
AUDNZD,SHORT,2026-05-06 22:00:00+00:00,1.2147470217943193,0.00153916718082772,10.0,2026-05-06 22:10:00+00:00,1.2152129866361618,spread_closed,-0.3835900261390801
AUDNZD,LONG,2026-05-07 20:55:00+00:00,1.212722444987297,-0.0013093710389227714,10.0,2026-05-07 21:00:00+00:00,1.2101378821611404,stop,-2.131207216325426
AUDNZD,LONG,2026-05-07 21:00:00+00:00,1.2106220341444016,-0.0020955113254357604,10.0,2026-05-07 22:30:00+00:00,1.213207264995575,spread_closed,2.1354566315987533
