pair,base,quote,session,horizon,group,n,mean,skew,kurt
USDJPY,USD,JPY,東京 09-15JST,1,全BreakDown,19467,0.0003189722575414643,-2.9146263444497618,251.31139245857304
USDJPY,USD,JPY,東京 09-15JST,1,Q10,2354,0.00026991373866144423,-2.0732339110610725,32.20360796200418
USDJPY,USD,JPY,東京 09-15JST,1,Q10+ac>0,880,-0.0004802814539973002,-2.6402692329926425,30.188052128652117
USDJPY,USD,JPY,東京 09-15JST,1,Q10+ac<0,1474,0.0007177914656218883,-1.5585440765991165,33.10235955522695
USDJPY,USD,JPY,東京 09-15JST,3,全BreakDown,19467,0.00011982901126647679,-3.5734196088859544,192.6423900480741
USDJPY,USD,JPY,東京 09-15JST,3,Q10,2354,-0.0007686684346588515,-1.571014369651728,27.585243266704975
USDJPY,USD,JPY,東京 09-15JST,3,Q10+ac>0,880,-0.00449796869434239,-3.333564773766923,37.69467792614285
USDJPY,USD,JPY,東京 09-15JST,3,Q10+ac<0,1474,0.0014577794815701251,0.025264061701218313,15.983361767207786
USDJPY,USD,JPY,東京 09-15JST,6,全BreakDown,19467,0.00035639435857725914,-2.578586902135294,84.4949027990957
USDJPY,USD,JPY,東京 09-15JST,6,Q10,2354,0.003288524741819672,-1.4888234756123073,23.655354632656366
USDJPY,USD,JPY,東京 09-15JST,6,Q10+ac>0,880,-0.005177470783272563,-3.130623255310376,28.265750707512787
USDJPY,USD,JPY,東京 09-15JST,6,Q10+ac<0,1474,0.008342850428441902,-0.041688169087618444,17.976781866546986
USDJPY,USD,JPY,東京 09-15JST,12,全BreakDown,19467,-2.4933540054402267e-05,-2.4710948108855186,55.65771329169707
USDJPY,USD,JPY,東京 09-15JST,12,Q10,2354,0.006842458140192088,-1.6029220778090276,17.931462363699804
USDJPY,USD,JPY,東京 09-15JST,12,Q10+ac>0,880,-0.002050096384343781,-2.1338335807616255,18.78550730477982
USDJPY,USD,JPY,東京 09-15JST,12,Q10+ac<0,1474,0.012151445916034398,-1.0133095813202309,15.445654542639385
USDJPY,USD,JPY,東京 09-15JST,24,全BreakDown,19467,0.0012187296956161656,2.2192533602212174,116.20227098170376
USDJPY,USD,JPY,東京 09-15JST,24,Q10,2354,0.009914755569388478,-1.0200780386978903,9.463252889069343
USDJPY,USD,JPY,東京 09-15JST,24,Q10+ac>0,880,-0.007202706185157996,-0.4416437432901292,2.4217837414401844
USDJPY,USD,JPY,東京 09-15JST,24,Q10+ac<0,1474,0.020134135721356524,-1.4406776811626656,15.347660502326463
USDJPY,USD,JPY,欧州 15-21JST,1,全BreakDown,19782,-3.4246765572301926e-06,-2.453741112459253,84.85577879715682
USDJPY,USD,JPY,欧州 15-21JST,1,Q10,2639,-0.0005386276865928267,0.02430247030071786,11.191938629258797
USDJPY,USD,JPY,欧州 15-21JST,1,Q10+ac>0,1044,-0.0003309424314195998,-0.605573128488413,4.015359480167881
USDJPY,USD,JPY,欧州 15-21JST,1,Q10+ac<0,1595,-0.000674567126342575,0.4693891545565695,16.39534247817355
USDJPY,USD,JPY,欧州 15-21JST,3,全BreakDown,19782,0.0011790850353732944,19.736507743905207,1159.217625620204
USDJPY,USD,JPY,欧州 15-21JST,3,Q10,2639,-0.00129376740564688,0.387377752023867,28.954166315016373
USDJPY,USD,JPY,欧州 15-21JST,3,Q10+ac>0,1044,-0.0016092765640689872,-1.2936891939484942,10.459703492419214
USDJPY,USD,JPY,欧州 15-21JST,3,Q10+ac<0,1595,-0.0010872523201342287,1.4102548194549964,39.89463154670673
USDJPY,USD,JPY,欧州 15-21JST,6,全BreakDown,19782,0.0025879012170299345,12.42252501117732,539.5338872496881
USDJPY,USD,JPY,欧州 15-21JST,6,Q10,2639,-0.00015087711218866583,0.12400629242613805,17.029059602114696
USDJPY,USD,JPY,欧州 15-21JST,6,Q10+ac>0,1044,-0.0025688611440435752,-1.3578964175042811,9.774606837825683
USDJPY,USD,JPY,欧州 15-21JST,6,Q10+ac<0,1595,0.001431803345025453,1.0289945166692944,21.26412484395746
USDJPY,USD,JPY,欧州 15-21JST,12,全BreakDown,19782,0.00437627636266589,7.363521451358575,237.84291395821782
USDJPY,USD,JPY,欧州 15-21JST,12,Q10,2639,-0.004299267265121032,-0.18632847580964054,8.250022800715696
USDJPY,USD,JPY,欧州 15-21JST,12,Q10+ac>0,1044,-0.005535290216040518,-1.355080250268684,6.597116097118935
USDJPY,USD,JPY,欧州 15-21JST,12,Q10+ac<0,1595,-0.0034902340608828197,0.4676174884247399,9.06113497378827
USDJPY,USD,JPY,欧州 15-21JST,24,全BreakDown,19782,0.009444565536357695,3.2836673082701844,74.84182938848235
USDJPY,USD,JPY,欧州 15-21JST,24,Q10,2639,-0.0013455495909546061,0.15802464311847866,11.159407175837599
USDJPY,USD,JPY,欧州 15-21JST,24,Q10+ac>0,1044,-0.005482874767995787,-1.1577015113647608,3.7723961765512852
USDJPY,USD,JPY,欧州 15-21JST,24,Q10+ac<0,1595,0.0013625177976541716,0.9004816538525017,15.030904985749409
USDJPY,USD,JPY,NY   21-03JST,1,全BreakDown,19649,0.00022456196990480872,0.05621970401051087,74.39915433253556
USDJPY,USD,JPY,NY   21-03JST,1,Q10,3521,-0.000412078818297365,-1.2314868308461775,65.1393595112708
USDJPY,USD,JPY,NY   21-03JST,1,Q10+ac>0,1353,0.00016167904253079184,2.7905807044573563,61.727481655407985
USDJPY,USD,JPY,NY   21-03JST,1,Q10+ac<0,2168,-0.0007701481843953798,-4.172688649534355,67.30034038850528
USDJPY,USD,JPY,NY   21-03JST,3,全BreakDown,19649,0.0010446952505993507,0.2355185002055102,44.63045334551855
USDJPY,USD,JPY,NY   21-03JST,3,Q10,3521,-0.0008683974748995531,-1.3939388114701117,32.03757714407722
USDJPY,USD,JPY,NY   21-03JST,3,Q10+ac>0,1353,0.0007464083472524934,1.2254816975726939,17.930259282656664
USDJPY,USD,JPY,NY   21-03JST,3,Q10+ac<0,2168,-0.0018761614404769142,-2.6764298087124487,38.06748598542332
USDJPY,USD,JPY,NY   21-03JST,6,全BreakDown,19649,0.001566998208875869,-0.3886685247945529,26.258811804063317
USDJPY,USD,JPY,NY   21-03JST,6,Q10,3521,-0.0016333286460777326,-1.454334051249788,19.492349052644595
USDJPY,USD,JPY,NY   21-03JST,6,Q10+ac>0,1353,-0.0014561923192111283,0.5705474784378274,11.174880993626113
USDJPY,USD,JPY,NY   21-03JST,6,Q10+ac<0,2168,-0.0017438754404737276,-2.4208366738595304,22.9236311307442
USDJPY,USD,JPY,NY   21-03JST,12,全BreakDown,19649,0.0014781719327681218,-0.6348779368133651,16.867540832993303
USDJPY,USD,JPY,NY   21-03JST,12,Q10,3521,-0.0006789985176603114,-1.4481344119381256,11.846585764258107
USDJPY,USD,JPY,NY   21-03JST,12,Q10+ac>0,1353,-0.0007230164748539512,0.06207321991493855,4.563505621389309
USDJPY,USD,JPY,NY   21-03JST,12,Q10+ac<0,2168,-0.000651527901385866,-2.040905644121333,14.007208241571309
USDJPY,USD,JPY,NY   21-03JST,24,全BreakDown,19649,0.0023060230793212504,-1.5678998835950364,19.771159266188903
USDJPY,USD,JPY,NY   21-03JST,24,Q10,3521,-0.005457776790627757,-2.2303757848876504,18.750864505420143
USDJPY,USD,JPY,NY   21-03JST,24,Q10+ac>0,1353,0.006980534846471621,0.14526043741967654,4.456841593830352
USDJPY,USD,JPY,NY   21-03JST,24,Q10+ac<0,2168,-0.01322024710658507,-2.9311461874544316,21.155648681701408
USDJPY,USD,JPY,深夜 03-09JST,1,全BreakDown,18587,0.0001645229806808829,0.4768511800378957,84.4946013689091
USDJPY,USD,JPY,深夜 03-09JST,1,Q10,1150,0.0014020702773856494,0.6740162988982011,37.755317170990544
USDJPY,USD,JPY,深夜 03-09JST,1,Q10+ac>0,430,0.007489994848996299,-0.1547236329014157,20.927359434432805
USDJPY,USD,JPY,深夜 03-09JST,1,Q10+ac<0,720,-0.002233773563992934,1.326549443673918,53.5905915969554
USDJPY,USD,JPY,深夜 03-09JST,3,全BreakDown,18585,0.0006039242821422153,-6.800347797833081,321.90635285446007
USDJPY,USD,JPY,深夜 03-09JST,3,Q10,1150,0.0038631338843950285,-0.6214303270413588,29.270462861058412
USDJPY,USD,JPY,深夜 03-09JST,3,Q10+ac>0,430,0.011249252660972604,1.2056807521895834,8.420000292982339
USDJPY,USD,JPY,深夜 03-09JST,3,Q10+ac<0,720,-0.0005480203849499136,-1.3573506049893165,36.290301610948205
USDJPY,USD,JPY,深夜 03-09JST,6,全BreakDown,18583,0.0003516935593947348,-3.9849774687377617,133.8226910846811
USDJPY,USD,JPY,深夜 03-09JST,6,Q10,1150,0.003535062123474431,-2.5447467298944906,43.06428539526007
USDJPY,USD,JPY,深夜 03-09JST,6,Q10+ac>0,430,0.010068692592134838,0.45055320646793195,4.778782616296938
USDJPY,USD,JPY,深夜 03-09JST,6,Q10+ac<0,720,-0.00036696718419775535,-3.617831362659575,53.72299424143817
USDJPY,USD,JPY,深夜 03-09JST,12,全BreakDown,18580,0.001756621238492773,-2.008114716374196,75.88582663291994
USDJPY,USD,JPY,深夜 03-09JST,12,Q10,1150,0.014565431732152617,0.777788017519619,9.823604138030488
USDJPY,USD,JPY,深夜 03-09JST,12,Q10+ac>0,430,0.0051936415930403,0.2595823294364622,3.5899228940861656
USDJPY,USD,JPY,深夜 03-09JST,12,Q10+ac<0,720,0.02016247306523359,1.1624690473699932,14.433009190251717
USDJPY,USD,JPY,深夜 03-09JST,24,全BreakDown,18574,0.0037497682292707457,-0.3482594888733729,29.849044787367987
USDJPY,USD,JPY,深夜 03-09JST,24,Q10,1150,0.026610415582339928,-0.6255213561260073,10.264685606676826
USDJPY,USD,JPY,深夜 03-09JST,24,Q10+ac>0,430,0.0382585722664026,0.5508765772653534,3.0881669952554036
USDJPY,USD,JPY,深夜 03-09JST,24,Q10+ac<0,720,0.019653877562691387,-1.0844863149569142,12.471032540556312
EURJPY,EUR,JPY,東京 09-15JST,1,全BreakDown,19921,0.00035396311771550477,-1.8441496446633188,220.9168699888167
EURJPY,EUR,JPY,東京 09-15JST,1,Q10,2158,5.8997438790430034e-05,-2.222095622811486,32.80254428073785
EURJPY,EUR,JPY,東京 09-15JST,1,Q10+ac>0,799,-9.463801295578716e-05,-2.4260262618922876,24.744649250494152
EURJPY,EUR,JPY,東京 09-15JST,1,Q10+ac<0,1359,0.00014932468378323874,-1.9643327774106742,40.017828253049274
EURJPY,EUR,JPY,東京 09-15JST,3,全BreakDown,19921,0.00026460223933494044,-2.120488319195399,170.49796261482945
EURJPY,EUR,JPY,東京 09-15JST,3,Q10,2158,-0.0012863478135474366,-1.0150197808175876,14.921483427632825
EURJPY,EUR,JPY,東京 09-15JST,3,Q10+ac>0,799,-0.001079458039275326,-1.8086721251787592,19.34312162810792
EURJPY,EUR,JPY,東京 09-15JST,3,Q10+ac<0,1359,-0.0014079849950363397,-0.10422549893164071,7.0772429201055935
EURJPY,EUR,JPY,東京 09-15JST,6,全BreakDown,19921,0.0008614059781078868,-1.8201771227428882,82.09793573291957
EURJPY,EUR,JPY,東京 09-15JST,6,Q10,2158,0.0020184638751389295,-1.0592702211936893,14.63850504907684
EURJPY,EUR,JPY,東京 09-15JST,6,Q10+ac>0,799,0.005252273873969161,-1.530904490597471,13.846757860550884
EURJPY,EUR,JPY,東京 09-15JST,6,Q10+ac<0,1359,0.0001172025145316021,-0.6719006737418738,15.045313921302416
EURJPY,EUR,JPY,東京 09-15JST,12,全BreakDown,19921,0.0007111635818122571,-2.28036774682038,56.95125865951612
EURJPY,EUR,JPY,東京 09-15JST,12,Q10,2158,0.0032619544096668613,-1.2374467440515582,10.938781158767826
EURJPY,EUR,JPY,東京 09-15JST,12,Q10+ac>0,799,0.006613686333523499,-1.7888318771641005,11.353845750069386
EURJPY,EUR,JPY,東京 09-15JST,12,Q10+ac<0,1359,0.001291362940085217,-0.6967951826834401,9.79643533116859
EURJPY,EUR,JPY,東京 09-15JST,24,全BreakDown,19921,0.0035507569355006066,2.2088422484045367,102.65467448134538
EURJPY,EUR,JPY,東京 09-15JST,24,Q10,2158,0.01257999016401583,-0.7570871475230408,6.098439335023947
EURJPY,EUR,JPY,東京 09-15JST,24,Q10+ac>0,799,0.021998045097308974,-0.43813919550382935,2.175188939641534
EURJPY,EUR,JPY,東京 09-15JST,24,Q10+ac<0,1359,0.007042811435758856,-0.9669625721260587,8.652299190166325
EURJPY,EUR,JPY,欧州 15-21JST,1,全BreakDown,20410,-8.934232670454963e-05,-0.4027203471333031,11.89930280566875
EURJPY,EUR,JPY,欧州 15-21JST,1,Q10,3167,-0.002703984442546124,-0.2875455431811722,10.187608508810499
EURJPY,EUR,JPY,欧州 15-21JST,1,Q10+ac>0,1344,-0.004955022917837572,-0.4011397932634045,7.216568787321481
EURJPY,EUR,JPY,欧州 15-21JST,1,Q10+ac<0,1823,-0.0010444146615303776,-0.18566097127577297,12.744248250510275
EURJPY,EUR,JPY,欧州 15-21JST,3,全BreakDown,20410,0.000658647336560504,12.912019897513392,684.0712371952498
EURJPY,EUR,JPY,欧州 15-21JST,3,Q10,3167,-0.004656651834206806,0.33556661856918657,18.738731698042788
EURJPY,EUR,JPY,欧州 15-21JST,3,Q10+ac>0,1344,-0.006489833858632553,-0.6578951175527421,3.2900134290632996
EURJPY,EUR,JPY,欧州 15-21JST,3,Q10+ac<0,1823,-0.0033051451743997826,0.9727328104476465,28.133457623163533
EURJPY,EUR,JPY,欧州 15-21JST,6,全BreakDown,20410,0.0007399586345227866,5.427162043836532,241.97067352031934
EURJPY,EUR,JPY,欧州 15-21JST,6,Q10,3167,-0.0074060573722409696,-0.31512082751107406,9.737889685898741
EURJPY,EUR,JPY,欧州 15-21JST,6,Q10+ac>0,1344,-0.0133042836604793,-1.0602029115378495,4.681792525593861
EURJPY,EUR,JPY,欧州 15-21JST,6,Q10+ac<0,1823,-0.003057611880528234,0.3084407988995265,13.923376021641161
EURJPY,EUR,JPY,欧州 15-21JST,12,全BreakDown,20410,0.001223979657152009,4.68533832680078,146.58524345083572
EURJPY,EUR,JPY,欧州 15-21JST,12,Q10,3167,-0.015669748280880642,-0.4777560961820787,4.494155407345
EURJPY,EUR,JPY,欧州 15-21JST,12,Q10+ac>0,1344,-0.029545792575069302,-0.8851114887688682,2.7195090560753092
EURJPY,EUR,JPY,欧州 15-21JST,12,Q10+ac<0,1823,-0.005439686003651043,-0.15917281844867787,5.797376856559424
EURJPY,EUR,JPY,欧州 15-21JST,24,全BreakDown,20410,0.001551992492703094,1.9431784311840823,57.49209116219684
EURJPY,EUR,JPY,欧州 15-21JST,24,Q10,3167,-0.023698004511851275,-0.7409276611657727,3.6927389211718644
EURJPY,EUR,JPY,欧州 15-21JST,24,Q10+ac>0,1344,-0.03521846059817792,-0.7816504424654562,3.9609833293202064
EURJPY,EUR,JPY,欧州 15-21JST,24,Q10+ac<0,1823,-0.015204590918860056,-0.6604208516713833,3.0465394242590005
EURJPY,EUR,JPY,NY   21-03JST,1,全BreakDown,20088,0.0003832294993552247,0.13833951680769524,14.810585841370937
EURJPY,EUR,JPY,NY   21-03JST,1,Q10,3557,0.00046006056134586615,-0.26196217358316753,9.034222109149217
EURJPY,EUR,JPY,NY   21-03JST,1,Q10+ac>0,1266,0.0020518380897272476,0.1607684061944168,7.15990335004572
EURJPY,EUR,JPY,NY   21-03JST,1,Q10+ac<0,2291,-0.0004195511151843954,-0.5153677706354198,10.133623100457271
EURJPY,EUR,JPY,NY   21-03JST,3,全BreakDown,20088,0.000346688659172973,-0.3466277977161365,17.763588702325418
EURJPY,EUR,JPY,NY   21-03JST,3,Q10,3557,-0.00028501455656397323,0.3469756448318038,10.99432863158666
EURJPY,EUR,JPY,NY   21-03JST,3,Q10+ac>0,1266,0.0028620348455076407,1.2621308455840565,16.16236366383678
EURJPY,EUR,JPY,NY   21-03JST,3,Q10+ac<0,2291,-0.002024064990009046,-0.3873223651309361,5.961724493645566
EURJPY,EUR,JPY,NY   21-03JST,6,全BreakDown,20088,0.00016656224143634383,-0.5567591805252307,14.670007432403981
EURJPY,EUR,JPY,NY   21-03JST,6,Q10,3557,0.001077254924300641,0.480645403363749,6.521732471095916
EURJPY,EUR,JPY,NY   21-03JST,6,Q10+ac>0,1266,0.0010822702716941966,0.7278422766698737,6.965143923618303
EURJPY,EUR,JPY,NY   21-03JST,6,Q10+ac<0,2291,0.0010744834577793654,0.33024411903652817,6.229471047200692
EURJPY,EUR,JPY,NY   21-03JST,12,全BreakDown,20088,-0.0001357784257352863,-0.34091949869610544,8.982769215133594
EURJPY,EUR,JPY,NY   21-03JST,12,Q10,3557,-0.0012474881216706516,0.1369280669883844,3.8207375869816467
EURJPY,EUR,JPY,NY   21-03JST,12,Q10+ac>0,1266,-0.0051423190666855445,0.3124456395358756,4.343215645094631
EURJPY,EUR,JPY,NY   21-03JST,12,Q10+ac<0,2291,0.0009047842381673456,0.03719445141912886,3.531963992652683
EURJPY,EUR,JPY,NY   21-03JST,24,全BreakDown,20088,-0.001808472035474627,-0.5015803019338392,6.589268890436019
EURJPY,EUR,JPY,NY   21-03JST,24,Q10,3557,-0.010162279748569446,-0.03697869375034725,3.1063326908240594
EURJPY,EUR,JPY,NY   21-03JST,24,Q10+ac>0,1266,-0.01254387214991202,-0.04864900411626181,2.952623217044718
EURJPY,EUR,JPY,NY   21-03JST,24,Q10+ac<0,2291,-0.008846218648569574,-0.03295948667193538,3.154291150486417
EURJPY,EUR,JPY,深夜 03-09JST,1,全BreakDown,18809,0.0006436620014004828,0.8838191541177326,67.40406695060273
EURJPY,EUR,JPY,深夜 03-09JST,1,Q10,1001,-0.00038897766427570236,1.7500869784492836,38.98697976051893
EURJPY,EUR,JPY,深夜 03-09JST,1,Q10+ac>0,386,0.0027188204828132467,1.4378285383380203,18.933351005662292
EURJPY,EUR,JPY,深夜 03-09JST,1,Q10+ac<0,615,-0.002339563167977059,1.9707055158135824,54.240284338070026
EURJPY,EUR,JPY,深夜 03-09JST,3,全BreakDown,18807,0.001433663062865319,-1.6447705830229395,100.12426229972728
EURJPY,EUR,JPY,深夜 03-09JST,3,Q10,1001,0.0024219870404438588,-0.8663845312977744,28.875834659833917
EURJPY,EUR,JPY,深夜 03-09JST,3,Q10+ac>0,386,0.008386172492681015,0.41691239800406565,12.602256386860132
EURJPY,EUR,JPY,深夜 03-09JST,3,Q10+ac<0,615,-0.0013213878938058026,-1.7391170741293613,39.938779402723185
EURJPY,EUR,JPY,深夜 03-09JST,6,全BreakDown,18805,0.002468719152486922,-1.5287833579136887,73.36311942847144
EURJPY,EUR,JPY,深夜 03-09JST,6,Q10,1001,0.005907628781623153,-3.092269377998226,48.11356799394005
EURJPY,EUR,JPY,深夜 03-09JST,6,Q10+ac>0,386,0.014130660042698372,-0.6098776562772857,9.5428519621114
EURJPY,EUR,JPY,深夜 03-09JST,6,Q10+ac<0,615,0.0007465067218263504,-4.64038981664917,71.5142201250126
EURJPY,EUR,JPY,深夜 03-09JST,12,全BreakDown,18802,0.004584286079689128,-1.8528781031597732,56.44815149239149
EURJPY,EUR,JPY,深夜 03-09JST,12,Q10,1001,0.017776134318831502,0.523048513940742,8.405161670949383
EURJPY,EUR,JPY,深夜 03-09JST,12,Q10+ac>0,386,0.029033323525357767,0.33643763230974677,3.152032486356079
EURJPY,EUR,JPY,深夜 03-09JST,12,Q10+ac<0,615,0.010710646459125586,0.6511558173059895,13.862001143859015
EURJPY,EUR,JPY,深夜 03-09JST,24,全BreakDown,18796,0.008939155292161122,0.3355289793342991,17.203522191451714
EURJPY,EUR,JPY,深夜 03-09JST,24,Q10,1001,0.03660275959858429,0.33464679150533955,3.916161729361664
EURJPY,EUR,JPY,深夜 03-09JST,24,Q10+ac>0,386,0.04917901052610323,0.26009193064025216,2.8224046086960595
EURJPY,EUR,JPY,深夜 03-09JST,24,Q10+ac<0,615,0.028709372837572404,0.37567225046145036,4.801849956671386
GBPJPY,GBP,JPY,東京 09-15JST,1,全BreakDown,19986,0.00038654790878327,-1.2218824147577965,161.24338895099024
GBPJPY,GBP,JPY,東京 09-15JST,1,Q10,1928,-0.0014314246167184943,-2.327578051347163,34.718361116362786
GBPJPY,GBP,JPY,東京 09-15JST,1,Q10+ac>0,712,-0.00034132232284260565,-2.942585759053749,34.39779320251477
GBPJPY,GBP,JPY,東京 09-15JST,1,Q10+ac<0,1216,-0.002069708196685298,-1.7351296477339397,33.464686172887816
GBPJPY,GBP,JPY,東京 09-15JST,3,全BreakDown,19986,0.0006828213373085071,-2.1745167608513327,152.9715654196968
GBPJPY,GBP,JPY,東京 09-15JST,3,Q10,1928,-0.0022124834018266196,-1.5167204948671624,23.96388914090339
GBPJPY,GBP,JPY,東京 09-15JST,3,Q10+ac>0,712,-0.0013388017012962532,-2.2168391466853823,28.49527761744987
GBPJPY,GBP,JPY,東京 09-15JST,3,Q10+ac<0,1216,-0.0027240470291108473,-0.3108560521294952,6.37366873736539
GBPJPY,GBP,JPY,東京 09-15JST,6,全BreakDown,19986,0.0016839316815756536,-1.6197279190060054,82.33038891349514
GBPJPY,GBP,JPY,東京 09-15JST,6,Q10,1928,0.0006951765262932565,-1.7563602930905091,23.279727104184683
GBPJPY,GBP,JPY,東京 09-15JST,6,Q10+ac>0,712,0.0040123210013392405,-2.2173168147934597,22.325580748848168
GBPJPY,GBP,JPY,東京 09-15JST,6,Q10+ac<0,1216,-0.0012470988571218274,-0.902902158612122,17.39553552139737
GBPJPY,GBP,JPY,東京 09-15JST,12,全BreakDown,19986,0.0017587510404888005,-1.9708271118375738,55.686888253016754
GBPJPY,GBP,JPY,東京 09-15JST,12,Q10,1928,-0.0030180360700292476,-2.02910536590071,18.634677562692108
GBPJPY,GBP,JPY,東京 09-15JST,12,Q10+ac>0,712,0.004039254325126257,-2.2270633234513246,17.454553402902043
GBPJPY,GBP,JPY,東京 09-15JST,12,Q10+ac<0,1216,-0.007150265314561086,-1.5475530085422604,14.08870403996432
GBPJPY,GBP,JPY,東京 09-15JST,24,全BreakDown,19986,0.003921972013178028,2.570906425538109,105.45781699879343
GBPJPY,GBP,JPY,東京 09-15JST,24,Q10,1928,0.0008986356660614783,-1.1271820945923563,8.43499795401605
GBPJPY,GBP,JPY,東京 09-15JST,24,Q10+ac>0,712,0.014491040531482107,-0.7433924777149803,5.308180656980877
GBPJPY,GBP,JPY,東京 09-15JST,24,Q10+ac<0,1216,-0.007060075077507179,-1.4749712217477873,11.129552996211926
GBPJPY,GBP,JPY,欧州 15-21JST,1,全BreakDown,20410,0.0001001507555899487,-0.5845627997978785,11.297687330697023
GBPJPY,GBP,JPY,欧州 15-21JST,1,Q10,3397,-0.001970197792547047,-0.43018800980430916,6.08014208380132
GBPJPY,GBP,JPY,欧州 15-21JST,1,Q10+ac>0,1461,-0.0020765248099068605,-0.631696424526013,3.8817402785251804
GBPJPY,GBP,JPY,欧州 15-21JST,1,Q10+ac<0,1936,-0.0018899582407068155,-0.28377377704212986,7.654219758447363
GBPJPY,GBP,JPY,欧州 15-21JST,3,全BreakDown,20410,0.00037320869987380825,11.876564720655608,596.3926031929516
GBPJPY,GBP,JPY,欧州 15-21JST,3,Q10,3397,-0.003810928230503454,0.4157384937909769,13.026015263686876
GBPJPY,GBP,JPY,欧州 15-21JST,3,Q10+ac>0,1461,-0.003027429138413602,-0.44000767650590966,2.7135201703057037
GBPJPY,GBP,JPY,欧州 15-21JST,3,Q10+ac<0,1936,-0.004402194849069194,1.0113372775913265,20.01422406275877
GBPJPY,GBP,JPY,欧州 15-21JST,6,全BreakDown,20410,0.0006459515357486199,6.922016327397791,261.92480211834203
GBPJPY,GBP,JPY,欧州 15-21JST,6,Q10,3397,-0.006931851120029964,-0.02492946141603768,7.10178260192504
GBPJPY,GBP,JPY,欧州 15-21JST,6,Q10+ac>0,1461,-0.007406061293191951,-0.4816197760368978,1.9244661704672694
GBPJPY,GBP,JPY,欧州 15-21JST,6,Q10+ac<0,1936,-0.006573989000717123,0.2985074186324519,10.681715674612672
GBPJPY,GBP,JPY,欧州 15-21JST,12,全BreakDown,20410,3.33656157634631e-05,5.0649191263527955,140.56367744731708
GBPJPY,GBP,JPY,欧州 15-21JST,12,Q10,3397,-0.012463206905554448,-0.2719518342083289,3.1612278469276553
GBPJPY,GBP,JPY,欧州 15-21JST,12,Q10+ac>0,1461,-0.016729025604509878,-0.49629910873912664,1.6027391641172546
GBPJPY,GBP,JPY,欧州 15-21JST,12,Q10+ac<0,1936,-0.009244012112592728,-0.08020755651842149,4.47648625333871
GBPJPY,GBP,JPY,欧州 15-21JST,24,全BreakDown,20410,0.0006857896653555757,2.4305123709024166,53.69393258149267
GBPJPY,GBP,JPY,欧州 15-21JST,24,Q10,3397,-0.014268982231469305,-0.09565834575165996,1.8845985054987935
GBPJPY,GBP,JPY,欧州 15-21JST,24,Q10+ac>0,1461,-0.01881578132084382,-0.12462516193327722,2.1038090209554303
GBPJPY,GBP,JPY,欧州 15-21JST,24,Q10+ac<0,1936,-0.010837745935200626,-0.06758015464267748,1.6708599447096733
GBPJPY,GBP,JPY,NY   21-03JST,1,全BreakDown,20217,0.0003108496739237914,0.02643290030540844,9.85465904875144
GBPJPY,GBP,JPY,NY   21-03JST,1,Q10,3463,-0.0010029634717640045,-0.24531088409616655,4.461343025024132
GBPJPY,GBP,JPY,NY   21-03JST,1,Q10+ac>0,1294,-0.0008829366183865408,0.0524010245457861,5.223209046977479
GBPJPY,GBP,JPY,NY   21-03JST,1,Q10+ac<0,2169,-0.0010745700869186558,-0.4260303469512131,3.993624016144069
GBPJPY,GBP,JPY,NY   21-03JST,3,全BreakDown,20217,0.0009593600135561914,-0.11576094232883455,14.21983335213465
GBPJPY,GBP,JPY,NY   21-03JST,3,Q10,3463,-0.0016058724968498106,0.21351937997396844,6.314236413160877
GBPJPY,GBP,JPY,NY   21-03JST,3,Q10+ac>0,1294,-0.005365334858378351,-0.14651807155001834,3.746576299952782
GBPJPY,GBP,JPY,NY   21-03JST,3,Q10+ac<0,2169,0.000636978722983261,0.45355157691629555,7.993695436592523
GBPJPY,GBP,JPY,NY   21-03JST,6,全BreakDown,20217,0.0020528309938073717,-0.32496333030004565,11.267306833156129
GBPJPY,GBP,JPY,NY   21-03JST,6,Q10,3463,-0.002609859603139921,0.5802568197776853,5.88366327417428
GBPJPY,GBP,JPY,NY   21-03JST,6,Q10+ac>0,1294,-0.006624640671851473,0.9880466916794771,8.717948150235692
GBPJPY,GBP,JPY,NY   21-03JST,6,Q10+ac<0,2169,-0.00021468823250241493,0.2678194674537253,3.3880018549731084
GBPJPY,GBP,JPY,NY   21-03JST,12,全BreakDown,20217,0.0026190089020741965,-0.4645309306294992,7.704237121100768
GBPJPY,GBP,JPY,NY   21-03JST,12,Q10,3463,-0.004007868782805578,0.29603766118913577,3.059835088056161
GBPJPY,GBP,JPY,NY   21-03JST,12,Q10+ac>0,1294,-0.00848584575987559,0.4827830670228718,3.755465077299638
GBPJPY,GBP,JPY,NY   21-03JST,12,Q10+ac<0,2169,-0.001336360157481191,0.16042754933111877,2.4432866310728247
GBPJPY,GBP,JPY,NY   21-03JST,24,全BreakDown,20217,0.0033805090855941983,-0.5879644853168032,5.352214598829834
GBPJPY,GBP,JPY,NY   21-03JST,24,Q10,3463,-0.011126761214388789,-0.008990825957552224,2.518143398887143
GBPJPY,GBP,JPY,NY   21-03JST,24,Q10+ac>0,1294,-0.01152622197709562,0.0919753644401219,2.733901664648478
GBPJPY,GBP,JPY,NY   21-03JST,24,Q10+ac<0,2169,-0.010888447601229442,-0.08422128919925094,2.2881606850448737
GBPJPY,GBP,JPY,深夜 03-09JST,1,全BreakDown,18976,0.0007777856406691648,1.2828991117116941,55.59833742219644
GBPJPY,GBP,JPY,深夜 03-09JST,1,Q10,1133,0.0012922883066250452,2.312998449584438,40.6957633280737
GBPJPY,GBP,JPY,深夜 03-09JST,1,Q10+ac>0,463,0.002692801476395552,1.9035429308523133,21.211638279182438
GBPJPY,GBP,JPY,深夜 03-09JST,1,Q10+ac<0,670,0.00032447099676871096,2.658008122326318,58.93892110490981
GBPJPY,GBP,JPY,深夜 03-09JST,3,全BreakDown,18974,0.001573741840564409,-0.95360605907169,48.611365941980786
GBPJPY,GBP,JPY,深夜 03-09JST,3,Q10,1133,0.001784249939023506,-0.5212188880061708,28.758794469642677
GBPJPY,GBP,JPY,深夜 03-09JST,3,Q10+ac>0,463,0.00276291493063145,0.14606107340987567,13.371646982670757
GBPJPY,GBP,JPY,深夜 03-09JST,3,Q10+ac<0,670,0.0011079486090018963,-1.048630692796606,41.302136117059206
GBPJPY,GBP,JPY,深夜 03-09JST,6,全BreakDown,18972,0.00239804165305644,-1.3768890862591754,50.05736833374443
GBPJPY,GBP,JPY,深夜 03-09JST,6,Q10,1133,-0.0003826034389115387,-2.345781098112059,36.46914458072088
GBPJPY,GBP,JPY,深夜 03-09JST,6,Q10+ac>0,463,0.0031257070847086964,-0.47682741772720183,7.248629525222318
GBPJPY,GBP,JPY,深夜 03-09JST,6,Q10+ac<0,670,-0.0028070030992640325,-3.794090096550358,59.61457362542669
GBPJPY,GBP,JPY,深夜 03-09JST,12,全BreakDown,18968,0.004028493607058348,-1.2466332674212486,34.4057841639386
GBPJPY,GBP,JPY,深夜 03-09JST,12,Q10,1133,0.006143594422367563,0.15007669460252251,7.591656633663394
GBPJPY,GBP,JPY,深夜 03-09JST,12,Q10+ac>0,463,0.012389394946635332,-0.096488251574119,2.9039095104451267
GBPJPY,GBP,JPY,深夜 03-09JST,12,Q10+ac<0,670,0.001827466597388491,0.4282942992684257,14.349776006067547
GBPJPY,GBP,JPY,深夜 03-09JST,24,全BreakDown,18962,0.007426407680244215,0.10028620952422777,18.167355781933328
GBPJPY,GBP,JPY,深夜 03-09JST,24,Q10,1133,0.02616490639680734,0.8808641946367465,8.73546685159757
GBPJPY,GBP,JPY,深夜 03-09JST,24,Q10+ac>0,463,0.03773581053785443,1.3785780759155963,9.339027952713238
GBPJPY,GBP,JPY,深夜 03-09JST,24,Q10+ac<0,670,0.018168893535158374,0.5093401622529805,8.177765916608182
AUDJPY,AUD,JPY,東京 09-15JST,1,全BreakDown,19938,0.0001911967252409833,-0.424257218114526,60.65765107824713
AUDJPY,AUD,JPY,東京 09-15JST,1,Q10,2662,-0.0017079367845326838,-1.5555137927642853,25.3256543477963
AUDJPY,AUD,JPY,東京 09-15JST,1,Q10+ac>0,1051,-0.0005627868181961792,-2.830681121691486,34.90933540947989
AUDJPY,AUD,JPY,東京 09-15JST,1,Q10+ac<0,1611,-0.002455020964929747,-0.33212661104479146,14.21525882045892
AUDJPY,AUD,JPY,東京 09-15JST,3,全BreakDown,19938,0.0006500765302187034,-0.8154259058245779,93.27987479121288
AUDJPY,AUD,JPY,東京 09-15JST,3,Q10,2662,-0.004368971553724984,-2.814436039758971,43.17801454705442
AUDJPY,AUD,JPY,東京 09-15JST,3,Q10+ac>0,1051,-0.001447452711445079,-3.254355455618737,44.56754239405746
AUDJPY,AUD,JPY,東京 09-15JST,3,Q10+ac<0,1611,-0.006274940705330313,-2.3626010109609488,40.067847723744535
AUDJPY,AUD,JPY,東京 09-15JST,6,全BreakDown,19938,0.0020144015220141874,-1.0616466724016733,50.0592464210896
AUDJPY,AUD,JPY,東京 09-15JST,6,Q10,2662,-0.007846050960461422,-2.3297984376692336,28.858313737825874
AUDJPY,AUD,JPY,東京 09-15JST,6,Q10+ac>0,1051,-0.003207495284685765,-3.1099742517571816,34.54685512751284
AUDJPY,AUD,JPY,東京 09-15JST,6,Q10+ac<0,1611,-0.010872197462783098,-1.4119939150596224,18.991978786147662
AUDJPY,AUD,JPY,東京 09-15JST,12,全BreakDown,19938,0.002591543968652448,-1.357410062070747,32.365538249004715
AUDJPY,AUD,JPY,東京 09-15JST,12,Q10,2662,-0.013384189758623384,-2.111656445049091,17.73717918451759
AUDJPY,AUD,JPY,東京 09-15JST,12,Q10+ac>0,1051,-0.007291710446877866,-1.8006308261044817,15.248126977188036
AUDJPY,AUD,JPY,東京 09-15JST,12,Q10+ac<0,1611,-0.017358861240091127,-2.3743405130738426,19.759246970431033
AUDJPY,AUD,JPY,東京 09-15JST,24,全BreakDown,19938,0.005230371528346086,1.521837126203145,75.82784148252408
AUDJPY,AUD,JPY,東京 09-15JST,24,Q10,2662,-0.013754057599428519,-1.163638146890765,7.804318500039937
AUDJPY,AUD,JPY,東京 09-15JST,24,Q10+ac>0,1051,-0.013405448455927647,-0.6810795467667297,3.6325708172162514
AUDJPY,AUD,JPY,東京 09-15JST,24,Q10+ac<0,1611,-0.01398148665580308,-1.5241578907122693,11.039532521622132
AUDJPY,AUD,JPY,欧州 15-21JST,1,全BreakDown,20297,0.0006376061388369405,-0.20499978045484987,7.5934467359744495
AUDJPY,AUD,JPY,欧州 15-21JST,1,Q10,2793,-0.000787017038642438,-0.19097060810030164,4.499322957138296
AUDJPY,AUD,JPY,欧州 15-21JST,1,Q10+ac>0,1105,-0.003468287056840755,-0.731507929649291,3.2963370589314414
AUDJPY,AUD,JPY,欧州 15-21JST,1,Q10+ac<0,1688,0.0009681982280098965,0.20286936328799415,5.285515924826269
AUDJPY,AUD,JPY,欧州 15-21JST,3,全BreakDown,20297,0.00165011185684158,9.646522349784828,700.8550289968117
AUDJPY,AUD,JPY,欧州 15-21JST,3,Q10,2793,-0.0017851775410998288,1.5795809904704137,38.60139375000641
AUDJPY,AUD,JPY,欧州 15-21JST,3,Q10+ac>0,1105,-0.008785338686517812,-0.26661809433668815,2.4096715258361767
AUDJPY,AUD,JPY,欧州 15-21JST,3,Q10+ac<0,1688,0.0027972739196151443,2.409125171044822,52.7074168915811
AUDJPY,AUD,JPY,欧州 15-21JST,6,全BreakDown,20297,0.0014765098124985686,7.143811988465193,385.71554467276167
AUDJPY,AUD,JPY,欧州 15-21JST,6,Q10,2793,-0.006290917183580356,0.06928817144106497,16.33582620147056
AUDJPY,AUD,JPY,欧州 15-21JST,6,Q10+ac>0,1105,-0.015259205107134098,-0.2077186855757853,1.178656833697124
AUDJPY,AUD,JPY,欧州 15-21JST,6,Q10+ac<0,1688,-0.0004200888923914481,0.1787303083061109,22.491558321932217
AUDJPY,AUD,JPY,欧州 15-21JST,12,全BreakDown,20297,0.00210481796686538,6.9631497281473935,243.26210841444245
AUDJPY,AUD,JPY,欧州 15-21JST,12,Q10,2793,-0.008030001481672409,0.29573073468515004,9.102637951126018
AUDJPY,AUD,JPY,欧州 15-21JST,12,Q10+ac>0,1105,-0.025262347834488087,-0.7195765784860906,2.1290846452873877
AUDJPY,AUD,JPY,欧州 15-21JST,12,Q10+ac<0,1688,0.003250651788387613,0.9001172776564832,12.95829531934163
AUDJPY,AUD,JPY,欧州 15-21JST,24,全BreakDown,20297,0.0010713353747694994,3.4840529859191363,105.1399041908269
AUDJPY,AUD,JPY,欧州 15-21JST,24,Q10,2793,-0.01899186827662327,-0.07015654820162062,3.427256537313677
AUDJPY,AUD,JPY,欧州 15-21JST,24,Q10+ac>0,1105,-0.04739725453168166,-0.154579208336149,2.4277996222026186
AUDJPY,AUD,JPY,欧州 15-21JST,24,Q10+ac<0,1688,-0.0003971100942538795,0.09141634914467589,4.304810049384399
AUDJPY,AUD,JPY,NY   21-03JST,1,全BreakDown,20236,0.0006129022920631308,-0.9194513687942296,33.20208556635269
AUDJPY,AUD,JPY,NY   21-03JST,1,Q10,3307,-0.001404214228913924,-0.3834514192303032,3.5377068866217236
AUDJPY,AUD,JPY,NY   21-03JST,1,Q10+ac>0,1231,-0.0018016692253587927,-0.43159203702985705,3.30459594023986
AUDJPY,AUD,JPY,NY   21-03JST,1,Q10+ac<0,2076,-0.0011685364347792265,-0.3467644093257431,3.6703019895989275
AUDJPY,AUD,JPY,NY   21-03JST,3,全BreakDown,20236,0.0015148834218697118,0.10725638676530204,22.8546079056485
AUDJPY,AUD,JPY,NY   21-03JST,3,Q10,3307,-0.002264019171761515,1.3733753141232636,21.919919568786742
AUDJPY,AUD,JPY,NY   21-03JST,3,Q10+ac>0,1231,-0.002486666257743343,0.32374496663161745,10.499310106328739
AUDJPY,AUD,JPY,NY   21-03JST,3,Q10+ac<0,2076,-0.002131996742646086,1.949248616691049,28.004637205161607
AUDJPY,AUD,JPY,NY   21-03JST,6,全BreakDown,20236,0.001556055529869668,0.01900780330163432,12.204715256857412
AUDJPY,AUD,JPY,NY   21-03JST,6,Q10,3307,-0.005199485153194744,0.9650104391901646,10.104899570095597
AUDJPY,AUD,JPY,NY   21-03JST,6,Q10+ac>0,1231,-0.008528376649596766,0.4705373587020152,7.656569176465336
AUDJPY,AUD,JPY,NY   21-03JST,6,Q10+ac<0,2076,-0.0032255615346634845,1.2401751408509738,11.408231693568695
AUDJPY,AUD,JPY,NY   21-03JST,12,全BreakDown,20236,0.0010126540985171597,-0.07591407716219557,7.398817916295375
AUDJPY,AUD,JPY,NY   21-03JST,12,Q10,3307,-0.010306042854249289,0.8066297785616194,5.365822914552698
AUDJPY,AUD,JPY,NY   21-03JST,12,Q10+ac>0,1231,-0.01449015220339518,0.3645505369429262,4.177439962554499
AUDJPY,AUD,JPY,NY   21-03JST,12,Q10+ac<0,2076,-0.00782500306195709,1.0333796313705605,5.908212649159772
AUDJPY,AUD,JPY,NY   21-03JST,24,全BreakDown,20236,-0.002082499648340688,-0.31815112012080227,4.5058591458560615
AUDJPY,AUD,JPY,NY   21-03JST,24,Q10,3307,-0.014938805837490179,0.4513301266489651,3.066082267185501
AUDJPY,AUD,JPY,NY   21-03JST,24,Q10+ac>0,1231,-0.017015799452613962,0.30893081127835564,2.542582004622994
AUDJPY,AUD,JPY,NY   21-03JST,24,Q10+ac<0,2076,-0.013707216656267935,0.531161212329606,3.3501751365420898
AUDJPY,AUD,JPY,深夜 03-09JST,1,全BreakDown,18994,0.0009689099834482362,0.7251083076375866,31.12458359177596
AUDJPY,AUD,JPY,深夜 03-09JST,1,Q10,1216,0.00020667705657668398,1.5897263266448245,21.52853823025908
AUDJPY,AUD,JPY,深夜 03-09JST,1,Q10+ac>0,496,0.002278994263245288,1.774950121096511,16.215937558629197
AUDJPY,AUD,JPY,深夜 03-09JST,1,Q10+ac<0,720,-0.0012209192413505769,1.3528977099774073,26.83487882806788
AUDJPY,AUD,JPY,深夜 03-09JST,3,全BreakDown,18992,0.0016905495937112262,-1.4459087245158182,70.29160404252539
AUDJPY,AUD,JPY,深夜 03-09JST,3,Q10,1216,1.4745610048918034e-05,-0.08587163384031267,15.488477482547879
AUDJPY,AUD,JPY,深夜 03-09JST,3,Q10+ac>0,496,0.0035831798205609227,1.2162096439276124,11.668530871508862
AUDJPY,AUD,JPY,深夜 03-09JST,3,Q10+ac<0,720,-0.002443509068303794,-1.2371597962481902,18.6926779472488
AUDJPY,AUD,JPY,深夜 03-09JST,6,全BreakDown,18991,0.0021902252223319125,-1.9030890481348661,54.916882139641466
AUDJPY,AUD,JPY,深夜 03-09JST,6,Q10,1216,0.0007247176572815798,-1.3892177531052454,18.168936562183607
AUDJPY,AUD,JPY,深夜 03-09JST,6,Q10+ac>0,496,0.007102195004769145,0.23178160240013707,6.665032367278439
AUDJPY,AUD,JPY,深夜 03-09JST,6,Q10+ac<0,720,-0.003668655626543185,-2.496764637747075,25.740822866413176
AUDJPY,AUD,JPY,深夜 03-09JST,12,全BreakDown,18986,0.002162417140886392,-1.6188333561870027,32.36884160483837
AUDJPY,AUD,JPY,深夜 03-09JST,12,Q10,1216,0.0021026272470507303,-0.032876973343305804,4.909694413669661
AUDJPY,AUD,JPY,深夜 03-09JST,12,Q10+ac>0,496,0.006260476752802507,-0.12937401455149755,3.0556500209205586
AUDJPY,AUD,JPY,深夜 03-09JST,12,Q10+ac<0,720,-0.0007616690791338298,0.044557119654625575,6.614494160420261
AUDJPY,AUD,JPY,深夜 03-09JST,24,全BreakDown,18979,0.007374196205972324,0.07311483936108001,17.7480991614599
AUDJPY,AUD,JPY,深夜 03-09JST,24,Q10,1216,0.019847885158224724,0.02227666918764558,7.526974903421907
AUDJPY,AUD,JPY,深夜 03-09JST,24,Q10+ac>0,496,0.04139021544722465,1.0374378241847122,9.602958553769664
AUDJPY,AUD,JPY,深夜 03-09JST,24,Q10+ac<0,720,0.005007613181358105,-0.6882103330901395,5.824039043518276
NZDJPY,NZD,JPY,東京 09-15JST,1,全BreakDown,20109,0.0005189502395920378,-0.08182902244768947,78.08130696440125
NZDJPY,NZD,JPY,東京 09-15JST,1,Q10,2600,0.0004410651383446552,-0.7741729912555095,15.628402285414218
NZDJPY,NZD,JPY,東京 09-15JST,1,Q10+ac>0,994,0.00030593983159839656,-2.0701141760445916,26.644179208442047
NZDJPY,NZD,JPY,東京 09-15JST,1,Q10+ac<0,1606,0.0005246981115113934,0.17645970685757242,6.9872281921302335
NZDJPY,NZD,JPY,東京 09-15JST,3,全BreakDown,20109,0.0009730545110989405,-0.5070053458124271,80.16013245748192
NZDJPY,NZD,JPY,東京 09-15JST,3,Q10,2600,0.0012665959787190508,-0.6176709907894604,44.71903902045994
NZDJPY,NZD,JPY,東京 09-15JST,3,Q10+ac>0,994,0.005096877603571119,2.411453869843545,52.98894656411158
NZDJPY,NZD,JPY,東京 09-15JST,3,Q10+ac<0,1606,-0.0011040764590785563,-2.580848811848813,38.964852128717155
NZDJPY,NZD,JPY,東京 09-15JST,6,全BreakDown,20109,0.002105362888802868,-0.4131564337962136,42.20841949445751
NZDJPY,NZD,JPY,東京 09-15JST,6,Q10,2600,0.003428756032086284,-1.282490226166132,28.346108340284577
NZDJPY,NZD,JPY,東京 09-15JST,6,Q10+ac>0,994,0.013659165079651241,0.792806741788094,22.556480287688576
NZDJPY,NZD,JPY,東京 09-15JST,6,Q10+ac<0,1606,-0.0029031409749371083,-2.590645602059232,31.68401322868568
NZDJPY,NZD,JPY,東京 09-15JST,12,全BreakDown,20109,0.0028734201766952893,-0.9194685163727662,28.423134175652386
NZDJPY,NZD,JPY,東京 09-15JST,12,Q10,2600,0.0016491948806731092,-1.6022774828597002,18.8846333475175
NZDJPY,NZD,JPY,東京 09-15JST,12,Q10+ac>0,994,0.011362779558743765,-0.43569540298264364,13.411087100829565
NZDJPY,NZD,JPY,東京 09-15JST,12,Q10+ac<0,1606,-0.004362824527796522,-2.2294432180138255,21.529920037967667
NZDJPY,NZD,JPY,東京 09-15JST,24,全BreakDown,20109,0.0032523371470874643,-0.5213223293270657,28.251324267369174
NZDJPY,NZD,JPY,東京 09-15JST,24,Q10,2600,0.0016074207541813322,-0.7892960572927991,8.63105491092532
NZDJPY,NZD,JPY,東京 09-15JST,24,Q10+ac>0,994,0.01898011709670919,-0.178385707577197,5.212492148120203
NZDJPY,NZD,JPY,東京 09-15JST,24,Q10+ac<0,1606,-0.009145045101654713,-1.2207308867837061,10.955575690419412
NZDJPY,NZD,JPY,欧州 15-21JST,1,全BreakDown,20470,0.0008774093531279857,-0.3457224382151109,7.659358733914521
NZDJPY,NZD,JPY,欧州 15-21JST,1,Q10,2804,0.00035081854352619115,-0.39424437559629666,6.294946290283777
NZDJPY,NZD,JPY,欧州 15-21JST,1,Q10+ac>0,1096,-0.0008532062638596947,-1.2060847706452524,7.33677328199038
NZDJPY,NZD,JPY,欧州 15-21JST,1,Q10+ac<0,1708,0.0011234246260173682,0.20656187894572267,5.384694567409859
NZDJPY,NZD,JPY,欧州 15-21JST,3,全BreakDown,20470,0.0021254811015086112,2.9704196394884352,134.02301364951109
NZDJPY,NZD,JPY,欧州 15-21JST,3,Q10,2804,0.0014738695135438034,0.5578936921195046,15.818916734457463
NZDJPY,NZD,JPY,欧州 15-21JST,3,Q10+ac>0,1096,-0.0023925037599994287,-0.5337331028378102,2.8328135966788066
NZDJPY,NZD,JPY,欧州 15-21JST,3,Q10+ac<0,1708,0.003954867820220256,1.1469824208786021,22.352749122718997
NZDJPY,NZD,JPY,欧州 15-21JST,6,全BreakDown,20470,0.0024962251169168945,0.9961392719765879,56.02133852339788
NZDJPY,NZD,JPY,欧州 15-21JST,6,Q10,2804,0.0006406923162367436,0.11789066589007843,12.52140938793192
NZDJPY,NZD,JPY,欧州 15-21JST,6,Q10+ac>0,1096,-0.008174437989401703,-0.4966248699487195,2.3348661027543693
NZDJPY,NZD,JPY,欧州 15-21JST,6,Q10+ac<0,1708,0.006297239631798652,0.3897862400032574,16.66121058672254
NZDJPY,NZD,JPY,欧州 15-21JST,12,全BreakDown,20470,0.0038525350546716407,1.5321702925736205,45.17334946882345
NZDJPY,NZD,JPY,欧州 15-21JST,12,Q10,2804,0.0010722874478857921,0.08344774405006222,4.965150005833413
NZDJPY,NZD,JPY,欧州 15-21JST,12,Q10+ac>0,1096,-0.007734522144856301,-0.36791271023088845,1.6328602334964817
NZDJPY,NZD,JPY,欧州 15-21JST,12,Q10+ac<0,1708,0.006723495476952144,0.30623996599631587,6.466603953326869
NZDJPY,NZD,JPY,欧州 15-21JST,24,全BreakDown,20470,0.0055493114569029325,0.8915063359757965,21.859237688964143
NZDJPY,NZD,JPY,欧州 15-21JST,24,Q10,2804,-0.005995087086425888,-0.09355285560937755,2.0060324455922673
NZDJPY,NZD,JPY,欧州 15-21JST,24,Q10+ac>0,1096,-0.02030122272321372,-0.008099304867764855,1.9410593521338386
NZDJPY,NZD,JPY,欧州 15-21JST,24,Q10+ac<0,1708,0.003184962479100729,-0.14700547684667195,2.0728466146547566
NZDJPY,NZD,JPY,NY   21-03JST,1,全BreakDown,20301,0.0006054855140360971,-1.018670828292804,31.660119799429353
NZDJPY,NZD,JPY,NY   21-03JST,1,Q10,3230,0.0003837716961346639,-0.3123348202668187,3.564489574693029
NZDJPY,NZD,JPY,NY   21-03JST,1,Q10+ac>0,1218,0.001387372859591209,-0.4161696593715929,3.482073143416736
NZDJPY,NZD,JPY,NY   21-03JST,1,Q10+ac<0,2012,-0.00022377612548067998,-0.23943983845837274,3.5938565645477922
NZDJPY,NZD,JPY,NY   21-03JST,3,全BreakDown,20301,0.0015838711720489148,-0.060286043919387376,17.815503763907
NZDJPY,NZD,JPY,NY   21-03JST,3,Q10,3230,0.001653048625843017,0.7877995257528698,18.283230997710696
NZDJPY,NZD,JPY,NY   21-03JST,3,Q10+ac>0,1218,0.005815408385314564,0.7348516594842389,8.996242005609792
NZDJPY,NZD,JPY,NY   21-03JST,3,Q10+ac<0,2012,-0.0008667099164215672,0.8191556795454507,24.849755575576516
NZDJPY,NZD,JPY,NY   21-03JST,6,全BreakDown,20301,0.0012253840993618902,-0.2945498511032408,12.389821461794257
NZDJPY,NZD,JPY,NY   21-03JST,6,Q10,3230,0.00167894028115514,0.6182950987530851,10.103488859000393
NZDJPY,NZD,JPY,NY   21-03JST,6,Q10+ac>0,1218,0.0060501137023503,1.1210422221879337,8.424652917887272
NZDJPY,NZD,JPY,NY   21-03JST,6,Q10+ac<0,2012,-0.0009672273267055482,0.22776372838526612,11.277845308740945
NZDJPY,NZD,JPY,NY   21-03JST,12,全BreakDown,20301,0.000911635490864827,-0.36713830067856307,9.514250644233046
NZDJPY,NZD,JPY,NY   21-03JST,12,Q10,3230,-0.0009118709750401379,0.3386083062233882,4.912610285521125
NZDJPY,NZD,JPY,NY   21-03JST,12,Q10+ac>0,1218,-0.0008382809381342997,0.552188156080882,3.758028216115328
NZDJPY,NZD,JPY,NY   21-03JST,12,Q10+ac<0,2012,-0.0009564200132863166,0.20395738393634608,5.647522356153766
NZDJPY,NZD,JPY,NY   21-03JST,24,全BreakDown,20301,-0.003608259171797373,-0.5941624951315696,6.299956489350093
NZDJPY,NZD,JPY,NY   21-03JST,24,Q10,3230,-0.004371549594333995,0.10616927889635121,2.57604886510231
NZDJPY,NZD,JPY,NY   21-03JST,24,Q10+ac>0,1218,0.009137632025926509,0.11731636300220773,2.2194240268306586
NZDJPY,NZD,JPY,NY   21-03JST,24,Q10+ac<0,2012,-0.012549573060276986,0.09298017590771916,2.8207578894784824
NZDJPY,NZD,JPY,深夜 03-09JST,1,全BreakDown,19091,0.0010200189304367742,1.005959555404122,32.96110936590475
NZDJPY,NZD,JPY,深夜 03-09JST,1,Q10,1419,-0.0006076495979425739,1.9840052464748004,28.258520680490037
NZDJPY,NZD,JPY,深夜 03-09JST,1,Q10+ac>0,582,-0.001080003171525716,2.075781338149747,20.587313158670046
NZDJPY,NZD,JPY,深夜 03-09JST,1,Q10+ac<0,837,-0.00027920302706397324,1.8956441414286185,35.298207703445875
NZDJPY,NZD,JPY,深夜 03-09JST,3,全BreakDown,19089,0.0015007079216724944,-1.691669294888533,52.00809171051197
NZDJPY,NZD,JPY,深夜 03-09JST,3,Q10,1419,-0.0018312033626864223,-0.4648847901797662,18.228986457871404
NZDJPY,NZD,JPY,深夜 03-09JST,3,Q10+ac>0,582,-0.0009103548496590793,0.5271585044736057,8.250801312896327
NZDJPY,NZD,JPY,深夜 03-09JST,3,Q10+ac<0,837,-0.0024715066298093805,-1.175522947447038,25.40170584950173
NZDJPY,NZD,JPY,深夜 03-09JST,6,全BreakDown,19087,0.0023128305980301897,-1.178722317876293,30.203251880017667
NZDJPY,NZD,JPY,深夜 03-09JST,6,Q10,1419,-0.00242453457823107,-1.4316288472171907,22.291151424223894
NZDJPY,NZD,JPY,深夜 03-09JST,6,Q10+ac>0,582,-0.0008170715815818626,0.12533314855685945,5.4398617419740045
NZDJPY,NZD,JPY,深夜 03-09JST,6,Q10+ac<0,837,-0.003542268704933387,-2.5691102791388967,34.703915580457604
NZDJPY,NZD,JPY,深夜 03-09JST,12,全BreakDown,19084,0.0020297934861793023,-1.1857385039596295,20.934462142437795
NZDJPY,NZD,JPY,深夜 03-09JST,12,Q10,1419,-0.004657408413626055,0.09719799018392257,4.39340431198729
NZDJPY,NZD,JPY,深夜 03-09JST,12,Q10+ac>0,582,0.0035374844164686755,0.141324373558073,1.6519823475450401
NZDJPY,NZD,JPY,深夜 03-09JST,12,Q10+ac<0,837,-0.010355649306236732,0.01870360729956519,7.368403480726695
NZDJPY,NZD,JPY,深夜 03-09JST,24,全BreakDown,19077,0.006548141620306947,-0.029992510369530483,10.73420644460732
NZDJPY,NZD,JPY,深夜 03-09JST,24,Q10,1419,0.018819967592191025,-0.0738762142079255,4.030957564034255
NZDJPY,NZD,JPY,深夜 03-09JST,24,Q10+ac>0,582,0.0251683566617867,-0.18691572537125836,3.7226292464515893
NZDJPY,NZD,JPY,深夜 03-09JST,24,Q10+ac<0,837,0.014405675550966794,-0.00814330031408144,4.058488704623307
CHFJPY,CHF,JPY,東京 09-15JST,1,全BreakDown,19983,0.0005814493924367887,-1.3620438341955117,273.1499057489092
CHFJPY,CHF,JPY,東京 09-15JST,1,Q10,2256,0.0007393541680638224,-2.2949633416189656,33.40808762447673
CHFJPY,CHF,JPY,東京 09-15JST,1,Q10+ac>0,805,-0.0011833478120786643,-3.563524333905737,42.94674248423962
CHFJPY,CHF,JPY,東京 09-15JST,1,Q10+ac<0,1451,0.001806049615351694,-0.24603658661967312,4.4897756117304475
CHFJPY,CHF,JPY,東京 09-15JST,3,全BreakDown,19983,0.0006844403159228052,-3.670376495950055,224.161139723672
CHFJPY,CHF,JPY,東京 09-15JST,3,Q10,2256,-0.00021739573090463337,-1.4031249808197583,19.62355359040311
CHFJPY,CHF,JPY,東京 09-15JST,3,Q10+ac>0,805,-0.0059867539844213925,-1.9289265430822602,23.432788242040665
CHFJPY,CHF,JPY,東京 09-15JST,3,Q10+ac<0,1451,0.002983385381487503,-0.432979396668657,5.5217386350277256
CHFJPY,CHF,JPY,東京 09-15JST,6,全BreakDown,19983,0.0011191809054917853,-2.138547027742214,97.60788509814655
CHFJPY,CHF,JPY,東京 09-15JST,6,Q10,2256,0.0022940910021263957,-0.7878584200687445,16.92390790329213
CHFJPY,CHF,JPY,東京 09-15JST,6,Q10+ac>0,805,-0.004577590511483084,-0.9678154693640673,16.7135699527635
CHFJPY,CHF,JPY,東京 09-15JST,6,Q10+ac<0,1451,0.0061064298156726605,-0.4151808050386241,12.817880266118156
CHFJPY,CHF,JPY,東京 09-15JST,12,全BreakDown,19983,0.0021594671986738486,-1.8435269050161873,61.87456354992223
CHFJPY,CHF,JPY,東京 09-15JST,12,Q10,2256,0.003207470089812166,-1.0485194883578977,14.684979625631044
CHFJPY,CHF,JPY,東京 09-15JST,12,Q10+ac>0,805,-0.0027521223376004295,-1.2073495595620245,13.540104156605043
CHFJPY,CHF,JPY,東京 09-15JST,12,Q10+ac<0,1451,0.006513791181519358,-0.686152386117517,12.167409068317925
CHFJPY,CHF,JPY,東京 09-15JST,24,全BreakDown,19983,0.004827399044399892,-0.9442279512660426,39.93328234587653
CHFJPY,CHF,JPY,東京 09-15JST,24,Q10,2256,0.0010160845763435428,-0.6133728316108765,8.045485191288082
CHFJPY,CHF,JPY,東京 09-15JST,24,Q10+ac>0,805,-0.004878122821893399,0.21365145443198139,3.7053770872894836
CHFJPY,CHF,JPY,東京 09-15JST,24,Q10+ac<0,1451,0.004286130720782371,-1.3549824845312533,12.316600490149904
CHFJPY,CHF,JPY,欧州 15-21JST,1,全BreakDown,20530,0.000422954271929408,-0.31338616207822806,11.036870235410023
CHFJPY,CHF,JPY,欧州 15-21JST,1,Q10,3099,0.000538264289880063,-0.0044203660195724385,8.830171246380223
CHFJPY,CHF,JPY,欧州 15-21JST,1,Q10+ac>0,1262,0.000964231300192003,-0.39517542334647315,5.197188010182018
CHFJPY,CHF,JPY,欧州 15-21JST,1,Q10+ac<0,1837,0.0002456293595514468,0.2772183575185425,11.508845208558308
CHFJPY,CHF,JPY,欧州 15-21JST,3,全BreakDown,20530,0.0015222066107172623,1.5622922058085038,58.716784548343874
CHFJPY,CHF,JPY,欧州 15-21JST,3,Q10,3099,0.0009538780733157044,1.7903462381408368,35.73173767242133
CHFJPY,CHF,JPY,欧州 15-21JST,3,Q10+ac>0,1262,0.003758773336153734,3.297055812338691,59.82780147286405
CHFJPY,CHF,JPY,欧州 15-21JST,3,Q10+ac<0,1837,-0.000973055961361265,0.6578780940506396,16.89317568538667
CHFJPY,CHF,JPY,欧州 15-21JST,6,全BreakDown,20530,0.0020946284953633617,0.3094096232115516,23.95614874417972
CHFJPY,CHF,JPY,欧州 15-21JST,6,Q10,3099,0.0002684633749242338,0.30468191868455413,11.778250877320762
CHFJPY,CHF,JPY,欧州 15-21JST,6,Q10+ac>0,1262,0.0020182677647473403,0.5229779347185269,11.636396889840988
CHFJPY,CHF,JPY,欧州 15-21JST,6,Q10+ac<0,1837,-0.0009336341427441166,0.15097743631150967,11.868249365510476
CHFJPY,CHF,JPY,欧州 15-21JST,12,全BreakDown,20530,0.0030668208545954266,0.5081191622592299,16.6094856857126
CHFJPY,CHF,JPY,欧州 15-21JST,12,Q10,3099,0.0010501377437926538,0.09479197557265148,6.7320528817418275
CHFJPY,CHF,JPY,欧州 15-21JST,12,Q10+ac>0,1262,0.002863146809003502,0.12754606171359134,7.216884034316433
CHFJPY,CHF,JPY,欧州 15-21JST,12,Q10+ac<0,1837,-0.000195380732144249,0.06049756765907828,6.0897322451296745
CHFJPY,CHF,JPY,欧州 15-21JST,24,全BreakDown,20530,0.004032638626327109,-0.01081124298179584,8.814948552676356
CHFJPY,CHF,JPY,欧州 15-21JST,24,Q10,3099,0.003032690074833403,-0.29725290574951885,3.257039880225139
CHFJPY,CHF,JPY,欧州 15-21JST,24,Q10+ac>0,1262,-0.0010372552389381737,-0.6871528259167156,3.2891114537074344
CHFJPY,CHF,JPY,欧州 15-21JST,24,Q10+ac<0,1837,0.005828700410151707,0.08993318646882649,3.012824736119992
CHFJPY,CHF,JPY,NY   21-03JST,1,全BreakDown,20298,0.0006412227212068235,0.3673069234663576,22.303009250086546
CHFJPY,CHF,JPY,NY   21-03JST,1,Q10,3387,0.0004701956637511455,0.9310906531794294,24.009096527426347
CHFJPY,CHF,JPY,NY   21-03JST,1,Q10+ac>0,1259,0.001019531283472327,2.1852501655512726,34.12388593327055
CHFJPY,CHF,JPY,NY   21-03JST,1,Q10+ac<0,2128,0.0001451892985119692,-0.6207744250623466,5.012503404491884
CHFJPY,CHF,JPY,NY   21-03JST,3,全BreakDown,20298,0.0011797055166683518,0.09031945642921235,21.41427949114973
CHFJPY,CHF,JPY,NY   21-03JST,3,Q10,3387,0.0005878758165525021,1.1391048005299333,15.742246880282586
CHFJPY,CHF,JPY,NY   21-03JST,3,Q10+ac>0,1259,0.000600619921396173,0.9269218612226547,11.629741555804234
CHFJPY,CHF,JPY,NY   21-03JST,3,Q10+ac<0,2128,0.0005803359537714013,1.2933459398088032,18.868030626530945
CHFJPY,CHF,JPY,NY   21-03JST,6,全BreakDown,20298,0.0024961764056339263,-0.37706588239701583,16.401123863321054
CHFJPY,CHF,JPY,NY   21-03JST,6,Q10,3387,-0.0004280255768662514,0.7151067542079635,8.328979953026549
CHFJPY,CHF,JPY,NY   21-03JST,6,Q10+ac>0,1259,-0.0032951819890859302,0.4841043140843992,5.408311288446292
CHFJPY,CHF,JPY,NY   21-03JST,6,Q10+ac<0,2128,0.0012682854771678535,0.869749406277632,10.280586997263635
CHFJPY,CHF,JPY,NY   21-03JST,12,全BreakDown,20298,0.0030151476729426492,-0.4637234055304926,10.734523411472601
CHFJPY,CHF,JPY,NY   21-03JST,12,Q10,3387,-0.0029793636004773302,0.22118717090326837,4.709357827285964
CHFJPY,CHF,JPY,NY   21-03JST,12,Q10+ac>0,1259,-0.010514226202408761,-0.11985416138082111,2.58124064890331
CHFJPY,CHF,JPY,NY   21-03JST,12,Q10+ac<0,2128,0.0014785273844059763,0.531054785269605,6.46931896168439
CHFJPY,CHF,JPY,NY   21-03JST,24,全BreakDown,20298,0.0031193380364442753,-0.76217562369482,9.468862674927543
CHFJPY,CHF,JPY,NY   21-03JST,24,Q10,3387,-0.011173471046444814,-0.51633034919972,6.5735960371952
CHFJPY,CHF,JPY,NY   21-03JST,24,Q10+ac>0,1259,-0.030605795500682476,-1.1769161406598396,6.659256475421996
CHFJPY,CHF,JPY,NY   21-03JST,24,Q10+ac<0,2128,0.0003233788068847095,0.08357434662543047,5.966867924509035
CHFJPY,CHF,JPY,深夜 03-09JST,1,全BreakDown,19090,0.0009421334716121279,1.5636538015960515,71.83973792718412
CHFJPY,CHF,JPY,深夜 03-09JST,1,Q10,1126,0.0013831517785293608,2.0017324072373,51.99081791289029
CHFJPY,CHF,JPY,深夜 03-09JST,1,Q10+ac>0,365,0.004039514498602933,0.12800841964413368,9.52111766215264
CHFJPY,CHF,JPY,深夜 03-09JST,1,Q10+ac<0,761,0.00010907504682521666,2.3366375083322333,54.55889058862835
CHFJPY,CHF,JPY,深夜 03-09JST,3,全BreakDown,19088,0.0018035538719408774,-2.247183889549935,103.5144513290527
CHFJPY,CHF,JPY,深夜 03-09JST,3,Q10,1126,0.0022898629022196663,-3.6806730322553043,60.667142739702484
CHFJPY,CHF,JPY,深夜 03-09JST,3,Q10+ac>0,365,0.010319151118756103,1.2995800202785133,8.857552278771257
CHFJPY,CHF,JPY,深夜 03-09JST,3,Q10+ac<0,761,-0.0015612411701007016,-4.410016659849767,62.06228179755351
CHFJPY,CHF,JPY,深夜 03-09JST,6,全BreakDown,19087,0.0029819092441555834,-1.039239723284835,102.50442803846312
CHFJPY,CHF,JPY,深夜 03-09JST,6,Q10,1126,0.003557656111245709,-3.752155097663963,53.00560886642011
CHFJPY,CHF,JPY,深夜 03-09JST,6,Q10+ac>0,365,0.010728284296498924,0.425404958966755,8.80044275933828
CHFJPY,CHF,JPY,深夜 03-09JST,6,Q10+ac<0,761,0.00011839292120967331,-4.777639850949319,60.15716497315433
CHFJPY,CHF,JPY,深夜 03-09JST,12,全BreakDown,19085,0.0057212552360635235,-1.3063930385558675,73.56452942895501
CHFJPY,CHF,JPY,深夜 03-09JST,12,Q10,1126,0.014660578362584983,-1.004724115078087,20.77693123727828
CHFJPY,CHF,JPY,深夜 03-09JST,12,Q10+ac>0,365,0.019516409624862136,0.4378600319012396,2.5034850236087403
CHFJPY,CHF,JPY,深夜 03-09JST,12,Q10+ac<0,761,0.012331565996315387,-1.3792374335668545,24.208580081930016
CHFJPY,CHF,JPY,深夜 03-09JST,24,全BreakDown,19082,0.011661198068851812,0.8584475641295861,25.090327711861583
CHFJPY,CHF,JPY,深夜 03-09JST,24,Q10,1126,0.0361083233008238,0.3933901531004923,4.336799460518324
CHFJPY,CHF,JPY,深夜 03-09JST,24,Q10+ac>0,365,0.04989175306380706,0.7212993264503033,1.6053195701329308
CHFJPY,CHF,JPY,深夜 03-09JST,24,Q10+ac<0,761,0.02949734844735615,0.2724435826102937,5.354870309785076
GBPUSD,GBP,USD,東京 09-15JST,1,全BreakDown,20049,0.00011968424368205286,-0.2974804629900063,17.33283624942374
GBPUSD,GBP,USD,東京 09-15JST,1,Q10,1270,0.001568051505690995,-0.20731612324917822,2.525294052947319
GBPUSD,GBP,USD,東京 09-15JST,1,Q10+ac>0,483,0.000356337233467577,-0.38889273240285777,2.3923367438372196
GBPUSD,GBP,USD,東京 09-15JST,1,Q10+ac<0,787,0.0023117084224431052,-0.05214173445770031,2.5382983511807664
GBPUSD,GBP,USD,東京 09-15JST,3,全BreakDown,20049,0.000685244252025771,0.2542463709786482,197.03893478442012
GBPUSD,GBP,USD,東京 09-15JST,3,Q10,1270,0.004765751900615233,0.07396435825356988,4.101350488432985
GBPUSD,GBP,USD,東京 09-15JST,3,Q10+ac>0,483,0.006071461346627001,0.13094714481651298,4.703088170702318
GBPUSD,GBP,USD,東京 09-15JST,3,Q10+ac<0,787,0.003964407983939649,-0.0012093133241120402,3.0751255871437913
GBPUSD,GBP,USD,東京 09-15JST,6,全BreakDown,20049,0.0011527060357905512,1.5477182452239275,84.49686625087789
GBPUSD,GBP,USD,東京 09-15JST,6,Q10,1270,0.00761636412569315,0.13850782284056776,4.6779680209920045
GBPUSD,GBP,USD,東京 09-15JST,6,Q10+ac>0,483,0.011242745997352147,0.6254327477717833,4.317107362980346
GBPUSD,GBP,USD,東京 09-15JST,6,Q10+ac<0,787,0.005390770168880831,-0.20350545352856947,4.825741087337561
GBPUSD,GBP,USD,東京 09-15JST,12,全BreakDown,20049,0.002290560061902788,0.37576946297051456,56.82738059902389
GBPUSD,GBP,USD,東京 09-15JST,12,Q10,1270,0.01711771940594962,0.8670465854961166,5.171915836888999
GBPUSD,GBP,USD,東京 09-15JST,12,Q10+ac>0,483,0.025661310825704258,0.8296635473552318,1.9366139515730199
GBPUSD,GBP,USD,東京 09-15JST,12,Q10+ac<0,787,0.011874320859899442,0.9187001362650751,6.541096366666453
GBPUSD,GBP,USD,東京 09-15JST,24,全BreakDown,20049,0.0027177762226684183,0.16106390318747718,27.21625680025624
GBPUSD,GBP,USD,東京 09-15JST,24,Q10,1270,0.01867561779925868,0.5075496141541272,4.213432090134166
GBPUSD,GBP,USD,東京 09-15JST,24,Q10+ac>0,483,0.012068725157664372,0.102809726231618,4.717998204196581
GBPUSD,GBP,USD,東京 09-15JST,24,Q10+ac<0,787,0.022730419763540826,0.7924263558882415,3.779622101056349
GBPUSD,GBP,USD,欧州 15-21JST,1,全BreakDown,20707,-0.00026874825450240897,-0.2787273382296343,6.339097744834165
GBPUSD,GBP,USD,欧州 15-21JST,1,Q10,3096,-0.0007850730537771482,-0.5910585726849951,4.273491897910679
GBPUSD,GBP,USD,欧州 15-21JST,1,Q10+ac>0,1236,-0.0015836521638329744,-0.8720203744500956,5.111712337403045
GBPUSD,GBP,USD,欧州 15-21JST,1,Q10+ac<0,1860,-0.0002544043548368251,-0.3853012651897635,3.6140193457070877
GBPUSD,GBP,USD,欧州 15-21JST,3,全BreakDown,20707,-0.0003005384855104685,-0.5877250786329448,15.545242941811715
GBPUSD,GBP,USD,欧州 15-21JST,3,Q10,3096,-0.0012619845103929667,-0.41420896023835946,5.01272128986821
GBPUSD,GBP,USD,欧州 15-21JST,3,Q10+ac>0,1236,-0.001494930643467743,-0.7591117577787124,6.776357293680153
GBPUSD,GBP,USD,欧州 15-21JST,3,Q10+ac<0,1860,-0.0011071880477690832,-0.15885540452258348,3.642217851052145
GBPUSD,GBP,USD,欧州 15-21JST,6,全BreakDown,20707,-0.00019925217718516739,-0.7084655240015192,15.454893186088832
GBPUSD,GBP,USD,欧州 15-21JST,6,Q10,3096,-0.0002774490465736605,0.10856835092461624,4.691926953124644
GBPUSD,GBP,USD,欧州 15-21JST,6,Q10+ac>0,1236,-0.0020925473333146876,-0.19728713503965223,3.6638837339596018
GBPUSD,GBP,USD,欧州 15-21JST,6,Q10+ac<0,1860,0.0009287130407445702,0.33218704896793977,5.4276109764884914
GBPUSD,GBP,USD,欧州 15-21JST,12,全BreakDown,20707,-0.0025791721661874837,-0.6690478640542146,9.307710491628686
GBPUSD,GBP,USD,欧州 15-21JST,12,Q10,3096,-0.00303868672871293,-0.1472958966498258,3.7218203112501014
GBPUSD,GBP,USD,欧州 15-21JST,12,Q10+ac>0,1236,-0.01089185605840053,-0.47153638489060323,2.466169476265886
GBPUSD,GBP,USD,欧州 15-21JST,12,Q10+ac<0,1860,0.0021798709548859273,0.19404014668348968,4.780585580408241
GBPUSD,GBP,USD,欧州 15-21JST,24,全BreakDown,20707,-0.005162461521059099,-0.2013804754062223,7.300455556937944
GBPUSD,GBP,USD,欧州 15-21JST,24,Q10,3096,-0.004042991682365596,0.783350379988465,8.794867545461791
GBPUSD,GBP,USD,欧州 15-21JST,24,Q10+ac>0,1236,-0.01321279614313982,0.01980677314818108,4.962099533032399
GBPUSD,GBP,USD,欧州 15-21JST,24,Q10+ac<0,1860,0.002050491281890819,1.3334000720601176,11.48276367335431
GBPUSD,GBP,USD,NY   21-03JST,1,全BreakDown,20430,9.66833865815769e-06,-0.10893011109830142,33.815373381641216
GBPUSD,GBP,USD,NY   21-03JST,1,Q10,4225,3.3585128202597834e-05,-0.11544469772065688,3.6383886110097396
GBPUSD,GBP,USD,NY   21-03JST,1,Q10+ac>0,1507,0.00023792643247750816,0.1017145296574223,3.3096859169951385
GBPUSD,GBP,USD,NY   21-03JST,1,Q10+ac<0,2718,-7.971227633834739e-05,-0.2181153865540381,3.762733448078648
GBPUSD,GBP,USD,NY   21-03JST,3,全BreakDown,20430,0.0003290795113451854,0.11483039715336905,24.252367239041952
GBPUSD,GBP,USD,NY   21-03JST,3,Q10,4225,0.0009868667167542398,-0.22401216712809302,6.582629197807099
GBPUSD,GBP,USD,NY   21-03JST,3,Q10+ac>0,1507,-0.0002808663198010368,-0.19045170947540693,2.075362246289118
GBPUSD,GBP,USD,NY   21-03JST,3,Q10+ac<0,2718,0.0016897635843365808,-0.2409239154537977,8.087925624707578
GBPUSD,GBP,USD,NY   21-03JST,6,全BreakDown,20430,5.73462796707453e-05,0.09582288100581896,16.17208532399708
GBPUSD,GBP,USD,NY   21-03JST,6,Q10,4225,0.0013779004113847605,0.08461379739846214,5.39767656030209
GBPUSD,GBP,USD,NY   21-03JST,6,Q10+ac>0,1507,-0.0033774647661811044,-0.2820715096033924,2.920725556030738
GBPUSD,GBP,USD,NY   21-03JST,6,Q10+ac<0,2718,0.004014521207040299,0.24314112745930352,6.375081774458762
GBPUSD,GBP,USD,NY   21-03JST,12,全BreakDown,20430,0.00017713001780266996,0.2315251843472046,11.162446729303978
GBPUSD,GBP,USD,NY   21-03JST,12,Q10,4225,0.0018927604252240691,0.7147112545153473,8.45563154794562
GBPUSD,GBP,USD,NY   21-03JST,12,Q10+ac>0,1507,-0.006515532734239471,0.7389452258006092,8.960146750384569
GBPUSD,GBP,USD,NY   21-03JST,12,Q10+ac<0,2718,0.006554753725927364,0.7010166133325252,8.22366677683629
GBPUSD,GBP,USD,NY   21-03JST,24,全BreakDown,20430,0.0005615684679375136,0.5207435127816191,8.29669707526552
GBPUSD,GBP,USD,NY   21-03JST,24,Q10,4225,0.005288012009496188,0.7431944222466135,8.223567960426704
GBPUSD,GBP,USD,NY   21-03JST,24,Q10+ac>0,1507,-0.0005707031023614049,1.0128239549089262,12.878640052372289
GBPUSD,GBP,USD,NY   21-03JST,24,Q10+ac<0,2718,0.008536387165334816,0.620055185664975,6.32724009604558
GBPUSD,GBP,USD,深夜 03-09JST,1,全BreakDown,18750,0.0004474061447759425,1.6182634928907773,65.76389152417099
GBPUSD,GBP,USD,深夜 03-09JST,1,Q10,1383,3.679425752401681e-05,-0.5222556880790988,6.260198178887313
GBPUSD,GBP,USD,深夜 03-09JST,1,Q10+ac>0,457,5.6573427110563255e-05,-0.9938263305302169,5.00174169514897
GBPUSD,GBP,USD,深夜 03-09JST,1,Q10+ac<0,926,2.7032831496962685e-05,-0.19469913987847318,7.040829034090434
GBPUSD,GBP,USD,深夜 03-09JST,3,全BreakDown,18748,0.0008433546145874091,2.050305393805527,166.45042078392055
GBPUSD,GBP,USD,深夜 03-09JST,3,Q10,1383,0.0011973959506125325,8.257707905553154,189.93146067233204
GBPUSD,GBP,USD,深夜 03-09JST,3,Q10+ac>0,457,0.004495806990482868,9.90027974028347,164.08830571717002
GBPUSD,GBP,USD,深夜 03-09JST,3,Q10+ac<0,926,-0.0004304375755437781,-0.17712853528154734,5.265304543081211
GBPUSD,GBP,USD,深夜 03-09JST,6,全BreakDown,18746,0.001027754210647099,0.013097762826025972,104.03722659222063
GBPUSD,GBP,USD,深夜 03-09JST,6,Q10,1383,0.0007405723424290557,3.9586668186952503,76.60159856322984
GBPUSD,GBP,USD,深夜 03-09JST,6,Q10+ac>0,457,0.003764909030087477,5.743662091922553,85.06763543253119
GBPUSD,GBP,USD,深夜 03-09JST,6,Q10+ac<0,926,-0.0007519998673548525,-0.03261778022550803,3.359040584243856
GBPUSD,GBP,USD,深夜 03-09JST,12,全BreakDown,18743,0.0016167145630442729,-0.11176624167604704,72.05982127554869
GBPUSD,GBP,USD,深夜 03-09JST,12,Q10,1383,0.0007739327277305805,2.1467384514914714,37.32801556467704
GBPUSD,GBP,USD,深夜 03-09JST,12,Q10+ac>0,457,0.002628249376733178,2.9744213078952337,45.60420137123379
GBPUSD,GBP,USD,深夜 03-09JST,12,Q10+ac<0,926,-0.00014121058608603508,0.7381392756758415,7.316400923840474
GBPUSD,GBP,USD,深夜 03-09JST,24,全BreakDown,18739,0.0019998303131997775,0.5328334495183207,53.80170658543299
GBPUSD,GBP,USD,深夜 03-09JST,24,Q10,1383,0.003076827876964354,2.182553672457976,34.35110888483762
GBPUSD,GBP,USD,深夜 03-09JST,24,Q10+ac>0,457,0.008500017382017909,4.371303038497439,61.013908133618784
GBPUSD,GBP,USD,深夜 03-09JST,24,Q10+ac<0,926,0.0004003725812737742,0.23171419377221203,3.8696101791069077
AUDUSD,AUD,USD,東京 09-15JST,1,全BreakDown,19994,-8.877850094564348e-05,0.17301527996409724,22.161974567939016
AUDUSD,AUD,USD,東京 09-15JST,1,Q10,2169,0.000837193046551882,-0.6878236324546547,6.670859247007188
AUDUSD,AUD,USD,東京 09-15JST,1,Q10+ac>0,858,0.00178798377271994,-0.7980567895350401,6.109539074023081
AUDUSD,AUD,USD,東京 09-15JST,1,Q10+ac<0,1311,0.00021493641569589875,-0.6110893260136988,7.090578661242592
AUDUSD,AUD,USD,東京 09-15JST,3,全BreakDown,19994,0.0006983654906914964,0.8910442741553124,62.011420052319096
AUDUSD,AUD,USD,東京 09-15JST,3,Q10,2169,0.0031477887444461114,-3.7292738520723496,72.25976581892415
AUDUSD,AUD,USD,東京 09-15JST,3,Q10+ac>0,858,0.006253872875116654,-6.378641861389379,112.09889161379893
AUDUSD,AUD,USD,東京 09-15JST,3,Q10+ac<0,1311,0.0011149739586983416,-0.3609057246117228,4.404587021535138
AUDUSD,AUD,USD,東京 09-15JST,6,全BreakDown,19994,0.0011966880657228042,0.5911232736364002,27.480957498162685
AUDUSD,AUD,USD,東京 09-15JST,6,Q10,2169,0.005791598798574494,-2.2602469203669484,32.00682982796932
AUDUSD,AUD,USD,東京 09-15JST,6,Q10+ac>0,858,0.012212076888674052,-3.590922039073199,43.79944327196114
AUDUSD,AUD,USD,東京 09-15JST,6,Q10+ac<0,1311,0.0015896383094017876,-0.20547966398340511,2.662819068917691
AUDUSD,AUD,USD,東京 09-15JST,12,全BreakDown,19994,0.0030283191048644264,0.3093903587639399,15.939896635991783
AUDUSD,AUD,USD,東京 09-15JST,12,Q10,2169,0.0033219079926234134,-2.1098375956275865,19.497968989585395
AUDUSD,AUD,USD,東京 09-15JST,12,Q10+ac>0,858,0.015275600156267388,-1.7866266481374398,15.768353791094224
AUDUSD,AUD,USD,東京 09-15JST,12,Q10+ac<0,1311,-0.004501332187701933,-2.3721967583284376,22.425536265365807
AUDUSD,AUD,USD,東京 09-15JST,24,全BreakDown,19994,0.004082013880123437,-0.0307906432215977,10.493540529410561
AUDUSD,AUD,USD,東京 09-15JST,24,Q10,2169,0.0031080998476327114,-1.163954976495069,9.346316952548586
AUDUSD,AUD,USD,東京 09-15JST,24,Q10+ac>0,858,0.019217175175516518,-0.7593246341467276,7.4209129448918105
AUDUSD,AUD,USD,東京 09-15JST,24,Q10+ac<0,1311,-0.00743468171706928,-1.4749851879690548,10.750573072582819
AUDUSD,AUD,USD,欧州 15-21JST,1,全BreakDown,20406,0.00012677490902057912,-0.09334840185982982,2.776675706968623
AUDUSD,AUD,USD,欧州 15-21JST,1,Q10,2636,0.0006718127159861872,-0.051477475256398675,2.036200339965733
AUDUSD,AUD,USD,欧州 15-21JST,1,Q10+ac>0,945,-0.0004400877868984374,-0.30048825864376444,0.6786230684170538
AUDUSD,AUD,USD,欧州 15-21JST,1,Q10+ac<0,1691,0.0012931882187809658,0.0622940604785545,2.609441611717898
AUDUSD,AUD,USD,欧州 15-21JST,3,全BreakDown,20406,0.00012055633152501243,-13.759958911579137,880.1186306714746
AUDUSD,AUD,USD,欧州 15-21JST,3,Q10,2636,0.002200346288842893,0.06313862134540325,2.645859215765749
AUDUSD,AUD,USD,欧州 15-21JST,3,Q10+ac>0,945,-0.001409730584598153,-0.4017242429345987,1.89852742700005
AUDUSD,AUD,USD,欧州 15-21JST,3,Q10+ac<0,1691,0.004217804979204683,0.31493601558069406,2.986825560435597
AUDUSD,AUD,USD,欧州 15-21JST,6,全BreakDown,20406,-0.0007411894336144393,-14.848289709753486,621.0405838126976
AUDUSD,AUD,USD,欧州 15-21JST,6,Q10,2636,0.004397908489673763,0.41659078425328144,6.563047755922941
AUDUSD,AUD,USD,欧州 15-21JST,6,Q10+ac>0,945,-0.005433185620149686,-0.3515316407078781,1.4664388801988535
AUDUSD,AUD,USD,欧州 15-21JST,6,Q10+ac<0,1691,0.009891926191497038,0.8187881349537682,9.047748093588067
AUDUSD,AUD,USD,欧州 15-21JST,12,全BreakDown,20406,-0.0028134909042498444,-6.9537008025373295,209.14786861859804
AUDUSD,AUD,USD,欧州 15-21JST,12,Q10,2636,0.002454578232365272,0.12363705858575909,4.178591142062798
AUDUSD,AUD,USD,欧州 15-21JST,12,Q10+ac>0,945,-0.0066881778053045566,-0.42694321280623826,1.51863683748374
AUDUSD,AUD,USD,欧州 15-21JST,12,Q10+ac<0,1691,0.007563924450932978,0.5506100915054073,6.110974267499072
AUDUSD,AUD,USD,欧州 15-21JST,24,全BreakDown,20406,-0.006638381541059843,-3.6719690563760827,77.50685072123973
AUDUSD,AUD,USD,欧州 15-21JST,24,Q10,2636,-0.009893822726057785,0.32309903229701714,10.447127122885682
AUDUSD,AUD,USD,欧州 15-21JST,24,Q10+ac>0,945,-0.021710906976207346,0.1320395903852423,5.910850657638779
AUDUSD,AUD,USD,欧州 15-21JST,24,Q10+ac<0,1691,-0.0032899524620770984,0.4829831405715239,13.968429226377758
AUDUSD,AUD,USD,NY   21-03JST,1,全BreakDown,20555,0.0001695069285865282,1.824973613840805,85.92361255594784
AUDUSD,AUD,USD,NY   21-03JST,1,Q10,4048,0.0003041257069035326,0.23348565907157062,6.627534026985332
AUDUSD,AUD,USD,NY   21-03JST,1,Q10+ac>0,1497,-4.4554839530258565e-05,0.8500656576244171,8.518087373657295
AUDUSD,AUD,USD,NY   21-03JST,1,Q10+ac<0,2551,0.0005087414568099946,-0.13949047111600305,5.484434387505075
AUDUSD,AUD,USD,NY   21-03JST,3,全BreakDown,20555,0.0006892910377789569,0.5738262033677359,27.63761842042624
AUDUSD,AUD,USD,NY   21-03JST,3,Q10,4048,0.0005256487847869618,0.09586460245111053,3.5625334605278276
AUDUSD,AUD,USD,NY   21-03JST,3,Q10+ac>0,1497,-0.0002590105260834371,0.35411356492166446,2.4805540713986476
AUDUSD,AUD,USD,NY   21-03JST,3,Q10+ac<0,2551,0.0009861093839139655,-0.05377771378524723,4.193865252024237
AUDUSD,AUD,USD,NY   21-03JST,6,全BreakDown,20555,-0.0005250498770022466,0.4608044408584066,15.525826455337313
AUDUSD,AUD,USD,NY   21-03JST,6,Q10,4048,0.0015953241440180089,0.4605395956092537,3.790003198990992
AUDUSD,AUD,USD,NY   21-03JST,6,Q10+ac>0,1497,0.0035135675029258446,0.5873586140481816,5.601292950775711
AUDUSD,AUD,USD,NY   21-03JST,6,Q10+ac<0,2551,0.0004696438977283068,0.40112213775082645,2.929217901238559
AUDUSD,AUD,USD,NY   21-03JST,12,全BreakDown,20555,-0.0018275824234695141,0.2887033635676104,9.12904245189079
AUDUSD,AUD,USD,NY   21-03JST,12,Q10,4048,-0.002078230790391672,0.7832501458716726,6.427968550875688
AUDUSD,AUD,USD,NY   21-03JST,12,Q10+ac>0,1497,-0.005976387212045991,1.6048467114729712,12.90432849997054
AUDUSD,AUD,USD,NY   21-03JST,12,Q10+ac<0,2551,0.00020931925398955486,0.2268305323353418,1.838389100596558
AUDUSD,AUD,USD,NY   21-03JST,24,全BreakDown,20555,-0.005290210141364144,0.44731465163736517,7.3438995681031844
AUDUSD,AUD,USD,NY   21-03JST,24,Q10,4048,0.0008965833675693816,0.7895156285850756,5.665925659361884
AUDUSD,AUD,USD,NY   21-03JST,24,Q10+ac>0,1497,-0.004026391491587178,1.4623971029700518,9.347623594436186
AUDUSD,AUD,USD,NY   21-03JST,24,Q10+ac<0,2551,0.0037855262778623525,0.2206186593344287,1.9767984162620165
AUDUSD,AUD,USD,深夜 03-09JST,1,全BreakDown,18738,0.0006530395615052327,0.18067334037420052,45.27757085540949
AUDUSD,AUD,USD,深夜 03-09JST,1,Q10,1257,-3.859980348062909e-05,2.007429836140754,39.14079673478334
AUDUSD,AUD,USD,深夜 03-09JST,1,Q10+ac>0,508,-0.001411609594593032,-0.4774226600701334,2.989494210952291
AUDUSD,AUD,USD,深夜 03-09JST,1,Q10+ac<0,749,0.0008926271309454064,3.002784580088394,50.40891852088481
AUDUSD,AUD,USD,深夜 03-09JST,3,全BreakDown,18737,0.0014133377982891455,0.274256242630536,72.37102401630253
AUDUSD,AUD,USD,深夜 03-09JST,3,Q10,1257,0.00294040221905027,0.6642810724915376,16.170308559691414
AUDUSD,AUD,USD,深夜 03-09JST,3,Q10+ac>0,508,-0.001584592353051968,-0.3286698519716201,2.2019197884768564
AUDUSD,AUD,USD,深夜 03-09JST,3,Q10+ac<0,749,0.006009423904801855,0.9876588631544992,19.435717970592275
AUDUSD,AUD,USD,深夜 03-09JST,6,全BreakDown,18736,0.0010248103601935388,-0.25839588278986264,83.44440786132787
AUDUSD,AUD,USD,深夜 03-09JST,6,Q10,1257,0.0044786074562780925,3.0389198411110874,56.19123452270451
AUDUSD,AUD,USD,深夜 03-09JST,6,Q10+ac>0,508,0.0002900614902417154,5.663266745540344,86.91205675143222
AUDUSD,AUD,USD,深夜 03-09JST,6,Q10+ac<0,749,0.00731943703003841,0.06092949454087678,12.65518657084389
AUDUSD,AUD,USD,深夜 03-09JST,12,全BreakDown,18732,9.00242844059167e-05,-0.830047388999841,49.511469309473654
AUDUSD,AUD,USD,深夜 03-09JST,12,Q10,1257,0.0060010574351957195,1.172701798196386,21.61047820124144
AUDUSD,AUD,USD,深夜 03-09JST,12,Q10+ac>0,508,-0.0019881791540140416,0.8388361102416989,25.45202599274702
AUDUSD,AUD,USD,深夜 03-09JST,12,Q10+ac<0,749,0.011419658486355348,1.5441969307256154,15.891584873257155
AUDUSD,AUD,USD,深夜 03-09JST,24,全BreakDown,18726,0.0025348139607060094,-0.1404164354560348,24.312136449691888
AUDUSD,AUD,USD,深夜 03-09JST,24,Q10,1257,0.002831351067659297,-0.12896244201032822,14.487692871043794
AUDUSD,AUD,USD,深夜 03-09JST,24,Q10+ac>0,508,0.003435399077540641,1.1706147552649917,18.499321786508478
AUDUSD,AUD,USD,深夜 03-09JST,24,Q10+ac<0,749,0.0024216629648292345,-0.6151177195826082,12.494947303877046
NZDUSD,NZD,USD,東京 09-15JST,1,全BreakDown,20012,9.248198061779086e-05,-0.1562896911284548,67.52371974275907
NZDUSD,NZD,USD,東京 09-15JST,1,Q10,2154,0.0023343269102506854,2.9408460266761454,55.38690073171253
NZDUSD,NZD,USD,東京 09-15JST,1,Q10+ac>0,745,0.002812871141551481,-0.10745679867859179,1.6619040468905544
NZDUSD,NZD,USD,東京 09-15JST,1,Q10+ac<0,1409,0.002081299619747426,3.9933815665441306,70.81315439820258
NZDUSD,NZD,USD,東京 09-15JST,3,全BreakDown,20012,0.00014367302718453246,0.6862535055396792,48.98904936546637
NZDUSD,NZD,USD,東京 09-15JST,3,Q10,2154,0.007284025245337323,5.03166993074888,73.48464186894836
NZDUSD,NZD,USD,東京 09-15JST,3,Q10+ac>0,745,0.015176009162833015,6.912589303430884,90.73237459056662
NZDUSD,NZD,USD,東京 09-15JST,3,Q10+ac<0,1409,0.0031111877587977252,2.3286759773182375,28.4962162160495
NZDUSD,NZD,USD,東京 09-15JST,6,全BreakDown,20012,0.0003529248191557452,0.7152344989353973,21.435155161439106
NZDUSD,NZD,USD,東京 09-15JST,6,Q10,2154,0.009674908608779724,3.0812959414290697,31.561516190425692
NZDUSD,NZD,USD,東京 09-15JST,6,Q10+ac>0,745,0.02049931281428188,4.961756283642987,50.31012334195205
NZDUSD,NZD,USD,東京 09-15JST,6,Q10+ac<0,1409,0.003951572105515631,1.4009459045493213,10.254995732590494
NZDUSD,NZD,USD,東京 09-15JST,12,全BreakDown,20012,0.0014833677354733586,0.3147775770618922,10.67787181647106
NZDUSD,NZD,USD,東京 09-15JST,12,Q10,2154,0.0174690060552398,1.6282633669325643,11.19550709790187
NZDUSD,NZD,USD,東京 09-15JST,12,Q10+ac>0,745,0.0257311462427345,3.0458485166944413,25.276196917356785
NZDUSD,NZD,USD,東京 09-15JST,12,Q10+ac<0,1409,0.01310045073963756,1.0041953149540133,5.057668711482524
NZDUSD,NZD,USD,東京 09-15JST,24,全BreakDown,20012,0.0008572304744809354,-0.6485325984432048,13.325544640042587
NZDUSD,NZD,USD,東京 09-15JST,24,Q10,2154,0.01625126781076541,0.9522330010130535,5.1338915224451735
NZDUSD,NZD,USD,東京 09-15JST,24,Q10+ac>0,745,0.01991003253699296,1.694193537621854,9.419254473473806
NZDUSD,NZD,USD,東京 09-15JST,24,Q10+ac<0,1409,0.014316718682987178,0.5680576755771598,2.888561512404446
NZDUSD,NZD,USD,欧州 15-21JST,1,全BreakDown,20464,-0.00013486878026858855,-0.11563538757006667,2.373141246931242
NZDUSD,NZD,USD,欧州 15-21JST,1,Q10,2550,-0.00025484463077086864,-0.28514643176928567,2.5670693783886724
NZDUSD,NZD,USD,欧州 15-21JST,1,Q10+ac>0,930,-0.0006497678499925965,-0.4113828857755666,2.3049215421632656
NZDUSD,NZD,USD,欧州 15-21JST,1,Q10+ac<0,1620,-2.8129449365802375e-05,-0.21467902041611778,2.7089768751619685
NZDUSD,NZD,USD,欧州 15-21JST,3,全BreakDown,20464,-2.9779988438481137e-05,-2.60478067065661,74.75762938479637
NZDUSD,NZD,USD,欧州 15-21JST,3,Q10,2550,0.0018020224456000928,-0.404600296263349,4.297855158707857
NZDUSD,NZD,USD,欧州 15-21JST,3,Q10+ac>0,930,0.0015574443505480514,-0.5785322065823884,7.837873987994726
NZDUSD,NZD,USD,欧州 15-21JST,3,Q10+ac<0,1620,0.0019424283890558936,-0.27860115359380644,1.5212845406790105
NZDUSD,NZD,USD,欧州 15-21JST,6,全BreakDown,20464,-0.0007777901362530501,-3.5390017719626163,78.50224602859402
NZDUSD,NZD,USD,欧州 15-21JST,6,Q10,2550,0.003192005210595442,-0.5371593735987694,6.620586987127135
NZDUSD,NZD,USD,欧州 15-21JST,6,Q10+ac>0,930,0.0014142457933427205,-0.6104139250765881,9.063372827912438
NZDUSD,NZD,USD,欧州 15-21JST,6,Q10+ac<0,1620,0.004212570801981261,-0.4606204377503908,3.921870989064418
NZDUSD,NZD,USD,欧州 15-21JST,12,全BreakDown,20464,-0.0028502825041149056,-2.1963564203276364,33.33221657168156
NZDUSD,NZD,USD,欧州 15-21JST,12,Q10,2550,0.0048385415808949945,-0.846523709769766,6.671980200612126
NZDUSD,NZD,USD,欧州 15-21JST,12,Q10+ac>0,930,0.004875119858612762,-0.7393111182144037,7.196626549391473
NZDUSD,NZD,USD,欧州 15-21JST,12,Q10+ac<0,1620,0.004817542939982947,-0.9276724466284993,5.87312740697268
NZDUSD,NZD,USD,欧州 15-21JST,24,全BreakDown,20464,-0.00451271028596508,-0.9869315797867725,13.659498383012622
NZDUSD,NZD,USD,欧州 15-21JST,24,Q10,2550,-0.00023432003920414762,0.017729554432393747,10.558452213563022
NZDUSD,NZD,USD,欧州 15-21JST,24,Q10+ac>0,930,0.002670573872816137,0.022015420285506026,6.780554567839323
NZDUSD,NZD,USD,欧州 15-21JST,24,Q10+ac<0,1620,-0.0019019443220306051,0.015087155915474553,12.762649147517573
NZDUSD,NZD,USD,NY   21-03JST,1,全BreakDown,20548,0.00037822431114337927,1.6045270296910814,67.85665899394395
NZDUSD,NZD,USD,NY   21-03JST,1,Q10,3985,0.0002618604123716661,-0.19673576734746195,4.7589803312413
NZDUSD,NZD,USD,NY   21-03JST,1,Q10+ac>0,1409,0.00033784636812496686,0.029633915274975466,2.690191569262021
NZDUSD,NZD,USD,NY   21-03JST,1,Q10+ac<0,2576,0.00022029821840567206,-0.32620042214643663,5.95588683711177
NZDUSD,NZD,USD,NY   21-03JST,3,全BreakDown,20548,0.0008253658468435928,0.6524090717240776,29.736708915724762
NZDUSD,NZD,USD,NY   21-03JST,3,Q10,3985,0.0016972915385475005,0.7545446583270741,12.42019168183891
NZDUSD,NZD,USD,NY   21-03JST,3,Q10+ac>0,1409,0.0007214667944790964,1.6390660282691119,21.14331422054981
NZDUSD,NZD,USD,NY   21-03JST,3,Q10+ac<0,2576,0.0022310403989482704,0.11546386573180009,5.334531339745528
NZDUSD,NZD,USD,NY   21-03JST,6,全BreakDown,20548,0.0003005793216898768,0.23217166429559963,15.005070020174422
NZDUSD,NZD,USD,NY   21-03JST,6,Q10,3985,0.004820868971325286,0.7123786348591178,6.966128550012007
NZDUSD,NZD,USD,NY   21-03JST,6,Q10+ac>0,1409,0.009686682053086844,1.335084993844761,11.155546707080257
NZDUSD,NZD,USD,NY   21-03JST,6,Q10+ac<0,2576,0.002159405216588472,0.33885427237476284,4.315648554672279
NZDUSD,NZD,USD,NY   21-03JST,12,全BreakDown,20548,-0.00013262729831448343,0.21065829124092064,9.768932480936574
NZDUSD,NZD,USD,NY   21-03JST,12,Q10,3985,0.0087556513979194,0.8973520668981628,6.532168757630469
NZDUSD,NZD,USD,NY   21-03JST,12,Q10+ac>0,1409,0.010562470854382444,1.4751926977377583,11.04157812980678
NZDUSD,NZD,USD,NY   21-03JST,12,Q10+ac<0,2576,0.007767371656399048,0.4829959361320841,2.925334074054998
NZDUSD,NZD,USD,NY   21-03JST,24,全BreakDown,20548,-0.0018197592157960364,0.166257141081516,6.621455412513283
NZDUSD,NZD,USD,NY   21-03JST,24,Q10,3985,0.01860022282802171,0.6170208993861795,3.884395895194725
NZDUSD,NZD,USD,NY   21-03JST,24,Q10+ac>0,1409,0.014987353301752167,0.778726542903881,5.892624041269292
NZDUSD,NZD,USD,NY   21-03JST,24,Q10+ac<0,2576,0.020576361478065887,0.5317561327261419,2.8529040567627684
NZDUSD,NZD,USD,深夜 03-09JST,1,全BreakDown,18809,0.0007318417552813724,0.3877853642745277,42.75856588603483
NZDUSD,NZD,USD,深夜 03-09JST,1,Q10,1431,0.0007690128825484434,2.890674015947162,48.167231000881614
NZDUSD,NZD,USD,深夜 03-09JST,1,Q10+ac>0,546,-0.0009387867547830425,-0.2676972731730917,3.3280967545410043
NZDUSD,NZD,USD,深夜 03-09JST,1,Q10+ac<0,885,0.001822638421512276,4.56220471295797,70.32791052060361
NZDUSD,NZD,USD,深夜 03-09JST,3,全BreakDown,18807,0.0010348819656068853,-1.2339093704488164,78.08346056367338
NZDUSD,NZD,USD,深夜 03-09JST,3,Q10,1431,0.0037139958549708457,0.627500506580073,13.939482436096139
NZDUSD,NZD,USD,深夜 03-09JST,3,Q10+ac>0,546,-0.0010993782007956588,-0.6989018235572123,6.383786166609266
NZDUSD,NZD,USD,深夜 03-09JST,3,Q10+ac<0,885,0.006683602899545434,1.768884169534345,20.346430559470495
NZDUSD,NZD,USD,深夜 03-09JST,6,全BreakDown,18805,0.0008437690965733412,-0.5190810357402996,50.8763886067957
NZDUSD,NZD,USD,深夜 03-09JST,6,Q10,1431,0.004340549526425799,-0.011282364625154983,9.715850703049455
NZDUSD,NZD,USD,深夜 03-09JST,6,Q10+ac>0,546,-0.0050995310183901375,-1.389306862197424,4.9655064836560605
NZDUSD,NZD,USD,深夜 03-09JST,6,Q10+ac<0,885,0.010164599218481734,1.4457764704915972,13.98407434177102
NZDUSD,NZD,USD,深夜 03-09JST,12,全BreakDown,18804,-0.000906209472546136,-1.0984255193638206,31.67438992533308
NZDUSD,NZD,USD,深夜 03-09JST,12,Q10,1431,0.0018402045379974502,0.18555390269423405,11.79714441501542
NZDUSD,NZD,USD,深夜 03-09JST,12,Q10+ac>0,546,-0.004444056563993775,-1.1596470184713326,4.421942605918306
NZDUSD,NZD,USD,深夜 03-09JST,12,Q10+ac<0,885,0.005717274099225937,1.4979551337034749,19.011519404150707
NZDUSD,NZD,USD,深夜 03-09JST,24,全BreakDown,18798,-0.0012901061026603005,-0.4106859182249801,15.444428066696336
NZDUSD,NZD,USD,深夜 03-09JST,24,Q10,1431,-0.005332692344249042,-0.21159464369406714,9.067701891993503
NZDUSD,NZD,USD,深夜 03-09JST,24,Q10+ac>0,546,-0.009631396200791231,-0.9297986242446717,4.448566900655471
NZDUSD,NZD,USD,深夜 03-09JST,24,Q10+ac<0,885,-0.002680610642924711,0.19156705055165077,11.538903623022188
EURGBP,EUR,GBP,東京 09-15JST,1,全BreakDown,19892,0.00046217825490768794,2.2311514353422472,66.39698891656218
EURGBP,EUR,GBP,東京 09-15JST,1,Q10,959,0.0013980418819647651,0.006439292209190074,6.8425817162627585
EURGBP,EUR,GBP,東京 09-15JST,1,Q10+ac>0,298,0.0026591552078031933,-0.049401738112005315,1.7805075974728144
EURGBP,EUR,GBP,東京 09-15JST,1,Q10+ac<0,661,0.0008294915474717974,0.046909498801473395,7.889531225236535
EURGBP,EUR,GBP,東京 09-15JST,3,全BreakDown,19892,0.000563605847160728,0.7481501606434445,71.04051653120901
EURGBP,EUR,GBP,東京 09-15JST,3,Q10,959,0.0022271568592324834,-0.6194247993988395,6.243134281879456
EURGBP,EUR,GBP,東京 09-15JST,3,Q10+ac>0,298,0.0059776064427033305,-0.387424747844019,7.15863948221517
EURGBP,EUR,GBP,東京 09-15JST,3,Q10+ac<0,661,0.0005363339002698319,-0.7824418270774806,5.690964333107299
EURGBP,EUR,GBP,東京 09-15JST,6,全BreakDown,19892,0.0007749856462834341,0.6192093867977473,39.65308006656915
EURGBP,EUR,GBP,東京 09-15JST,6,Q10,959,0.0057927335026329435,-0.3866851736287088,7.6254596470785
EURGBP,EUR,GBP,東京 09-15JST,6,Q10+ac>0,298,0.009157004384774525,0.852833243012606,7.18660268996158
EURGBP,EUR,GBP,東京 09-15JST,6,Q10+ac<0,661,0.004276012287991201,-0.8633428363745667,7.601562000049675
EURGBP,EUR,GBP,東京 09-15JST,12,全BreakDown,19892,0.0009273676021858908,0.585370655788344,20.436648269178402
EURGBP,EUR,GBP,東京 09-15JST,12,Q10,959,0.006444454296288971,-0.15334787215096143,3.3494327321367967
EURGBP,EUR,GBP,東京 09-15JST,12,Q10+ac>0,298,0.009879954838695764,0.5662600304473361,2.9196118457079097
EURGBP,EUR,GBP,東京 09-15JST,12,Q10+ac<0,661,0.004895620466278041,-0.49446297664949457,3.454590857760783
EURGBP,EUR,GBP,東京 09-15JST,24,全BreakDown,19892,0.0024990399983984934,0.8621654899333491,11.667057796753415
EURGBP,EUR,GBP,東京 09-15JST,24,Q10,959,0.006147613829416616,0.5788770984123773,4.54512220903248
EURGBP,EUR,GBP,東京 09-15JST,24,Q10+ac>0,298,0.015314563134016801,0.8581054416315954,3.727900855958845
EURGBP,EUR,GBP,東京 09-15JST,24,Q10+ac<0,661,0.002014859074846488,0.24772175321101825,4.5377066110761595
EURGBP,EUR,GBP,欧州 15-21JST,1,全BreakDown,20663,0.00020522444669622282,0.17584206341921987,31.035570973817343
EURGBP,EUR,GBP,欧州 15-21JST,1,Q10,3493,0.0005482003363103896,1.150035105269395,51.09480113284439
EURGBP,EUR,GBP,欧州 15-21JST,1,Q10+ac>0,1276,0.0019230817526282693,4.320201691172323,71.72943343704742
EURGBP,EUR,GBP,欧州 15-21JST,1,Q10+ac<0,2217,-0.00024311616672146206,-1.8295320970298472,25.30015644625544
EURGBP,EUR,GBP,欧州 15-21JST,3,全BreakDown,20663,0.0008920246708596395,-0.35116475228657074,24.54093823321026
EURGBP,EUR,GBP,欧州 15-21JST,3,Q10,3493,0.002164382820292265,0.7627190918114976,20.638740347133385
EURGBP,EUR,GBP,欧州 15-21JST,3,Q10+ac>0,1276,0.0037708418536416123,2.0977122890541056,28.92646862114129
EURGBP,EUR,GBP,欧州 15-21JST,3,Q10+ac<0,2217,0.001239781229604955,-0.2420753307385837,13.46365377679533
EURGBP,EUR,GBP,欧州 15-21JST,6,全BreakDown,20663,0.0021045300498578378,0.09675009350083373,14.272672240859446
EURGBP,EUR,GBP,欧州 15-21JST,6,Q10,3493,0.00505716709423154,0.9964751458898105,12.652628502108675
EURGBP,EUR,GBP,欧州 15-21JST,6,Q10+ac>0,1276,0.0034134542885143645,1.2662948858735554,14.833884420066322
EURGBP,EUR,GBP,欧州 15-21JST,6,Q10+ac<0,2217,0.006003210188545979,0.7673781006367754,10.107278679114687
EURGBP,EUR,GBP,欧州 15-21JST,12,全BreakDown,20663,0.0026907750730715187,0.15817177285336909,8.400273988124987
EURGBP,EUR,GBP,欧州 15-21JST,12,Q10,3493,0.006475721601137479,0.9853193291939745,8.806455087694246
EURGBP,EUR,GBP,欧州 15-21JST,12,Q10+ac>0,1276,0.002737597359049982,0.5089445118259341,6.647080413157749
EURGBP,EUR,GBP,欧州 15-21JST,12,Q10+ac<0,2217,0.008627208535239255,1.3099169635504786,10.23953756346883
EURGBP,EUR,GBP,欧州 15-21JST,24,全BreakDown,20663,0.002047132545452922,0.01142953786546801,4.707030516555136
EURGBP,EUR,GBP,欧州 15-21JST,24,Q10,3493,0.004678231986024265,0.21616012068176813,3.878756849261551
EURGBP,EUR,GBP,欧州 15-21JST,24,Q10+ac>0,1276,0.002789769980786231,0.074395098574655,3.847890843562551
EURGBP,EUR,GBP,欧州 15-21JST,24,Q10+ac<0,2217,0.005765141105863568,0.2824556670329844,3.8588291697438546
EURGBP,EUR,GBP,NY   21-03JST,1,全BreakDown,20619,0.00021479785724315967,0.20190781934078575,8.218052121966226
EURGBP,EUR,GBP,NY   21-03JST,1,Q10,4291,0.0018733971642807456,0.5800170288352394,12.513481814505136
EURGBP,EUR,GBP,NY   21-03JST,1,Q10+ac>0,1477,0.0024656176448519603,1.369787613845389,23.94013671204424
EURGBP,EUR,GBP,NY   21-03JST,1,Q10+ac<0,2814,0.0015625550712446102,0.005358569090344755,3.121641606500706
EURGBP,EUR,GBP,NY   21-03JST,3,全BreakDown,20619,0.00025941660020174843,0.018730613030001016,13.277423954644284
EURGBP,EUR,GBP,NY   21-03JST,3,Q10,4291,0.004106232539856422,0.8266047867255747,10.538386942731337
EURGBP,EUR,GBP,NY   21-03JST,3,Q10+ac>0,1477,0.0045886339677659645,0.9809057765541419,8.225035399076832
EURGBP,EUR,GBP,NY   21-03JST,3,Q10+ac<0,2814,0.0038530317903815144,0.7368843114794167,11.8833397644026
EURGBP,EUR,GBP,NY   21-03JST,6,全BreakDown,20619,-0.00038027242312092645,0.34034713159811775,11.080112107043023
EURGBP,EUR,GBP,NY   21-03JST,6,Q10,4291,0.004952826220789882,1.2396171426716316,14.157273853150723
EURGBP,EUR,GBP,NY   21-03JST,6,Q10+ac>0,1477,0.005168874143027554,0.716465678492965,3.327999054320915
EURGBP,EUR,GBP,NY   21-03JST,6,Q10+ac<0,2814,0.004839427933247223,1.4854737622968337,19.05128932603185
EURGBP,EUR,GBP,NY   21-03JST,12,全BreakDown,20619,-0.0017332885996710274,0.541547899258574,13.11832315676281
EURGBP,EUR,GBP,NY   21-03JST,12,Q10,4291,0.0038816611454754657,1.304475538017051,15.452706975250639
EURGBP,EUR,GBP,NY   21-03JST,12,Q10+ac>0,1477,0.007651236032780904,0.35083912206188633,2.462543459175703
EURGBP,EUR,GBP,NY   21-03JST,12,Q10+ac<0,2814,0.0019031031822380345,1.7828998574782529,21.93985201163962
EURGBP,EUR,GBP,NY   21-03JST,24,全BreakDown,20619,-0.004721586012607676,0.6659875575227905,8.28905780078935
EURGBP,EUR,GBP,NY   21-03JST,24,Q10,4291,0.00064050414999016,1.4413427392323528,13.456223709725926
EURGBP,EUR,GBP,NY   21-03JST,24,Q10+ac>0,1477,0.005009021695749782,0.7404684575208005,6.467477727285663
EURGBP,EUR,GBP,NY   21-03JST,24,Q10+ac<0,2814,-0.00165242421358019,1.8026308565662004,17.097892469949674
EURGBP,EUR,GBP,深夜 03-09JST,1,全BreakDown,19064,0.0007768149314311857,-0.4505790134757144,14.211001322470963
EURGBP,EUR,GBP,深夜 03-09JST,1,Q10,996,0.0022810684280020537,0.08961101627691198,3.2780947822763755
EURGBP,EUR,GBP,深夜 03-09JST,1,Q10+ac>0,311,0.0019324002432481357,0.11047083080858877,2.4613506136451075
EURGBP,EUR,GBP,深夜 03-09JST,1,Q10+ac<0,685,0.0024393688739268254,0.08045874825404185,3.6765419685987624
EURGBP,EUR,GBP,深夜 03-09JST,3,全BreakDown,19063,0.0015751592799330642,3.2303792075954068,166.8763852255427
EURGBP,EUR,GBP,深夜 03-09JST,3,Q10,996,0.004166698623594099,0.26000912321082326,5.051887028395873
EURGBP,EUR,GBP,深夜 03-09JST,3,Q10+ac>0,311,0.005423499832449876,1.134217775527544,10.326924754989035
EURGBP,EUR,GBP,深夜 03-09JST,3,Q10+ac<0,685,0.003596092527310674,-0.13923715937476072,2.561749724715357
EURGBP,EUR,GBP,深夜 03-09JST,6,全BreakDown,19062,0.0019584835465629633,1.9917269412731222,107.51642761408351
EURGBP,EUR,GBP,深夜 03-09JST,6,Q10,996,0.006276852277530302,0.09245895243439861,4.720344468229261
EURGBP,EUR,GBP,深夜 03-09JST,6,Q10+ac>0,311,0.009665521440075408,0.7718707771370418,4.941675554087499
EURGBP,EUR,GBP,深夜 03-09JST,6,Q10+ac<0,685,0.004738347008112015,-0.21817058905747236,4.515902062322637
EURGBP,EUR,GBP,深夜 03-09JST,12,全BreakDown,19062,0.0030140897516712536,1.97497290493104,65.75751829652482
EURGBP,EUR,GBP,深夜 03-09JST,12,Q10,996,0.009146924172255875,0.036059149462454386,3.897044131784705
EURGBP,EUR,GBP,深夜 03-09JST,12,Q10+ac>0,311,0.011610287282018062,0.8478496908444548,4.347317499296455
EURGBP,EUR,GBP,深夜 03-09JST,12,Q10+ac<0,685,0.008028521358918591,-0.23492040118091415,3.635785717794853
EURGBP,EUR,GBP,深夜 03-09JST,24,全BreakDown,19055,0.004023991339177891,1.4706383588945922,34.293192641889505
EURGBP,EUR,GBP,深夜 03-09JST,24,Q10,996,0.01193994386718939,0.3086727897732529,1.2730527264379559
EURGBP,EUR,GBP,深夜 03-09JST,24,Q10+ac>0,311,0.016620653183800765,0.20959111920102197,1.2316777289030796
EURGBP,EUR,GBP,深夜 03-09JST,24,Q10+ac<0,685,0.009814833505924957,0.35751774485058324,1.292725438592882
EURAUD,EUR,AUD,東京 09-15JST,1,全BreakDown,20527,0.00011916251999565348,-1.5364177199724032,59.07316158579581
EURAUD,EUR,AUD,東京 09-15JST,1,Q10,2376,0.0005759382504159139,-0.6680035518332648,9.539332590411847
EURAUD,EUR,AUD,東京 09-15JST,1,Q10+ac>0,922,0.002071941072050377,0.3165164360291561,6.18166568391894
EURAUD,EUR,AUD,東京 09-15JST,1,Q10+ac<0,1454,-0.00037269627609507285,-1.2034825486648817,11.142912395484085
EURAUD,EUR,AUD,東京 09-15JST,3,全BreakDown,20527,0.00040283155658715715,0.5604398096242137,30.335115410269132
EURAUD,EUR,AUD,東京 09-15JST,3,Q10,2376,0.0016857596909109287,-0.15678647770518161,5.11634270475475
EURAUD,EUR,AUD,東京 09-15JST,3,Q10+ac>0,922,0.004460934170257086,0.1850553926658209,4.243744824585482
EURAUD,EUR,AUD,東京 09-15JST,3,Q10+ac<0,1454,-7.401394729894409e-05,-0.334174934058546,5.49945368541381
EURAUD,EUR,AUD,東京 09-15JST,6,全BreakDown,20527,0.00018480793593118468,0.4159497164571825,20.889133774616372
EURAUD,EUR,AUD,東京 09-15JST,6,Q10,2376,0.0004072137409665184,-0.24271879678932387,5.78629646934913
EURAUD,EUR,AUD,東京 09-15JST,6,Q10+ac>0,922,0.006587497520309793,0.37626499866687596,8.337692211268092
EURAUD,EUR,AUD,東京 09-15JST,6,Q10+ac<0,1454,-0.0035117832635413898,-0.6234804679902841,4.111207938156595
EURAUD,EUR,AUD,東京 09-15JST,12,全BreakDown,20527,-0.0013390615078296242,0.09740202316379887,10.526348492797933
EURAUD,EUR,AUD,東京 09-15JST,12,Q10,2376,-0.0018919229758604602,-0.20728166949898194,7.022942619475764
EURAUD,EUR,AUD,東京 09-15JST,12,Q10+ac>0,922,0.0049395248880603915,0.6488529642786565,6.074642331517696
EURAUD,EUR,AUD,東京 09-15JST,12,Q10+ac<0,1454,-0.006223831456283448,-0.7282600296741542,7.444607073332692
EURAUD,EUR,AUD,東京 09-15JST,24,全BreakDown,20527,-0.002477669813680333,0.10293621954458662,5.083623907877346
EURAUD,EUR,AUD,東京 09-15JST,24,Q10,2376,-0.004277780000674973,0.45983524930319536,2.864093968954556
EURAUD,EUR,AUD,東京 09-15JST,24,Q10+ac>0,922,0.006070958525711829,0.9374315709317125,3.961460645710237
EURAUD,EUR,AUD,東京 09-15JST,24,Q10+ac<0,1454,-0.010840047484394802,0.11970035029615518,1.9352149488113097
EURAUD,EUR,AUD,欧州 15-21JST,1,全BreakDown,21013,0.00013562646132805558,-0.15446782122524522,6.7771534700586
EURAUD,EUR,AUD,欧州 15-21JST,1,Q10,3094,-0.00045384463291472596,-0.35455572104080074,11.819307520780201
EURAUD,EUR,AUD,欧州 15-21JST,1,Q10+ac>0,1095,0.00013391543489402096,0.9422564254136477,12.891474296802055
EURAUD,EUR,AUD,欧州 15-21JST,1,Q10+ac<0,1999,-0.0007758042498484818,-1.0048383624655106,11.222546745107543
EURAUD,EUR,AUD,欧州 15-21JST,3,全BreakDown,21013,0.0002177659991666231,-0.11752181239681962,19.1567652298349
EURAUD,EUR,AUD,欧州 15-21JST,3,Q10,3094,-0.00025734312948050053,0.12749568357533625,5.932819850484732
EURAUD,EUR,AUD,欧州 15-21JST,3,Q10+ac>0,1095,0.0018959165899523611,0.9285438220612291,8.025493691365542
EURAUD,EUR,AUD,欧州 15-21JST,3,Q10+ac<0,1999,-0.0014368425755930492,-0.2937239342920641,4.766239346595987
EURAUD,EUR,AUD,欧州 15-21JST,6,全BreakDown,21013,0.00036717552319217136,3.6071228065576917,169.79226407325626
EURAUD,EUR,AUD,欧州 15-21JST,6,Q10,3094,0.0016993854229356887,0.039182403913036984,2.8126734958879673
EURAUD,EUR,AUD,欧州 15-21JST,6,Q10+ac>0,1095,0.0007314220401376466,0.00978578640382947,4.369380958312544
EURAUD,EUR,AUD,欧州 15-21JST,6,Q10+ac<0,1999,0.002229610487549924,0.05726872064297326,1.8725303420013883
EURAUD,EUR,AUD,欧州 15-21JST,12,全BreakDown,21013,0.0010133720817839668,5.30355534272882,157.3140208855467
EURAUD,EUR,AUD,欧州 15-21JST,12,Q10,3094,0.0002586359250593741,0.08988312639396778,3.4869310509236584
EURAUD,EUR,AUD,欧州 15-21JST,12,Q10+ac>0,1095,-0.00030532201924928567,-0.03285291732884144,4.114117919928619
EURAUD,EUR,AUD,欧州 15-21JST,12,Q10+ac<0,1999,0.0005675573602859786,0.1812547323224065,2.8672768935382393
EURAUD,EUR,AUD,欧州 15-21JST,24,全BreakDown,21013,0.0007616915681726502,3.142144917035491,68.38776547256757
EURAUD,EUR,AUD,欧州 15-21JST,24,Q10,3094,0.001487900375848856,2.5131845725373427,50.5459241161591
EURAUD,EUR,AUD,欧州 15-21JST,24,Q10+ac>0,1095,0.009719018541596257,4.464972202146324,77.9010084125409
EURAUD,EUR,AUD,欧州 15-21JST,24,Q10+ac<0,1999,-0.003020891215693618,0.13109232311468053,2.525457633193967
EURAUD,EUR,AUD,NY   21-03JST,1,全BreakDown,20688,0.0006236315475253497,-0.20287171781445631,9.714758763920129
EURAUD,EUR,AUD,NY   21-03JST,1,Q10,3795,0.0008297034910781173,0.06887352914909096,6.038255474887833
EURAUD,EUR,AUD,NY   21-03JST,1,Q10+ac>0,1369,0.0008212325621910661,0.27381760715311854,10.834777532954142
EURAUD,EUR,AUD,NY   21-03JST,1,Q10+ac<0,2426,0.0008344836648812395,-0.04938708534294447,3.2491323718079137
EURAUD,EUR,AUD,NY   21-03JST,3,全BreakDown,20688,0.00025788888907430653,-1.3628693946392045,47.38313340231399
EURAUD,EUR,AUD,NY   21-03JST,3,Q10,3795,0.0001485792650463688,0.880710750021843,10.299286352502602
EURAUD,EUR,AUD,NY   21-03JST,3,Q10+ac>0,1369,-0.0006457267205469896,2.1843609405723674,18.61815992977682
EURAUD,EUR,AUD,NY   21-03JST,3,Q10+ac<0,2426,0.0005968088175102208,0.09618712230258,5.2248022737790425
EURAUD,EUR,AUD,NY   21-03JST,6,全BreakDown,20688,0.00012161823383351332,-1.0384972744022836,25.186741402847584
EURAUD,EUR,AUD,NY   21-03JST,6,Q10,3795,-0.0006242125889971158,0.7230140066170796,5.794270559635471
EURAUD,EUR,AUD,NY   21-03JST,6,Q10+ac>0,1369,-0.004276789632706957,1.1269040829497015,8.952658365900401
EURAUD,EUR,AUD,NY   21-03JST,6,Q10+ac<0,2426,0.0014369489826594264,0.4952932489237105,4.062968981862281
EURAUD,EUR,AUD,NY   21-03JST,12,全BreakDown,20688,0.0007597527042678394,-0.6882591963049972,15.575358914599512
EURAUD,EUR,AUD,NY   21-03JST,12,Q10,3795,0.0004979777308952938,0.40097263898223423,3.4801954516035343
EURAUD,EUR,AUD,NY   21-03JST,12,Q10+ac>0,1369,-0.001538129102626598,0.4158505840324223,3.9861470229393916
EURAUD,EUR,AUD,NY   21-03JST,12,Q10+ac<0,2426,0.0016469596991935077,0.3897955346893037,3.2220254725164974
EURAUD,EUR,AUD,NY   21-03JST,24,全BreakDown,20688,0.002032422692040028,-0.09908036634659231,6.858152785438511
EURAUD,EUR,AUD,NY   21-03JST,24,Q10,3795,-0.0026865607899073034,0.21340916997266285,2.2540651348157317
EURAUD,EUR,AUD,NY   21-03JST,24,Q10+ac>0,1369,-0.008621782694446588,0.41189915434033836,1.8769598963291125
EURAUD,EUR,AUD,NY   21-03JST,24,Q10+ac<0,2426,0.0006627049921678313,0.10305557385746923,2.4880803052034866
EURAUD,EUR,AUD,深夜 03-09JST,1,全BreakDown,19749,0.0009695799111181818,-0.054185843127342086,8.189435477409232
EURAUD,EUR,AUD,深夜 03-09JST,1,Q10,903,0.002739608460255576,0.47672270508662745,5.218578932357293
EURAUD,EUR,AUD,深夜 03-09JST,1,Q10+ac>0,279,0.003264177044042136,0.9758104587196803,6.655115879360844
EURAUD,EUR,AUD,深夜 03-09JST,1,Q10+ac<0,624,0.0025050657761587006,-0.09376770411652609,1.6534022467055705
EURAUD,EUR,AUD,深夜 03-09JST,3,全BreakDown,19747,0.002117813001468644,3.735586783833765,262.5002201008802
EURAUD,EUR,AUD,深夜 03-09JST,3,Q10,903,0.004942200557573764,0.4403686596662888,6.073771112821648
EURAUD,EUR,AUD,深夜 03-09JST,3,Q10+ac>0,279,0.00826132476227027,0.3885509507320949,6.574984892257559
EURAUD,EUR,AUD,深夜 03-09JST,3,Q10+ac<0,624,0.003458169062204652,0.379600778138589,2.7059509278012843
EURAUD,EUR,AUD,深夜 03-09JST,6,全BreakDown,19746,0.002746395675303078,3.032797745572443,149.6413207649292
EURAUD,EUR,AUD,深夜 03-09JST,6,Q10,903,0.011449513922907896,1.6149495948641366,12.152185396745683
EURAUD,EUR,AUD,深夜 03-09JST,6,Q10+ac>0,279,0.01569944545968545,0.2967605395823916,4.295341891099423
EURAUD,EUR,AUD,深夜 03-09JST,6,Q10+ac<0,624,0.009549304149252548,2.3280868782565514,16.898330483571822
EURAUD,EUR,AUD,深夜 03-09JST,12,全BreakDown,19743,0.003415328218844565,1.5628693078690277,69.08643177640366
EURAUD,EUR,AUD,深夜 03-09JST,12,Q10,903,0.019947843935895042,1.197386208381611,6.297156525339114
EURAUD,EUR,AUD,深夜 03-09JST,12,Q10+ac>0,279,0.03786872505514951,1.5192794301570984,7.167258705896694
EURAUD,EUR,AUD,深夜 03-09JST,12,Q10+ac<0,624,0.011935142281612996,0.9674767683235654,5.422241770805973
EURAUD,EUR,AUD,深夜 03-09JST,24,全BreakDown,19738,0.003912010770529634,1.3879546194108072,38.5163296429217
EURAUD,EUR,AUD,深夜 03-09JST,24,Q10,903,0.023361936242393386,-0.5509158846453466,8.069045096183983
EURAUD,EUR,AUD,深夜 03-09JST,24,Q10+ac>0,279,0.027374073008443967,-1.616014270057438,7.93014757724608
EURAUD,EUR,AUD,深夜 03-09JST,24,Q10+ac<0,624,0.02156804816911116,0.9731568185444137,4.168594204312801
AUDNZD,AUD,NZD,東京 09-15JST,1,全BreakDown,20415,0.000540303154646019,0.15703954983214072,110.5544471083622
AUDNZD,AUD,NZD,東京 09-15JST,1,Q10,3114,0.0013910558703478508,-1.3188467378423974,69.36146179192026
AUDNZD,AUD,NZD,東京 09-15JST,1,Q10+ac>0,1068,0.0011330080230264313,-2.435139917870054,35.37323455890792
AUDNZD,AUD,NZD,東京 09-15JST,1,Q10+ac<0,2046,0.0015257553331725212,-0.784521068717031,85.08373175114718
AUDNZD,AUD,NZD,東京 09-15JST,3,全BreakDown,20415,0.0012785949370800011,0.6159106008898617,64.4001438569432
AUDNZD,AUD,NZD,東京 09-15JST,3,Q10,3114,0.0022622205633274876,-2.190063117293121,41.7027229160178
AUDNZD,AUD,NZD,東京 09-15JST,3,Q10+ac>0,1068,0.0031791315563913436,-0.5033811064250027,21.991816476417483
AUDNZD,AUD,NZD,東京 09-15JST,3,Q10+ac<0,2046,0.0017835984027252403,-2.9361720460083713,49.798697046431734
AUDNZD,AUD,NZD,東京 09-15JST,6,全BreakDown,20415,0.0021838400386018173,0.9169571541211897,32.66635267377232
AUDNZD,AUD,NZD,東京 09-15JST,6,Q10,3114,0.003935550054859716,0.4014798693007791,16.551983718947984
AUDNZD,AUD,NZD,東京 09-15JST,6,Q10+ac>0,1068,0.0030778343605958247,0.41879036145424586,13.049204518032145
AUDNZD,AUD,NZD,東京 09-15JST,6,Q10+ac<0,2046,0.004383272616674885,0.39190695571338263,18.132991552938883
AUDNZD,AUD,NZD,東京 09-15JST,12,全BreakDown,20415,0.002982348167282831,0.48997229578079415,17.6846880984181
AUDNZD,AUD,NZD,東京 09-15JST,12,Q10,3114,0.0020490942785073556,-1.0382553771897267,13.558436570983215
AUDNZD,AUD,NZD,東京 09-15JST,12,Q10+ac>0,1068,-0.000667641579266014,-0.5775280254299684,6.932120479653102
AUDNZD,AUD,NZD,東京 09-15JST,12,Q10+ac<0,2046,0.003467214462330404,-1.2157552499399562,15.638369529578892
AUDNZD,AUD,NZD,東京 09-15JST,24,全BreakDown,20415,0.005008875592856999,3.1811672978968963,67.26179499093716
AUDNZD,AUD,NZD,東京 09-15JST,24,Q10,3114,0.0009249658556356146,-0.491138641650483,8.91270566057277
AUDNZD,AUD,NZD,東京 09-15JST,24,Q10+ac>0,1068,0.0009140492123689496,-0.49586160217334196,4.6233609567953735
AUDNZD,AUD,NZD,東京 09-15JST,24,Q10+ac<0,2046,0.0009306642793935828,-0.4845768402213781,9.786017769742065
AUDNZD,AUD,NZD,欧州 15-21JST,1,全BreakDown,20778,0.00028843581744686836,0.04377419548193182,2.7840936596194235
AUDNZD,AUD,NZD,欧州 15-21JST,1,Q10,3196,0.0015352193952022177,0.0914426755245101,2.6730166647246048
AUDNZD,AUD,NZD,欧州 15-21JST,1,Q10+ac>0,1148,0.0014843270001037646,0.12032355227131543,2.9286075838088204
AUDNZD,AUD,NZD,欧州 15-21JST,1,Q10+ac<0,2048,0.0015637469682359207,0.07194096909776306,2.444754251674736
AUDNZD,AUD,NZD,欧州 15-21JST,3,全BreakDown,20778,0.0003384817549439945,-4.488739829165281,1338.982607094399
AUDNZD,AUD,NZD,欧州 15-21JST,3,Q10,3196,0.003435777396694999,0.7864437136063266,10.895238469932615
AUDNZD,AUD,NZD,欧州 15-21JST,3,Q10+ac>0,1148,0.0024403690545236898,-0.10823968855646832,1.3074377254375582
AUDNZD,AUD,NZD,欧州 15-21JST,3,Q10+ac<0,2048,0.0039937504322480576,1.2884059255430163,16.2049144092206
AUDNZD,AUD,NZD,欧州 15-21JST,6,全BreakDown,20778,0.0004507154388287562,0.2201484553262497,734.8900088919096
AUDNZD,AUD,NZD,欧州 15-21JST,6,Q10,3196,0.0032753268002083903,0.503427592184749,6.355617630720687
AUDNZD,AUD,NZD,欧州 15-21JST,6,Q10+ac>0,1148,0.0026775923901017373,-0.16323829766634737,1.0037553897246205
AUDNZD,AUD,NZD,欧州 15-21JST,6,Q10+ac<0,2048,0.0036103849558736427,0.8896555860614151,9.460237066658552
AUDNZD,AUD,NZD,欧州 15-21JST,12,全BreakDown,20778,0.0003421752582068583,-0.278534790746571,381.018081540035
AUDNZD,AUD,NZD,欧州 15-21JST,12,Q10,3196,0.003221587611136958,0.8334328597159604,9.0202497134693
AUDNZD,AUD,NZD,欧州 15-21JST,12,Q10+ac>0,1148,0.0029948154646138717,-0.19568650221722125,0.5920551537965495
AUDNZD,AUD,NZD,欧州 15-21JST,12,Q10+ac<0,2048,0.0033487040292075167,1.2770361563319292,12.270243518788073
AUDNZD,AUD,NZD,欧州 15-21JST,24,全BreakDown,20778,-0.0006316389103623924,-2.272767055738423,193.78719728515463
AUDNZD,AUD,NZD,欧州 15-21JST,24,Q10,3196,0.00594894722393866,0.4570813670986845,3.375702270818322
AUDNZD,AUD,NZD,欧州 15-21JST,24,Q10+ac>0,1148,0.006608932814614692,-0.0015107915075913323,0.03636728804195899
AUDNZD,AUD,NZD,欧州 15-21JST,24,Q10+ac<0,2048,0.005578994363540183,0.7076362356767961,5.192899990719987
AUDNZD,AUD,NZD,NY   21-03JST,1,全BreakDown,20729,0.00024348282747017707,-0.10567397360593117,6.300780615237585
AUDNZD,AUD,NZD,NY   21-03JST,1,Q10,2842,0.0008522946786185751,0.06809860813855202,1.6998993359212307
AUDNZD,AUD,NZD,NY   21-03JST,1,Q10+ac>0,999,0.00033281315583001865,-0.0013827302605434358,2.015385740843308
AUDNZD,AUD,NZD,NY   21-03JST,1,Q10+ac<0,1843,0.0011338801595007061,0.10275434198570377,1.5347225230915091
AUDNZD,AUD,NZD,NY   21-03JST,3,全BreakDown,20729,0.0007981392186626103,-0.0731179240861986,7.368056711435123
AUDNZD,AUD,NZD,NY   21-03JST,3,Q10,2842,0.0020740483249056096,0.04137666176046866,7.539559278041075
AUDNZD,AUD,NZD,NY   21-03JST,3,Q10+ac>0,999,0.0007518523066645716,-0.9513978294747204,9.359125010322769
AUDNZD,AUD,NZD,NY   21-03JST,3,Q10+ac<0,1843,0.002790746003811089,0.5881883665583545,6.437691201390608
AUDNZD,AUD,NZD,NY   21-03JST,6,全BreakDown,20729,0.0010539819635040264,-0.21022318446775665,8.049675519188927
AUDNZD,AUD,NZD,NY   21-03JST,6,Q10,2842,0.0028993968512278233,-0.22713982010931993,5.413310805446937
AUDNZD,AUD,NZD,NY   21-03JST,6,Q10+ac>0,999,0.002942073001834193,0.05910512992035125,4.318231417804127
AUDNZD,AUD,NZD,NY   21-03JST,6,Q10+ac<0,1843,0.0028762642009533997,-0.3796922868878804,5.992666598804817
AUDNZD,AUD,NZD,NY   21-03JST,12,全BreakDown,20729,0.0013316656903224022,-0.2727493826131407,5.383953056337001
AUDNZD,AUD,NZD,NY   21-03JST,12,Q10,2842,0.002729355869716659,-0.493919626630607,4.576710872348313
AUDNZD,AUD,NZD,NY   21-03JST,12,Q10+ac>0,999,0.002657030593633047,-0.11135499077333197,2.637478611927862
AUDNZD,AUD,NZD,NY   21-03JST,12,Q10+ac<0,1843,0.0027685598582177597,-0.7070485611820099,5.667617423426464
AUDNZD,AUD,NZD,NY   21-03JST,24,全BreakDown,20729,0.00020420392714526542,-0.1659284571286463,5.080309764160736
AUDNZD,AUD,NZD,NY   21-03JST,24,Q10,2842,1.1292126081041562e-05,-0.41867040277754103,5.729330497882314
AUDNZD,AUD,NZD,NY   21-03JST,24,Q10+ac>0,999,0.005189741974623196,0.2632779529169685,4.604112189943154
AUDNZD,AUD,NZD,NY   21-03JST,24,Q10+ac<0,1843,-0.002795691812439637,-0.9646513746931714,6.370336774713714
AUDNZD,AUD,NZD,深夜 03-09JST,1,全BreakDown,19373,0.0006952102365908193,0.12663845239641033,26.153166440991416
AUDNZD,AUD,NZD,深夜 03-09JST,1,Q10,1131,0.004684379274968174,1.2793686717959525,40.78932003029768
AUDNZD,AUD,NZD,深夜 03-09JST,1,Q10+ac>0,342,0.002736533054050699,-2.8600479485911072,31.18809457307558
AUDNZD,AUD,NZD,深夜 03-09JST,1,Q10+ac<0,789,0.005528692846012252,3.9730261755052854,45.923135299562205
AUDNZD,AUD,NZD,深夜 03-09JST,3,全BreakDown,19372,0.001517439345278143,0.11124884964877083,48.69700764266644
AUDNZD,AUD,NZD,深夜 03-09JST,3,Q10,1131,0.0090418258511984,1.3421740805383493,21.99248181408818
AUDNZD,AUD,NZD,深夜 03-09JST,3,Q10+ac>0,342,0.006947967649108827,-1.634542427107819,9.61813329744077
AUDNZD,AUD,NZD,深夜 03-09JST,3,Q10+ac<0,789,0.009949429786704907,2.2684614751393224,25.03528580996849
AUDNZD,AUD,NZD,深夜 03-09JST,6,全BreakDown,19371,0.002072115057048028,-0.2681924316330835,30.257836454349366
AUDNZD,AUD,NZD,深夜 03-09JST,6,Q10,1131,0.012059698737138757,1.4540284771896712,16.878775124018997
AUDNZD,AUD,NZD,深夜 03-09JST,6,Q10+ac>0,342,0.012297178055101617,-0.6217184499970876,4.602917430871745
AUDNZD,AUD,NZD,深夜 03-09JST,6,Q10+ac<0,789,0.011956760933915313,1.7810834517011656,17.24017110765829
AUDNZD,AUD,NZD,深夜 03-09JST,12,全BreakDown,19367,0.0037344186565152703,0.2032158438060904,19.049048168073135
AUDNZD,AUD,NZD,深夜 03-09JST,12,Q10,1131,0.017505981178308386,1.152565293928951,10.21296580581755
AUDNZD,AUD,NZD,深夜 03-09JST,12,Q10+ac>0,342,0.019489541079407917,0.31045352914906654,1.5518810463023183
AUDNZD,AUD,NZD,深夜 03-09JST,12,Q10+ac<0,789,0.01664618715273673,1.2541149332092234,10.135353160884957
AUDNZD,AUD,NZD,深夜 03-09JST,24,全BreakDown,19361,0.005312609878678921,-0.3114953668428355,11.245042561804116
AUDNZD,AUD,NZD,深夜 03-09JST,24,Q10,1131,0.016081080135672495,-0.614698294912427,6.846539275430713
AUDNZD,AUD,NZD,深夜 03-09JST,24,Q10+ac>0,342,0.024279139309917947,0.17703022517425532,1.742114771447227
AUDNZD,AUD,NZD,深夜 03-09JST,24,Q10+ac<0,789,0.012527548782577504,-0.6746367104726878,6.589131567015553
