pair,base,quote,condition,label,n,mean,std,skewness,kurtosis,p5,p95
USDJPY,USD,JPY,全期間,全期間（3年）,178204,1.2768113746309078e-06,0.0003954893585528681,-0.9704694197783873,107.65043291892852,-0.0005371755216224173,0.000533310529173186
USDJPY,USD,JPY,|強弱差|上位10%,|強弱差| 上位10%,17821,-1.8105986429718998e-06,0.0006491877103642444,-0.2395142493230039,20.18669178815964,-0.0009612846237501284,0.0008869473951870247
USDJPY,USD,JPY,|強弱差|上位5%,|強弱差| 上位5%,8911,-6.223740994525137e-06,0.000765609228105631,-0.6200115862771494,12.126393390328086,-0.0011232089608543706,0.0010776390964695884
USDJPY,USD,JPY,USD強,USD強 上位10%（正の強弱差）,8827,-2.8873528760445203e-06,0.0005751031814783835,-0.21376640142322176,9.378076510682222,-0.0008344714437527522,0.0008725743645695808
USDJPY,USD,JPY,JPY強,JPY強 上位10%（負の強弱差）,8994,-7.538375116252216e-07,0.0007144970176782097,-0.2481631547527858,23.216179716860704,-0.0011048604502303908,0.0009052022050523039
EURJPY,EUR,JPY,全期間,全期間（3年）,178263,3.9285443567772887e-07,0.00038225422345557637,-1.349153331951513,73.39336912720185,-0.0005423671923010701,0.0005345644560160178
EURJPY,EUR,JPY,|強弱差|上位10%,|強弱差| 上位10%,17827,-9.901438036013788e-07,0.0006333652106891691,-1.271356626263117,30.020269897524543,-0.0009014728810847033,0.0008993303659971996
EURJPY,EUR,JPY,|強弱差|上位5%,|強弱差| 上位5%,8914,-9.836681009050007e-06,0.0007367784016472705,-1.2954938523216932,25.270275290525674,-0.0010641142950601375,0.0010053205685764878
EURJPY,EUR,JPY,EUR強,EUR強 上位10%（正の強弱差）,8635,-9.927961988493602e-07,0.0005617253756733887,-0.6347126914993902,22.916365148793435,-0.0008053943908393684,0.0008831513349841303
EURJPY,EUR,JPY,JPY強,JPY強 上位10%（負の強弱差）,9192,-9.876521333482944e-07,0.0006939903867105283,-1.558264961496671,30.982527346202154,-0.0009987506355665769,0.0009132635238742993
GBPJPY,GBP,JPY,全期間,全期間（3年）,178545,4.959534541534652e-07,0.0003979014863644025,-0.9539417080598308,65.89301988349774,-0.0005711796113586424,0.0005634773725095706
GBPJPY,GBP,JPY,|強弱差|上位10%,|強弱差| 上位10%,17855,-7.52056018984386e-06,0.0006313027741127338,-0.34983570944571823,14.01171531241221,-0.0009476060125990646,0.0009062434908733121
GBPJPY,GBP,JPY,|強弱差|上位5%,|強弱差| 上位5%,8928,-6.2371389851458695e-06,0.0007451576580361103,-0.37902099889215324,13.143896689509546,-0.0011170415761675874,0.001064098455259619
GBPJPY,GBP,JPY,GBP強,GBP強 上位10%（正の強弱差）,8550,-8.91971968608068e-06,0.0005721564522666613,0.5556793039658455,7.855114357322549,-0.0008464816378851693,0.0008857660187457514
GBPJPY,GBP,JPY,JPY強,JPY強 上位10%（負の強弱差）,9305,-6.234927337310294e-06,0.0006811656485653105,-0.8386933600960731,16.130359358354546,-0.0010346762931775376,0.0009240066995521216
AUDJPY,AUD,JPY,全期間,全期間（3年）,174841,4.576837891568237e-07,0.00045377544618416536,-1.2020262399090589,64.48113197469604,-0.0006647433670736743,0.0006471651082857751
AUDJPY,AUD,JPY,|強弱差|上位10%,|強弱差| 上位10%,17484,-6.837595185875924e-06,0.000711124105547734,-0.44677554373107,12.399806508851867,-0.0010823944762432002,0.001034584554202278
AUDJPY,AUD,JPY,|強弱差|上位5%,|強弱差| 上位5%,8742,-8.943134410122393e-06,0.0008242457540904257,-0.3569958870573227,10.37772273384982,-0.001248878777062703,0.001208717096747897
AUDJPY,AUD,JPY,AUD強,AUD強 上位10%（正の強弱差）,8392,-1.38897557569012e-05,0.0006434795501613755,0.3227563216526533,7.534649583666656,-0.000961659425573621,0.0009812925943584127
AUDJPY,AUD,JPY,JPY強,JPY強 上位10%（負の強弱差）,9092,-3.28385824674414e-07,0.000768271331268166,-0.8640189667447459,13.990070903872596,-0.0011931387574157168,0.0010687437730785823
NZDJPY,NZD,JPY,全期間,全期間（3年）,180503,2.87837433425922e-07,0.00043902105373332925,-0.5838335929498552,43.37359841140768,-0.0006467008461641327,0.0006312005657573698
NZDJPY,NZD,JPY,|強弱差|上位10%,|強弱差| 上位10%,18051,-3.6067067878436816e-07,0.0006867893677407389,-0.3764641375151545,18.39873265082204,-0.0010225815978453668,0.0009750209487843067
NZDJPY,NZD,JPY,|強弱差|上位5%,|強弱差| 上位5%,9026,-5.882083297022487e-07,0.0007986692013347133,-0.3242012945473888,13.945463108090408,-0.0011569463529425362,0.0011286872771952981
NZDJPY,NZD,JPY,NZD強,NZD強 上位10%（正の強弱差）,8833,-9.798332380026263e-06,0.0006349407937455239,-0.061883497001115846,19.63842597245612,-0.0009403792952990814,0.0009476451125457674
NZDJPY,NZD,JPY,JPY強,JPY強 上位10%（負の強弱差）,9218,8.682816607727854e-06,0.0007329603999001026,-0.5772200935819626,17.114089871289305,-0.0011017536227849948,0.000998286345638231
CHFJPY,CHF,JPY,全期間,全期間（3年）,182863,1.4526012233059593e-06,0.00035543450001079586,-0.07491028198008598,99.67504158186816,-0.0005072810577961977,0.0005053259354669318
CHFJPY,CHF,JPY,|強弱差|上位10%,|強弱差| 上位10%,18287,3.183154491494452e-06,0.0005660305975784644,-0.43156798113595424,22.268927240166263,-0.0008089131278954992,0.0008058990756520671
CHFJPY,CHF,JPY,|強弱差|上位5%,|強弱差| 上位5%,9144,-2.085488322986343e-06,0.0006618923976238559,-0.30187552648720345,17.864476881340973,-0.000948356843551887,0.0009149943783996951
CHFJPY,CHF,JPY,CHF強,CHF強 上位10%（正の強弱差）,8953,-4.420925666034808e-06,0.0005183252878664617,-0.4676213075407334,19.67851024713843,-0.0007549238789467076,0.0007956948084090619
CHFJPY,CHF,JPY,JPY強,JPY強 上位10%（負の強弱差）,9334,1.0476847404539176e-05,0.0006082220640914995,-0.41379326322977195,22.669530521990957,-0.0008723239369236519,0.0008171536661429272
GBPUSD,GBP,USD,全期間,全期間（3年）,205286,-3.5222800979039376e-07,0.00035848320564255045,-2.4303232153112604,262.1212682394017,-0.0004915916243801155,0.0004875478963277495
GBPUSD,GBP,USD,|強弱差|上位10%,|強弱差| 上位10%,20529,2.166783618444341e-06,0.0006417810370211749,-4.210635050818533,229.06201324248502,-0.0008573164418864383,0.000875852918407773
GBPUSD,GBP,USD,|強弱差|上位5%,|強弱差| 上位5%,10265,7.162547763117111e-06,0.0007757096192283248,-4.667418956750849,211.10608158121366,-0.0010202372360576823,0.0010645562998509686
GBPUSD,GBP,USD,GBP強,GBP強 上位10%（正の強弱差）,9792,-9.327792751988189e-06,0.00063027528290422,-0.051293846109480644,48.42774792855134,-0.0008661733402133452,0.000899605746457815
GBPUSD,GBP,USD,USD強,USD強 上位10%（負の強弱差）,10737,1.2649683107992198e-05,0.0006519497993312867,-7.641211614619062,373.21265505586905,-0.0008519016277387077,0.0008509263765133963
AUDUSD,AUD,USD,全期間,全期間（3年）,195137,-4.2506053554317333e-07,0.0004119760369846997,0.4495369904991082,48.52781270437565,-0.0006018583534864076,0.0005934541604464804
AUDUSD,AUD,USD,|強弱差|上位10%,|強弱差| 上位10%,19514,-5.461837228336358e-07,0.000607456474211568,0.006094047070751365,6.538359371553176,-0.0009360773258937903,0.00092877392771878
AUDUSD,AUD,USD,|強弱差|上位5%,|強弱差| 上位5%,9757,-3.1445708254321014e-06,0.0006942770516832636,-0.0739045233420003,5.775019961666208,-0.0010889219379960993,0.0010433774990313341
AUDUSD,AUD,USD,AUD強,AUD強 上位10%（正の強弱差）,9319,-5.641639873399465e-06,0.0006118316076992894,-0.1025988769371049,7.764650084007943,-0.0009228027638134276,0.0009417920093650062
AUDUSD,AUD,USD,USD強,USD強 上位10%（負の強弱差）,10195,4.111448044417272e-06,0.000603421909187758,0.11030842733387299,5.345011142408012,-0.0009566243524432199,0.0009193073834986726
NZDUSD,NZD,USD,全期間,全期間（3年）,208603,-1.0939925471275975e-06,0.00043151989680513964,-0.15212993297394878,52.94885566918122,-0.000626541184256664,0.0006209852544328456
NZDUSD,NZD,USD,|強弱差|上位10%,|強弱差| 上位10%,20861,-2.9995788171565796e-07,0.0006662799082237359,0.8235032479206715,23.62571810167564,-0.0009820831501756396,0.0009832842483488116
NZDUSD,NZD,USD,|強弱差|上位5%,|強弱差| 上位5%,10431,-2.3485800731120657e-06,0.000774554859566146,1.0641094209861812,22.927662299730958,-0.0011456310332688116,0.0011326975887588687
NZDUSD,NZD,USD,NZD強,NZD強 上位10%（正の強弱差）,10069,-1.4579962193822269e-05,0.0006860825830451344,1.2936595188067723,34.668531160543594,-0.0009853455666906435,0.0010151492994682717
NZDUSD,NZD,USD,USD強,USD強 上位10%（負の強弱差）,10792,1.3023370826457198e-05,0.0006470055268587766,0.3070379181751791,10.545866548451121,-0.0009756040512168976,0.0009578436731132829
EURGBP,EUR,GBP,全期間,全期間（3年）,206882,-3.301494978464712e-08,0.0002459582255330131,2.8407251487154777,271.97831207150995,-0.00034446751941695015,0.0003434458774846623
EURGBP,EUR,GBP,|強弱差|上位10%,|強弱差| 上位10%,20689,2.8249606104745524e-06,0.0004370079658657126,5.096180764617957,237.1632004145201,-0.0005873105087012368,0.0005920862006700364
EURGBP,EUR,GBP,|強弱差|上位5%,|強弱差| 上位5%,10345,1.2818423017465043e-06,0.0005290831370399733,5.691549438522586,219.33464580448262,-0.0006864774830704395,0.000673249968885506
EURGBP,EUR,GBP,EUR強,EUR強 上位10%（正の強弱差）,10712,-6.523782805679158e-06,0.0004513119904288585,7.728388519421614,355.3232361111486,-0.0005899575578653554,0.0005817138008930513
EURGBP,EUR,GBP,GBP強,GBP強 上位10%（負の強弱差）,9977,1.2862420716101346e-05,0.0004209011395306083,1.6101551388430968,67.99181445390919,-0.0005839067816103173,0.0005992406278094694
EURAUD,EUR,AUD,全期間,全期間（3年）,195102,2.599788033186776e-07,0.00031005896000491957,0.17183248537831222,29.04665257063695,-0.0004661631227530068,0.0004678422314989338
EURAUD,EUR,AUD,|強弱差|上位10%,|強弱差| 上位10%,19511,3.1389993218018085e-06,0.0004553419404402709,1.0233646681169815,28.35080910127003,-0.0006897013500150594,0.0006962170202199966
EURAUD,EUR,AUD,|強弱差|上位5%,|強弱差| 上位5%,9756,3.0586946809655534e-06,0.0004940283929198634,0.18795943477523555,4.518216052685132,-0.0007746371352244069,0.0007794270609711133
EURAUD,EUR,AUD,EUR強,EUR強 上位10%（正の強弱差）,10139,5.999398330128748e-08,0.0004450943528174724,0.22674881631145088,3.4402853255275128,-0.0006804217043332467,0.0007176084772593663
EURAUD,EUR,AUD,AUD強,AUD強 上位10%（負の強弱差）,9372,6.469988985380213e-06,0.0004661754952086406,1.7701327439494534,50.57951368758848,-0.0006982885345705386,0.0006809092780515556
AUDNZD,AUD,NZD,全期間,全期間（3年）,198521,2.754736402372576e-07,0.00021737815452222157,0.29920596631789237,72.7753809412939,-0.00031694746742848387,0.0003162526794888356
AUDNZD,AUD,NZD,|強弱差|上位10%,|強弱差| 上位10%,19852,-1.850606777073257e-06,0.0003052908396893551,-0.7870579350701543,27.44466501586987,-0.0004459508159980586,0.00044548220604300387
AUDNZD,AUD,NZD,|強弱差|上位5%,|強弱差| 上位5%,9926,-4.5460450151877115e-06,0.00033484098245043246,0.16903116911368854,12.758174241637924,-0.0004940322974393728,0.0004864043153939748
AUDNZD,AUD,NZD,AUD強,AUD強 上位10%（正の強弱差）,9946,-2.135033000169819e-05,0.0003149659779761162,-1.5919320620035267,38.780685125409434,-0.0004790025939832002,0.0004207689396537738
AUDNZD,AUD,NZD,NZD強,NZD強 上位10%（負の強弱差）,9906,1.7727855487424985e-05,0.00029397522586547083,0.22865738952916995,12.054011776089654,-0.0004139081513735622,0.00047535078078112935
