leader,follower,lag,state,trades,win_rate,pf,total_pnl,max_dd,ev_bp
USDJPY,GBPJPY,2,TREND,2455,0.15560081466395112,0.13568840234484225,-99.37272581838255,-99.33464449219548,-4.047768872439208
USDJPY,GBPJPY,2,MR,19937,0.10488037317550283,0.07120032151018904,-810.5592265498747,-810.574744934145,-4.065602781511133
USDJPY,GBPJPY,2,NO_TRADE,118833,0.10475204699031414,0.07406811241668719,-4794.782020643103,-4794.728220700621,-4.0348909988329025
USDJPY,CHFJPY,2,TREND,1264,0.12579113924050633,0.09413247034710032,-50.39539016408787,-50.34818047426162,-3.986977069943661
USDJPY,CHFJPY,2,MR,21048,0.08969973394146712,0.05781967707253145,-840.0130318391035,-839.9825522107212,-3.990939908015505
USDJPY,CHFJPY,2,NO_TRADE,121190,0.08593118244079545,0.05501579565796461,-4891.385430456489,-4891.33977187464,-4.036129573773817
USDJPY,CHFJPY,7,TREND,1264,0.13844936708860758,0.10925918418696895,-48.93717428153604,-48.91561396378442,-3.8716118893620286
USDJPY,CHFJPY,7,MR,21048,0.09045990117825922,0.05908072783997054,-830.1945378875259,-830.1679892828103,-3.9442917991615642
USDJPY,CHFJPY,7,NO_TRADE,121185,0.08768411932169823,0.05655826995193319,-4848.977255263631,-4848.938443285961,-4.00130152680912
USDJPY,CHFJPY,8,TREND,1264,0.13212025316455697,0.07949875247168174,-52.93488640935124,-52.924763048098214,-4.187886583018295
USDJPY,CHFJPY,8,MR,21048,0.08941467122767009,0.055671231280450845,-839.7160836565822,-839.7026593051166,-3.9895290937693946
USDJPY,CHFJPY,8,NO_TRADE,121184,0.08766833905466068,0.057056290293048595,-4847.7006528056545,-4847.634791944255,-4.000281103780742
EURJPY,USDJPY,4,TREND,2144,0.13199626865671643,0.09353605709230618,-84.36931946552978,-84.33582876623781,-3.935136169101203
EURJPY,USDJPY,4,MR,18819,0.08512673362027738,0.060143598608905315,-751.7597618627453,-751.7261958934065,-3.994684955963363
EURJPY,USDJPY,4,NO_TRADE,122966,0.08704845241774149,0.06329862081693059,-4880.4579234607945,-4880.425306691591,-3.9689490781685945
EURJPY,GBPJPY,1,TREND,2454,0.17033414832925836,0.19989469259016243,-91.1866676696358,-91.12715625508669,-3.7158381283470168
EURJPY,GBPJPY,1,MR,20072,0.10771223595057793,0.08322164317633807,-806.2345718268227,-806.1685605583417,-4.0167126934377375
EURJPY,GBPJPY,1,NO_TRADE,119413,0.10538216107124015,0.0746374682197657,-4798.609788633246,-4798.500448739894,-4.0184986464063766
EURJPY,NZDJPY,1,TREND,2741,0.1718350966800438,0.13044245067972912,-110.09245236693998,-110.03674451380203,-4.0165068357147025
EURJPY,NZDJPY,1,MR,20956,0.12602595915251003,0.08903151201490217,-852.4273197468375,-852.3873197468365,-4.067700514157461
EURJPY,NZDJPY,1,NO_TRADE,120615,0.13253741242797332,0.09288013185478676,-4837.057532330277,-4837.2348049466445,-4.010328344177986
EURJPY,NZDJPY,3,TREND,2741,0.18387449835826342,0.14654095505897943,-107.63943529810338,-107.68624806247777,-3.927013327183633
EURJPY,NZDJPY,3,MR,20956,0.13113189539988548,0.09094421218263198,-837.7857782832626,-837.7464131373937,-3.9978324980113693
EURJPY,NZDJPY,3,NO_TRADE,120613,0.1333604172021258,0.09249546005809552,-4837.660178866307,-4837.597973069171,-4.010894496336471
EURJPY,CHFJPY,2,TREND,1270,0.12598425196850394,0.09370615309897878,-48.124485251646185,-48.11179429413306,-3.789329547373715
EURJPY,CHFJPY,2,MR,21198,0.08882913482404,0.05432699655486432,-855.4628909207701,-855.4076962389514,-4.035583031044297
EURJPY,CHFJPY,2,NO_TRADE,121769,0.08614672042966601,0.05623421043492773,-4892.556733332521,-4892.509607526321,-4.017900067613695
GBPJPY,AUDJPY,3,TREND,2698,0.19199406968124536,0.1570421017544963,-108.01593534111372,-108.0373309303091,-4.003555794703992
GBPJPY,AUDJPY,3,MR,19357,0.1258976081004288,0.08697346835039757,-779.6899956318223,-779.6709268310453,-4.027948523179327
GBPJPY,AUDJPY,3,NO_TRADE,109315,0.13261674975986826,0.09286675825346372,-4385.899644188913,-4385.845883640356,-4.012166348798347
GBPJPY,NZDJPY,1,TREND,2695,0.175139146567718,0.15259290492004404,-106.27638477798347,-106.17388238427567,-3.943465112355602
GBPJPY,NZDJPY,1,MR,20560,0.1313715953307393,0.09033117120014743,-819.4388362851221,-819.3810636980188,-3.985597452748648
GBPJPY,NZDJPY,1,NO_TRADE,119039,0.1318223439377011,0.0929973625321682,-4783.093140609424,-4782.835867993005,-4.018089147766215
GBPJPY,NZDJPY,3,TREND,2695,0.1717996289424861,0.13706785813166852,-111.20580539662876,-111.26458682446096,-4.126374968335019
GBPJPY,NZDJPY,3,MR,20560,0.12889105058365757,0.08616843403165417,-833.3879711797259,-833.338448851446,-4.053443439590106
GBPJPY,NZDJPY,3,NO_TRADE,119037,0.13315187714744156,0.09401294294331429,-4752.639704610013,-4752.621910407009,-3.992573489427668
GBPJPY,CHFJPY,3,TREND,1264,0.12025316455696203,0.09229208535503548,-51.28193385102707,-51.34206684864658,-4.0571150198597365
GBPJPY,CHFJPY,3,MR,20836,0.08758878863505472,0.058119176063995893,-830.7529057808384,-830.7061608866196,-3.987103598487418
GBPJPY,CHFJPY,3,NO_TRADE,120159,0.08774207508384724,0.05604199458896899,-4822.117308659489,-4822.0506690380125,-4.0131137148773615
AUDJPY,USDJPY,3,TREND,1944,0.13425925925925927,0.1011533208078044,-78.89494820720857,-78.86145793165409,-4.058382109424309
AUDJPY,USDJPY,3,MR,17196,0.08420562921609677,0.060630711555424426,-688.7869520588026,-688.7530255743661,-4.0055068158804525
AUDJPY,USDJPY,3,NO_TRADE,113676,0.0842921988810303,0.05826784936495375,-4584.371601524738,-4584.333541550979,-4.032840354626075
AUDJPY,USDJPY,4,TREND,1944,0.13425925925925927,0.1092919231724235,-74.66412807611849,-74.63063737682653,-3.840747329018441
AUDJPY,USDJPY,4,MR,17196,0.08833449639451035,0.06319696865436493,-677.5593380609877,-677.5310502279907,-3.9402148061234454
AUDJPY,USDJPY,4,NO_TRADE,113675,0.08679129096107324,0.06152451215218277,-4525.649582001331,-4525.6123897404395,-3.981218018035039
AUDJPY,USDJPY,9,TREND,1944,0.13065843621399176,0.09605815404124839,-75.79507187662489,-75.74118696516223,-3.898923450443667
AUDJPY,USDJPY,9,MR,17195,0.08415236987496365,0.0597582460417872,-693.2780870601194,-693.2497991763181,-4.031858604595053
AUDJPY,USDJPY,9,NO_TRADE,113671,0.086099356916012,0.06195732550659247,-4528.17314963051,-4528.133583389866,-3.983578177046485
AUDJPY,EURJPY,3,TREND,1760,0.12556818181818183,0.10310235878256761,-69.93996727004502,-69.9038470436219,-3.9738617767071034
AUDJPY,EURJPY,3,MR,18574,0.09405620760202434,0.06287043056432258,-740.8375614354055,-740.836580892595,-3.9885730668429282
AUDJPY,EURJPY,3,NO_TRADE,112561,0.08988903794387043,0.061195917489117076,-4522.269393700958,-4522.249653523712,-4.017616575635396
AUDJPY,EURJPY,8,TREND,1760,0.12215909090909091,0.08633803232912607,-73.21932503728715,-73.23385947553663,-4.160188922573133
AUDJPY,EURJPY,8,MR,18570,0.09138395261173936,0.059610448744906695,-738.476229856901,-738.4025550323178,-3.9767163697194454
AUDJPY,EURJPY,8,NO_TRADE,112560,0.0904406538734897,0.06072194780132984,-4524.119234912657,-4524.107868782723,-4.019295695551401
AUDJPY,EURJPY,9,TREND,1760,0.1380681818181818,0.11022038295298572,-68.49684809513967,-68.46849586654595,-3.8918663690420265
AUDJPY,EURJPY,9,MR,18569,0.09004254402498789,0.05936005543742805,-741.0943820845912,-741.0260729795833,-3.9910301151628587
AUDJPY,EURJPY,9,NO_TRADE,112560,0.09155117270788912,0.062367007365489384,-4497.806283890462,-4497.785400474918,-3.9959188733923794
AUDJPY,EURJPY,12,TREND,1760,0.1380681818181818,0.10006867793688942,-67.7250379577635,-67.68842867471562,-3.8480135203274717
AUDJPY,EURJPY,12,MR,18566,0.0871485511149413,0.059891010865694844,-741.8738495050166,-741.7921614040755,-3.995873368011508
AUDJPY,EURJPY,12,NO_TRADE,112560,0.09327469793887705,0.06279288603151172,-4476.196111455033,-4476.153817245664,-3.9767200705890486
AUDJPY,GBPJPY,8,TREND,1808,0.13219026548672566,0.09159670746873357,-77.44487256785987,-77.38918486202645,-4.283455341142693
AUDJPY,GBPJPY,8,MR,18442,0.0978201930376315,0.06518316331729647,-738.2217845315545,-738.1833910062878,-4.002937775358174
AUDJPY,GBPJPY,8,NO_TRADE,110818,0.10054323304878268,0.0658751763545834,-4444.1539986931975,-4444.193056455418,-4.01031781722572
AUDJPY,GBPJPY,9,TREND,1808,0.14767699115044247,0.10984450065320134,-70.5259441921158,-70.49875029808457,-3.9007712495639275
AUDJPY,GBPJPY,9,MR,18442,0.10101941221125692,0.06879354506384426,-731.51517542587,-731.4812797945144,-3.966571822068485
AUDJPY,GBPJPY,9,NO_TRADE,110817,0.10016513711795122,0.06755050587210785,-4427.324261281321,-4427.290042667826,-3.9951670423141943
AUDJPY,NZDJPY,3,TREND,2195,0.17084282460136674,0.11819525587132752,-89.2484485367152,-89.29526130108952,-4.065988543813905
AUDJPY,NZDJPY,3,MR,19307,0.12363391516030456,0.08217120821160984,-777.5060528115779,-777.4565304832981,-4.027068176369078
AUDJPY,NZDJPY,3,NO_TRADE,111662,0.12760831795955652,0.08559016906750848,-4506.037875945434,-4505.994067026202,-4.0354264440413345
AUDJPY,NZDJPY,8,TREND,2195,0.17220956719817768,0.13911367799202254,-85.8451355487067,-85.77703705051422,-3.9109401161142
AUDJPY,NZDJPY,8,MR,19307,0.12565390790904854,0.08173026380476293,-781.1316491722105,-781.0745043011877,-4.045846838826386
AUDJPY,NZDJPY,8,NO_TRADE,111657,0.1301575360255067,0.08669453631094454,-4473.698432541058,-4473.671761346816,-4.0066439475725275
AUDJPY,NZDJPY,9,TREND,2195,0.1776765375854214,0.13798111185544984,-84.413162645771,-84.39870706126207,-3.845702170650159
AUDJPY,NZDJPY,9,MR,19307,0.13021184026518878,0.08704694371236264,-768.7338582634446,-768.6856022770548,-3.981632870272153
AUDJPY,NZDJPY,9,NO_TRADE,111656,0.12984523894819805,0.08862574123889012,-4453.41002813035,-4453.395421247708,-3.9885093753406444
AUDJPY,CHFJPY,3,TREND,1102,0.11796733212341198,0.09862925849479401,-45.68032242459449,-45.62869985354846,-4.145219820743602
AUDJPY,CHFJPY,3,MR,19604,0.08605386655784533,0.05255572921666074,-787.7294132444057,-787.6826683501855,-4.0182075762314104
AUDJPY,CHFJPY,3,NO_TRADE,112434,0.08547236601028159,0.05318779273243518,-4511.18847305646,-4511.203009739763,-4.012299191575911
AUDJPY,CHFJPY,9,TREND,1102,0.13157894736842105,0.10780748411414284,-43.220790584181636,-43.18399251815001,-3.9220318134466097
AUDJPY,CHFJPY,9,MR,19604,0.08666598653336054,0.05815575746763154,-778.433862373621,-778.4152843145256,-3.9707909731362014
AUDJPY,CHFJPY,9,NO_TRADE,112428,0.08648201515636675,0.054743799492484424,-4481.3699286828105,-4481.350944708511,-3.9859909708282726
NZDJPY,USDJPY,3,TREND,2125,0.11811764705882354,0.08735274123425661,-86.23524918998918,-86.16834110264465,-4.05812937364655
NZDJPY,USDJPY,3,MR,18940,0.0839493136219641,0.0601908744616943,-757.320936177756,-757.2796333282008,-3.9985265901676663
NZDJPY,USDJPY,3,NO_TRADE,122886,0.08387448529531435,0.06006432141725258,-4951.556970173409,-4951.519141438314,-4.029390630481429
NZDJPY,USDJPY,4,TREND,2125,0.1228235294117647,0.08342244923297243,-84.4575650556303,-84.43232200010145,-3.97447364967672
NZDJPY,USDJPY,4,MR,18940,0.08553326293558607,0.06442728292038306,-754.0498306770917,-753.9820405962337,-3.9812557057924582
NZDJPY,USDJPY,4,NO_TRADE,122885,0.08614558326890996,0.062410857789212,-4894.143504322486,-4894.090477439201,-3.982702123385674
NZDJPY,GBPJPY,1,TREND,2449,0.17109024091465905,0.1879662695809732,-92.76468963454757,-92.72423932875382,-3.7878599279112932
NZDJPY,GBPJPY,1,MR,20061,0.10168984596979214,0.07584711705982786,-806.4888378638497,-806.4228265953659,-4.020182632290761
NZDJPY,GBPJPY,1,NO_TRADE,119433,0.10607621009268794,0.07520036803426419,-4809.7907011883035,-4809.7632210717275,-4.027187378018056
NZDJPY,GBPJPY,2,TREND,2449,0.16292364230298081,0.17046970414090826,-97.78730016754392,-97.77256824114774,-3.992948148940135
NZDJPY,GBPJPY,2,MR,20061,0.1017895418972135,0.07975483264903208,-801.9779920117511,-801.9469448647199,-3.9976969842567724
NZDJPY,GBPJPY,2,NO_TRADE,119432,0.1036740572040994,0.07415336113686061,-4822.738152934304,-4822.688843127961,-4.038061954027651
NZDJPY,GBPJPY,9,TREND,2449,0.1727235606369947,0.17942886921580628,-94.10409279403468,-94.08456879719034,-3.842551767825018
NZDJPY,GBPJPY,9,MR,20061,0.10478041971985444,0.07592935718507575,-802.2655846166465,-802.2117860025807,-3.9991305748300014
NZDJPY,GBPJPY,9,NO_TRADE,119425,0.10686204731002721,0.07578476130283035,-4757.525590008913,-4757.486232310935,-3.98369318820089
NZDJPY,AUDJPY,3,TREND,2719,0.1732254505332843,0.14135017745432912,-108.29780515224081,-108.25363144243818,-3.9830012928371024
NZDJPY,AUDJPY,3,MR,19718,0.1276498630692768,0.08836586767674759,-799.0955781649789,-799.0346469657544,-4.052619830434014
NZDJPY,AUDJPY,3,NO_TRADE,110687,0.13055733735669048,0.09127951470439379,-4461.632497241866,-4461.578736693289,-4.030855021133346
NZDJPY,AUDJPY,9,TREND,2719,0.18242000735564545,0.15194821218292515,-106.78340613505593,-106.74102100870344,-3.9273043815761652
NZDJPY,AUDJPY,9,MR,19712,0.1291599025974026,0.09167219005331437,-781.3047306499484,-781.2473770707259,-3.9635994858459234
NZDJPY,AUDJPY,9,NO_TRADE,110687,0.13449637265442194,0.09472245828149517,-4399.906154714497,-4399.8888815795335,-3.9750884518638117
NZDJPY,AUDJPY,12,TREND,2719,0.18425891872011768,0.15913763780553752,-103.01240963582781,-102.93840140789534,-3.788613815219853
NZDJPY,AUDJPY,12,MR,19709,0.1288751331878837,0.09342982183542477,-783.0445846889845,-783.000395969206,-3.9730305174741716
NZDJPY,AUDJPY,12,NO_TRADE,110687,0.13371940697642903,0.09434541533203036,-4395.886155010604,-4395.865293652097,-3.971456589310943
NZDJPY,CHFJPY,2,TREND,1239,0.11218724778046812,0.07487370760298019,-53.02764914339886,-52.987334732606136,-4.279874829975695
NZDJPY,CHFJPY,2,MR,21218,0.0859647469129984,0.05555003361202046,-849.16644506664,-849.119700172425,-4.002104086467339
NZDJPY,CHFJPY,2,NO_TRADE,121806,0.08665418780684038,0.056225208281255275,-4893.86961122607,-4893.801095131989,-4.01775742674915
CHFJPY,USDJPY,6,TREND,2156,0.13218923933209648,0.09403406741821019,-84.36576537581868,-84.3231613673815,-3.9130688949823136
CHFJPY,USDJPY,6,MR,18873,0.08525406665606952,0.06782712910044655,-743.4596575848489,-743.4760767897023,-3.939276519815868
CHFJPY,USDJPY,6,NO_TRADE,122984,0.08479964873479477,0.06162610941355592,-4929.634324315113,-4929.5708704256685,-4.008354195923952
CHFJPY,USDJPY,9,TREND,2156,0.1280148423005566,0.1030254739498657,-83.49883031942996,-83.46471910862776,-3.872858549138681
CHFJPY,USDJPY,9,MR,18873,0.08509510941556721,0.06627805586275623,-751.2293333711798,-751.2123235223875,-3.9804447272356263
CHFJPY,USDJPY,9,NO_TRADE,122981,0.08644424748538392,0.061325237309820535,-4918.69115512833,-4918.6876386393415,-3.9995537157189567
CHFJPY,GBPJPY,1,TREND,2456,0.16245928338762214,0.14288155641441963,-98.86103261263956,-98.85847614774687,-4.025286344162849
CHFJPY,GBPJPY,1,MR,20098,0.10448800875709026,0.07675833072574785,-815.226571466227,-815.2473115195615,-4.056257197065515
CHFJPY,GBPJPY,1,NO_TRADE,119512,0.10439119084276056,0.07512083482871162,-4825.9047556825335,-4825.87855562514,-4.038008531095232
CHFJPY,GBPJPY,9,TREND,2456,0.1563517915309446,0.12514567515850747,-103.29748371095897,-103.29333518381418,-4.205923603866407
CHFJPY,GBPJPY,9,MR,20098,0.1087172853020201,0.08689662052209546,-791.3250934145118,-791.2712948004468,-3.9373325376381323
CHFJPY,GBPJPY,9,NO_TRADE,119504,0.10640648011782032,0.07557656951378842,-4773.145490133067,-4773.099390409043,-3.9941303137410187
CHFJPY,AUDJPY,1,TREND,2740,0.16934306569343066,0.1408524780249699,-114.75556399982176,-114.92618384330345,-4.188159270066487
CHFJPY,AUDJPY,1,MR,19698,0.1294040004061326,0.09385994930992735,-796.5075984772363,-796.4472622110238,-4.04359629646277
CHFJPY,AUDJPY,1,NO_TRADE,110823,0.12959403733881955,0.09044257167453087,-4484.023770876918,-4483.934090952177,-4.046112964706711
CHFJPY,NZDJPY,1,TREND,2764,0.17836468885672938,0.14871809386002782,-108.26997617818468,-108.32016707938286,-3.9171481974741202
CHFJPY,NZDJPY,1,MR,20953,0.1291939101799265,0.09131376880145549,-843.6634551300948,-843.6056825429899,-4.0264566178117445
CHFJPY,NZDJPY,1,NO_TRADE,120697,0.13030149879450192,0.09081167523525997,-4889.460255289555,-4889.637527905905,-4.051020535133064
CHFJPY,NZDJPY,6,TREND,2764,0.17293777134587554,0.1410102551497289,-108.65708871196382,-108.651552104524,-3.931153716062367
CHFJPY,NZDJPY,6,MR,20953,0.12943253949315134,0.0913719995353771,-841.103098273707,-841.0827862510878,-4.014237093846738
CHFJPY,NZDJPY,6,NO_TRADE,120692,0.13517880224041362,0.09393381086583195,-4813.309110714302,-4813.280528556565,-3.9880929230722018
