pair,base,quote,session,horizon,n,mean,skew,exkurt,lefttail,downrate,tstat,pval,judge
USDJPY,USD,JPY,東京 09-15,6,19471,0.0003584819216375597,-2.5788921801698605,84.51237397259334,1.0145558188558719,47.63494427610292,0.4539760044613727,0.6498511579638427,△long（弱）
USDJPY,USD,JPY,東京 09-15,12,19471,-2.410414167409679e-05,-2.4713607075304633,55.66970779720585,1.0176571819086946,47.799291253659284,-0.02110525440417099,0.9831619096922962,─
USDJPY,USD,JPY,東京 09-15,24,19471,0.0012226669238020427,2.2194273991622944,116.22628413946155,1.063656672841042,47.249756047455186,0.7137483048403911,0.47539138642961865,△long
USDJPY,USD,JPY,欧州 15-21,6,19782,0.002587901217029934,12.422525011177317,539.5338872496877,1.0438356837711542,47.27024567788899,2.940839759307967,0.003277028562271735,▲LONG
USDJPY,USD,JPY,欧州 15-21,12,19782,0.004376276362665888,7.3635214513585785,237.8429139582179,1.0417402886898814,47.366292589222525,3.4568751841787213,0.0005476259616639971,▲LONG
USDJPY,USD,JPY,欧州 15-21,24,19782,0.009444565536357691,3.2836673082701857,74.84182938848238,1.0757079334151018,46.23900515620261,5.3051509056318995,1.1379120465531256e-07,▲LONG
USDJPY,USD,JPY,NY   21-03,6,19649,0.0015669982088758684,-0.388668524794553,26.25881180406332,1.012024247642432,47.28993841925798,1.649432421600862,0.09907506293616675,△long（弱）
USDJPY,USD,JPY,NY   21-03,12,19649,0.0014781719327681211,-0.6348779368133649,16.867540832993303,1.0842453108929908,47.127080258537326,1.1414855498000533,0.25368183354747365,△long（弱）
USDJPY,USD,JPY,NY   21-03,24,19649,0.002306023079321248,-1.567899883595036,19.771159266188903,1.0960954256211641,45.3814443483129,1.3168254360848584,0.187912503108765,△long（弱）
USDJPY,USD,JPY,深夜 03-09,6,18583,0.00035169355939473456,-3.984977468737762,133.82269108468114,0.9869345777053367,48.37216811063876,0.5908144221670096,0.5546519563019929,△long（弱）
USDJPY,USD,JPY,深夜 03-09,12,18580,0.0017566212384927734,-2.0081147163741955,75.88582663291996,0.9941071124058684,48.41227125941873,2.0397338409039896,0.0413909578312978,△long（弱）
USDJPY,USD,JPY,深夜 03-09,24,18574,0.0037497682292707457,-0.3482594888733723,29.849044787367994,0.9979184144576636,48.56250672983741,2.908840474210692,0.0036320189357211706,△long（弱）
EURJPY,EUR,JPY,東京 09-15,6,19926,0.0008705134773017746,-1.8205207335093707,82.11218631573867,1.0331477818479236,47.716551239586465,1.196935681578065,0.23134586583126954,△long（弱）
EURJPY,EUR,JPY,東京 09-15,12,19926,0.0007142654880833773,-2.2806403612560144,56.963734500033155,1.0206072386883622,47.781792632741144,0.672577588828844,0.5012238629420809,△long（弱）
EURJPY,EUR,JPY,東京 09-15,24,19926,0.0035407312666078223,2.2092191623933752,102.67979429288701,1.0609731907800255,46.43179765130985,2.1520134191569316,0.03140827316414664,▲LONG
EURJPY,EUR,JPY,欧州 15-21,6,20410,0.0007399586345227864,5.427162043836531,241.97067352031922,1.03687608905506,48.01077902988731,0.8632305768934055,0.38802084916987334,△long
EURJPY,EUR,JPY,欧州 15-21,12,20410,0.0012239796571520093,4.685338326800779,146.58524345083566,1.054099303841146,48.118569328760415,0.9530860739855408,0.34055774890938717,△long
EURJPY,EUR,JPY,欧州 15-21,24,20410,0.001551992492703092,1.943178431184082,57.49209116219685,1.069482403400267,47.39343459088682,0.8783189700269977,0.37978098383848313,△long
EURJPY,EUR,JPY,NY   21-03,6,20088,0.00016656224143634402,-0.5567591805252308,14.67000743240397,1.0949831353699735,48.028673835125446,0.21389133819057415,0.8306339659991723,△long（弱）
EURJPY,EUR,JPY,NY   21-03,12,20088,-0.00013577842573528681,-0.3409194986961052,8.982769215133592,1.0860664559084248,47.57566706491438,-0.1264235995064547,0.8993978876571469,─
EURJPY,EUR,JPY,NY   21-03,24,20088,-0.0018084720354746273,-0.5015803019338391,6.589268890436019,1.1434110711292003,47.396455595380324,-1.2324887737386676,0.21778098286581216,─
EURJPY,EUR,JPY,深夜 03-09,6,18805,0.0024687191524869214,-1.5287833579136887,73.36311942847142,0.9680799801238422,45.96649827173624,4.486049926730422,7.298553249410963e-06,△long（弱）
EURJPY,EUR,JPY,深夜 03-09,12,18802,0.004584286079689129,-1.8528781031597723,56.44815149239145,0.9364130665347998,46.1812573130518,5.840792942430364,5.280949075900359e-09,△long（弱）
EURJPY,EUR,JPY,深夜 03-09,24,18796,0.008939155292161122,0.33552897933429937,17.203522191451707,0.9456511026071974,45.67993190040434,7.885608095142777,3.3003091421730707e-15,▲LONG
GBPJPY,GBP,JPY,東京 09-15,6,19993,0.001690235030078677,-1.620060003780824,82.35216448587316,1.0153767669810645,47.01645575951583,2.3206866002086626,0.020313773874188767,△long（弱）
GBPJPY,GBP,JPY,東京 09-15,12,19993,0.0017701051448219755,-1.9713147387410106,55.705028042866736,1.0190843815842763,47.19651878157355,1.6676640662902567,0.09539809425579929,△long（弱）
GBPJPY,GBP,JPY,東京 09-15,24,19993,0.0039224951968703575,2.5713402032231323,105.49523363195118,1.083736661439195,46.19116690841795,2.337867626643691,0.01940392554167271,▲LONG
GBPJPY,GBP,JPY,欧州 15-21,6,20410,0.00064595153574862,6.92201632739779,261.924802118342,1.052231106904564,48.13816756491916,0.700209854628464,0.483804239779055,△long
GBPJPY,GBP,JPY,欧州 15-21,12,20410,3.336561576346242e-05,5.0649191263527955,140.56367744731705,1.0740138157609163,48.64772170504655,0.025116178525417518,0.9799625412093893,△long
GBPJPY,GBP,JPY,欧州 15-21,24,20410,0.0006857896653555744,2.430512370902416,53.693932581492646,1.1151525237227131,47.91768740813327,0.3766895131647012,0.7064082731490128,△long
GBPJPY,GBP,JPY,NY   21-03,6,20217,0.0020528309938073713,-0.32496333030004576,11.267306833156116,1.0569042471883716,47.29682940099916,2.570873358408196,0.010151328571137557,△long（弱）
GBPJPY,GBP,JPY,NY   21-03,12,20217,0.0026190089020741956,-0.46453093062949946,7.704237121100769,1.0883298526809482,47.039620121679775,2.3878074438960426,0.01695834624610852,△long（弱）
GBPJPY,GBP,JPY,NY   21-03,24,20217,0.003380509085594199,-0.5879644853168036,5.35221459882983,1.1247094204549541,45.85744670326953,2.260450324748221,0.023803905760134334,△long（弱）
GBPJPY,GBP,JPY,深夜 03-09,6,18972,0.0023980416530564406,-1.3768890862591752,50.05736833374441,0.9696317101964583,46.21547543748682,4.448867432898274,8.681519386631633e-06,△long（弱）
GBPJPY,GBP,JPY,深夜 03-09,12,18968,0.004028493607058347,-1.2466332674212492,34.405784163938606,0.9693490926129087,46.53627161535217,5.274243319788371,1.3476756188997784e-07,△long（弱）
GBPJPY,GBP,JPY,深夜 03-09,24,18962,0.0074264076802442154,0.1002862095242277,18.16735578193332,0.970238684956141,46.392785571142284,6.561810305482195,5.453302918349737e-11,△long（弱）
AUDJPY,AUD,JPY,東京 09-15,6,19946,0.0020266137308540115,-1.0618132521132835,50.06111882124949,1.0293848550497038,47.613556602827636,2.1040020564147075,0.03539075242773363,△long（弱）
AUDJPY,AUD,JPY,東京 09-15,12,19946,0.002615946625162091,-1.3578656680333947,32.375408702714914,1.0655423612283197,46.62087636618871,1.8761144706159871,0.060654155040834594,△long（弱）
AUDJPY,AUD,JPY,東京 09-15,24,19946,0.005241418408995074,1.5219956605836764,75.85654885587198,1.0529599470561475,46.515592098666396,2.495607344282371,0.0125821851472908,▲LONG
AUDJPY,AUD,JPY,欧州 15-21,6,20297,0.001476509812498569,7.143811988465193,385.7155446727616,1.0701877729275073,47.465142631916045,1.6179384867703324,0.10569139432149732,▲LONG
AUDJPY,AUD,JPY,欧州 15-21,12,20297,0.002104817966865381,6.9631497281473935,243.26210841444228,1.0688064168016413,48.061289845790014,1.5590606436355994,0.11899761924482988,▲LONG
AUDJPY,AUD,JPY,欧州 15-21,24,20297,0.0010713353747695007,3.4840529859191363,105.1399041908269,1.097013205719709,48.2682169778785,0.5900590254804023,0.5551576469960556,△long
AUDJPY,AUD,JPY,NY   21-03,6,20236,0.0015560555298696683,0.019007803301634308,12.204715256857405,1.0204028526728695,47.37596362917573,1.7296766274731035,0.08370331617498174,△long（弱）
AUDJPY,AUD,JPY,NY   21-03,12,20236,0.0010126540985171603,-0.07591407716219564,7.398817916295371,1.0664933672757388,47.39573038149832,0.8170276758460213,0.41392223120671157,△long（弱）
AUDJPY,AUD,JPY,NY   21-03,24,20236,-0.0020824996483406895,-0.3181511201208021,4.505859145856066,1.1627918479869155,46.96580351848191,-1.2391225489697844,0.21531448973333128,─
AUDJPY,AUD,JPY,深夜 03-09,6,18991,0.0021902252223319125,-1.9030890481348668,54.91688213964147,0.9939161169803142,46.674740666631564,3.0728817545417426,0.0021230269717679487,△long（弱）
AUDJPY,AUD,JPY,深夜 03-09,12,18986,0.0021624171408863926,-1.6188333561870027,32.36884160483835,1.0280172510961718,47.09786158221848,2.1545830875064307,0.03120701250240426,△long（弱）
AUDJPY,AUD,JPY,深夜 03-09,24,18979,0.0073741962059723255,0.07311483936108032,17.7480991614599,1.0245631743935237,46.1878918804995,4.791132806210826,1.6709588126060157e-06,△long（弱）
NZDJPY,NZD,JPY,東京 09-15,6,20115,0.0021196053925526316,-0.41342330043258774,42.21275852805858,1.0082976288682644,48.10837683320905,2.4137980620046657,0.015796083553582814,△long（弱）
NZDJPY,NZD,JPY,東京 09-15,12,20115,0.002889075569889237,-0.919775984381976,28.429907908036725,1.0300859711388308,47.80014914243102,2.270092006545687,0.023212533798656308,△long（弱）
NZDJPY,NZD,JPY,東京 09-15,24,20115,0.003261061674023039,-0.5214901590793275,28.260103691815353,1.0235797806816551,46.795923440218736,1.7636620497272357,0.07780407354592656,△long（弱）
NZDJPY,NZD,JPY,欧州 15-21,6,20470,0.002496225116916895,0.9961392719765888,56.0213385233979,1.0209881732027641,47.694186614557886,3.124514299062823,0.0017834759851324165,▲LONG
NZDJPY,NZD,JPY,欧州 15-21,12,20470,0.00385253505467164,1.5321702925736203,45.17334946882344,1.0403006337104477,48.06546165119687,3.319921004213471,0.000902002281426144,▲LONG
NZDJPY,NZD,JPY,欧州 15-21,24,20470,0.0055493114569029325,0.8915063359757963,21.859237688964125,1.0739586236934302,47.0933072789448,3.4703013442351036,0.0005209455460416533,▲LONG
NZDJPY,NZD,JPY,NY   21-03,6,20301,0.0012253840993618895,-0.29454985110324033,12.389821461794254,1.0178631690949727,47.633121521107334,1.4858661907273367,0.1373300471426276,△long（弱）
NZDJPY,NZD,JPY,NY   21-03,12,20301,0.0009116354908648272,-0.3671383006785632,9.51425064423305,1.012041885957903,48.50499975370671,0.7944180337987623,0.42696139586940884,△long（弱）
NZDJPY,NZD,JPY,NY   21-03,24,20301,-0.0036082591717973723,-0.5941624951315699,6.299956489350095,1.110010633802982,48.160189153243685,-2.3251710627282645,0.020072621161738073,─
NZDJPY,NZD,JPY,深夜 03-09,6,19087,0.00231283059803019,-1.1787223178762931,30.20325188001766,0.9922363164187685,46.63907371509404,3.35010368091507,0.0008093784016644308,△long（弱）
NZDJPY,NZD,JPY,深夜 03-09,12,19084,0.0020297934861793023,-1.1857385039596293,20.934462142437795,1.02443927063061,46.929364913016144,2.087793550341044,0.0368296895550925,△long（弱）
NZDJPY,NZD,JPY,深夜 03-09,24,19077,0.006548141620306948,-0.02999251036953055,10.734206444607324,1.047692316387306,45.861508622949096,4.583559412932897,4.6002564484640294e-06,△long（弱）
CHFJPY,CHF,JPY,東京 09-15,6,19989,0.0011261070853868034,-2.1388996481373197,97.62779964102212,1.0259045136419287,47.66121366751713,1.7976180840000917,0.07225263751491398,△long（弱）
CHFJPY,CHF,JPY,東京 09-15,12,19989,0.0021623113301755224,-1.843805057966171,61.89112721577345,1.0093750008779814,47.69623292811046,2.3656896261436526,0.01800601212451042,△long（弱）
CHFJPY,CHF,JPY,東京 09-15,24,19989,0.0048246408757224345,-0.9443220345148808,39.94583528646265,1.0437528569046464,46.86077342538396,3.590169008033506,0.00033125496814076055,△long（弱）
CHFJPY,CHF,JPY,欧州 15-21,6,20530,0.0020946284953633617,0.30940962321155113,23.95614874417971,0.9939711502583345,48.17340477350219,2.926603594243241,0.0034306103443593507,▲LONG
CHFJPY,CHF,JPY,欧州 15-21,12,20530,0.0030668208545954275,0.5081191622592296,16.6094856857126,1.0163215012546618,48.09059912323429,3.0042537273439187,0.002665542865341168,▲LONG
CHFJPY,CHF,JPY,欧州 15-21,24,20530,0.00403263862632711,-0.01081124298179609,8.814948552676352,1.0038696254287245,48.15879201169021,2.7847049108741047,0.00536255175642669,△long（弱）
CHFJPY,CHF,JPY,NY   21-03,6,20298,0.0024961764056339267,-0.37706588239701594,16.401123863321047,0.9897280879084798,47.46773081091733,3.6794277142428125,0.0002343623451119344,△long（弱）
CHFJPY,CHF,JPY,NY   21-03,12,20298,0.0030151476729426497,-0.46372340553049235,10.734523411472596,1.0038042255889448,47.69928071731205,3.263647714359932,0.001101697274105182,△long（弱）
CHFJPY,CHF,JPY,NY   21-03,24,20298,0.0031193380364442753,-0.7621756236948208,9.468862674927552,1.0186775889476245,47.33963937333727,2.4657535122492695,0.013680746398342207,△long（弱）
CHFJPY,CHF,JPY,深夜 03-09,6,19087,0.0029819092441555834,-1.0392397232848345,102.50442803846317,0.9315488779064593,46.55000785875203,5.822024353466669,5.907136398360119e-09,△long（弱）
CHFJPY,CHF,JPY,深夜 03-09,12,19085,0.0057212552360635235,-1.3063930385558673,73.564529428955,0.9035345665934,45.85276395074666,7.829898243957551,5.136707761785251e-15,△long（弱）
CHFJPY,CHF,JPY,深夜 03-09,24,19082,0.011661198068851812,0.8584475641295863,25.090327711861573,0.8683585131470057,45.194424064563464,11.361978485361371,8.063434688111334e-30,▲LONG
GBPUSD,GBP,USD,東京 09-15,6,20055,0.00115703316938673,1.54753191070554,84.50358802264792,0.9713687953214071,49.025180752929444,2.837032437618384,0.00455806390812067,─
GBPUSD,GBP,USD,東京 09-15,12,20055,0.0022999568076187064,0.37549012657382574,56.8363748518848,0.9257164007098155,48.69608576414859,3.902278043957829,9.560283569884061e-05,▲LONG
GBPUSD,GBP,USD,東京 09-15,24,20055,0.002713749784492406,0.1611806152498743,27.22492150577251,0.9447078862714484,48.735976065818996,3.048826974147385,0.0023003608502176645,△long（弱）
GBPUSD,GBP,USD,欧州 15-21,6,20707,-0.00019925217718516728,-0.7084655240015196,15.454893186088835,0.9967255423149909,49.6015840054088,-0.30429505185196326,0.7609061725214302,─
GBPUSD,GBP,USD,欧州 15-21,12,20707,-0.0025791721661874833,-0.6690478640542149,9.307710491628693,1.0517391626103887,49.96378036412808,-2.7073472509507552,0.006787891666278768,─
GBPUSD,GBP,USD,欧州 15-21,24,20707,-0.005162461521059099,-0.20138047540622248,7.300455556937944,1.0740631461899106,49.91548751629883,-3.686180876056183,0.00022822553908236802,─
GBPUSD,GBP,USD,NY   21-03,6,20430,5.7346279670744885e-05,0.09582288100581897,16.17208532399708,1.0050935317918033,49.647577092511014,0.07135928378107209,0.9431125123212526,─
GBPUSD,GBP,USD,NY   21-03,12,20430,0.00017713001780267,0.2315251843472045,11.162446729303973,1.0195132943163876,49.500734214390604,0.16296332789208853,0.8705489206243897,─
GBPUSD,GBP,USD,NY   21-03,24,20430,0.0005615684679375142,0.5207435127816195,8.296697075265525,1.01117686221217,49.593734703866865,0.38468438112557785,0.7004752728134285,─
GBPUSD,GBP,USD,深夜 03-09,6,18746,0.0010277542106470992,0.013097762826025384,104.03722659222063,1.0315383768074744,46.687293289235036,2.3305312389510506,0.01978864407468157,△long（弱）
GBPUSD,GBP,USD,深夜 03-09,12,18743,0.0016167145630442729,-0.11176624167604673,72.05982127554866,1.0318232098855367,46.267940030944885,2.5859059902707533,0.009719813937527138,△long（弱）
GBPUSD,GBP,USD,深夜 03-09,24,18739,0.0019998303131997784,0.5328334495183208,53.801706585432996,1.0636381052319075,46.78478040450398,2.326469534017331,0.02000412344954144,▲LONG
AUDUSD,AUD,USD,東京 09-15,6,20001,0.0012153454780816498,0.590684548776765,27.477772060956255,1.0094874800975036,48.602569871506425,1.6694144530952781,0.09505092162769814,▲LONG
AUDUSD,AUD,USD,東京 09-15,12,20001,0.0030526807703814317,0.3089918936396435,15.941389847827214,0.9938921068255526,47.997600119994,2.9691359805951425,0.0029899258704062666,▲LONG
AUDUSD,AUD,USD,東京 09-15,24,20001,0.004091489177392445,-0.030925127156288867,10.497433352940076,1.0199390229113436,47.75261236938153,2.8504685292097367,0.004369951374653881,△long（弱）
AUDUSD,AUD,USD,欧州 15-21,6,20406,-0.0007411894336144392,-14.848289709753475,621.0405838126973,1.0438229000608217,48.66215818876801,-0.8821313781788915,0.3777161566872419,─
AUDUSD,AUD,USD,欧州 15-21,12,20406,-0.002813490904249844,-6.95370080253733,209.14786861859795,1.04914594675611,50.00490051945506,-2.4483387846902986,0.014360022888349493,─
AUDUSD,AUD,USD,欧州 15-21,24,20406,-0.006638381541059842,-3.6719690563760845,77.50685072123974,1.0519520308464612,50.205821817112614,-3.9858539251703924,6.747171468725474e-05,─
AUDUSD,AUD,USD,NY   21-03,6,20555,-0.0005250498770022463,0.4608044408584067,15.525826455337317,1.0311238671624512,50.06567745074191,-0.5416610968141015,0.588057865647311,─
AUDUSD,AUD,USD,NY   21-03,12,20555,-0.0018275824234695141,0.28870336356761056,9.129042451890788,1.0407599125162188,49.934322549258084,-1.394085054195026,0.16330699170511742,─
AUDUSD,AUD,USD,NY   21-03,24,20555,-0.005290210141364145,0.4473146516373656,7.343899568103183,1.057030246079383,50.83921187059109,-2.9497543195224565,0.003183850593772222,─
AUDUSD,AUD,USD,深夜 03-09,6,18736,0.0010248103601935385,-0.25839588278986386,83.44440786132787,1.0396420893259797,46.375960717335616,1.5525786987133903,0.12054070907198774,△long（弱）
AUDUSD,AUD,USD,深夜 03-09,12,18732,9.002428440591743e-05,-0.8300473889998404,49.51146930947365,1.063887637637739,46.82895579756566,0.09426116605859002,0.9249027057481332,△long（弱）
AUDUSD,AUD,USD,深夜 03-09,24,18726,0.00253481396070601,-0.14041643545603472,24.31213644969188,1.0886651914257344,46.31528356296059,1.8905600688957285,0.05869852039612728,△long（弱）
NZDUSD,NZD,USD,東京 09-15,6,20019,0.0003701735602985808,0.7148058030869646,21.433250979893263,1.0265014913270896,49.60787252110495,0.5310465901480387,0.5953923858176392,─
NZDUSD,NZD,USD,東京 09-15,12,20019,0.001503768439791177,0.31441229947721944,10.679672602887889,0.9905307328011688,49.59788201208852,1.5519966489909018,0.12067883401830012,─
NZDUSD,NZD,USD,東京 09-15,24,20019,0.0008638095437044304,-0.6487262169776139,13.330781083277142,1.0066955078866844,49.263199960037966,0.6234589027323396,0.5329901043161777,─
NZDUSD,NZD,USD,欧州 15-21,6,20464,-0.0007777901362530508,-3.5390017719626163,78.50224602859404,1.0219174110815052,48.90539483971853,-1.0474431616411979,0.29490760530883015,─
NZDUSD,NZD,USD,欧州 15-21,12,20464,-0.0028502825041149048,-2.1963564203276364,33.33221657168157,1.038972550468556,49.9120406567631,-2.5818714378168277,0.00983350429789411,─
NZDUSD,NZD,USD,欧州 15-21,24,20464,-0.00451271028596508,-0.9869315797867729,13.659498383012625,1.0356988352975536,50.07329945269742,-2.814904900820487,0.00488382728106774,─
NZDUSD,NZD,USD,NY   21-03,6,20548,0.0003005793216898774,0.23217166429559946,15.005070020174415,1.0018584426474975,49.71286743235351,0.31706459308152846,0.7511978118767324,─
NZDUSD,NZD,USD,NY   21-03,12,20548,-0.00013262729831448468,0.2106582912409206,9.768932480936567,0.9975528564939196,49.78586723768736,-0.1026928946505572,0.9182077152337347,─
NZDUSD,NZD,USD,NY   21-03,24,20548,-0.001819759215796036,0.1662571410815161,6.621455412513287,1.0221090369045611,50.3941989488028,-1.0488458159535339,0.2942614234784211,─
NZDUSD,NZD,USD,深夜 03-09,6,18805,0.0008437690965733409,-0.5190810357402992,50.87638860679571,1.0055197052480076,47.74793937782504,1.2805413860821193,0.20037059385947076,△long（弱）
NZDUSD,NZD,USD,深夜 03-09,12,18804,-0.0009062094725461361,-1.0984255193638204,31.67438992533308,1.0727732909690086,48.06955966815571,-0.9666393976800611,0.3337367646567413,─
NZDUSD,NZD,USD,深夜 03-09,24,18798,-0.0012901061026603011,-0.41068591822497974,15.444428066696332,1.0959357911947925,48.058304074901585,-0.9927147080835742,0.3208617837353842,─
EURGBP,EUR,GBP,東京 09-15,6,19893,0.0007730925076123419,0.619269603709463,39.65039482063095,0.9591216525625631,47.95154074297492,3.1368617434694968,0.0017101562902999486,▲LONG
EURGBP,EUR,GBP,東京 09-15,12,19893,0.0009245693735106875,0.5854319071421763,20.435214794721457,1.0215083452173797,48.363746041321065,2.5590820315848983,0.010502228198523979,▲LONG
EURGBP,EUR,GBP,東京 09-15,24,19893,0.002494846242985461,0.8622181370400156,11.66645747744594,1.0007101184098353,48.318503996380635,4.35770064232584,1.3209447705971617e-05,▲LONG
EURGBP,EUR,GBP,欧州 15-21,6,20663,0.0021045300498578373,0.0967500935008341,14.27267224085945,0.9464340845689422,49.1700140347481,4.145493642162818,3.404342597913909e-05,─
EURGBP,EUR,GBP,欧州 15-21,12,20663,0.002690775073071519,0.1581717728533691,8.400273988124987,0.9143000410579925,49.673329139040796,3.744900914155864,0.00018095476977727652,─
EURGBP,EUR,GBP,欧州 15-21,24,20663,0.002047132545452922,0.011429537865467984,4.707030516555137,0.9437243948212034,50.21536078981755,2.0138847686483765,0.0440345704152318,─
EURGBP,EUR,GBP,NY   21-03,6,20619,-0.00038027242312092634,0.3403471315981179,11.080112107043027,0.992963078030584,50.14307192395363,-0.8202005909125742,0.412111247027518,─
EURGBP,EUR,GBP,NY   21-03,12,20619,-0.001733288599671027,0.5415478992585736,13.11832315676281,1.0293993127071304,51.02090305058441,-2.6942240627582077,0.007060984347082299,▽short（弱）
EURGBP,EUR,GBP,NY   21-03,24,20619,-0.004721586012607675,0.66598755752279,8.289057800789344,1.0652843093933109,52.19942771230418,-5.495414286720503,3.944091996699882e-08,▽short（弱）
EURGBP,EUR,GBP,深夜 03-09,6,19062,0.0019584835465629637,1.991726941273122,107.5164276140835,0.8721272146894753,46.201867589969574,7.551827665107,4.485231628901627e-14,▲LONG
EURGBP,EUR,GBP,深夜 03-09,12,19062,0.003014089751671253,1.9749729049310405,65.75751829652484,0.870488776658605,46.02350225579687,8.600355900061105,8.552992284388918e-18,▲LONG
EURGBP,EUR,GBP,深夜 03-09,24,19055,0.004023991339177892,1.4706383588945933,34.29319264188952,0.8766813705895845,45.851482550511676,8.65327116579821,5.39589682992849e-18,▲LONG
EURAUD,EUR,AUD,東京 09-15,6,20531,0.00018164461801122147,0.41606092824508784,20.88741021232067,1.0169008679383376,49.841702790901564,0.32518416382702925,0.7450450070547063,─
EURAUD,EUR,AUD,東京 09-15,12,20531,-0.001345412986223996,0.09755635493191772,10.527843631572454,0.9849604428928881,51.166528663971555,-1.7045107254931722,0.08830084478569257,▽short（弱）
EURAUD,EUR,AUD,東京 09-15,24,20531,-0.002485854394417741,0.10307672987931497,5.0847426976646535,0.9946438204149046,51.89226048414592,-2.227517885059818,0.025923477973046116,▽short（弱）
EURAUD,EUR,AUD,欧州 15-21,6,21013,0.00036717552319217147,3.6071228065576904,169.79226407325615,0.9679803605625565,50.149907200304575,0.6173120033791522,0.5370356403324833,─
EURAUD,EUR,AUD,欧州 15-21,12,21013,0.0010133720817839661,5.303555342728817,157.31402088554677,0.9607625222480695,49.9833436444106,1.1000118698305361,0.2713395524420782,─
EURAUD,EUR,AUD,欧州 15-21,24,21013,0.00076169156817265,3.1421449170354907,68.38776547256754,1.0223505237897113,49.76919050111835,0.5696861072754609,0.568896704725096,─
EURAUD,EUR,AUD,NY   21-03,6,20688,0.00012161823383351315,-1.0384972744022833,25.186741402847566,1.0150594122092218,49.78731631863882,0.1850107788396502,0.8532223949128447,─
EURAUD,EUR,AUD,NY   21-03,12,20688,0.0007597527042678393,-0.6882591963049974,15.575358914599505,0.9791439996341501,49.395784996133024,0.8297816660896942,0.40667181341884806,─
EURAUD,EUR,AUD,NY   21-03,24,20688,0.002032422692040028,-0.09908036634659237,6.858152785438508,0.9644774987721054,49.52146171693735,1.6882360812372827,0.09138099229312115,─
EURAUD,EUR,AUD,深夜 03-09,6,19746,0.002746395675303078,3.0327977455724455,149.64132076492928,0.9126346629104183,47.20956143016307,6.5542097423073145,5.731936266737025e-11,▲LONG
EURAUD,EUR,AUD,深夜 03-09,12,19743,0.003415328218844566,1.5628693078690268,69.08643177640364,0.9024170700519653,47.768829458542264,5.891279144750361,3.8943896648712525e-09,▲LONG
EURAUD,EUR,AUD,深夜 03-09,24,19738,0.003912010770529634,1.387954619410807,38.5163296429217,0.9109509259356025,48.25210254331746,4.406116551768316,1.0579469114379256e-05,▲LONG
AUDNZD,AUD,NZD,東京 09-15,6,20422,0.002186113645237492,0.9169750420130949,32.676689090488054,0.9570701257350004,48.2127117814122,5.09702893389555,3.481038653960421e-07,▲LONG
AUDNZD,AUD,NZD,東京 09-15,12,20422,0.002986309286433713,0.48991314343517417,17.69126948692767,0.9516458452363147,48.23229850161591,4.974866396000255,6.582295674705387e-07,▲LONG
AUDNZD,AUD,NZD,東京 09-15,24,20422,0.005011149628080098,3.181623501273251,67.28457108319655,0.9661154499198694,48.482029184213104,5.572650870060998,2.540591435948038e-08,▲LONG
AUDNZD,AUD,NZD,欧州 15-21,6,20778,0.0004507154388287559,0.2201484553262565,734.8900088919099,0.9917114876553458,49.27326980460102,0.9219748201028168,0.3565524154657005,─
AUDNZD,AUD,NZD,欧州 15-21,12,20778,0.00034217525820685776,-0.2785347907465713,381.01808154003476,1.0001004356473242,48.878621619020116,0.518897516188065,0.6038377365300094,△long（弱）
AUDNZD,AUD,NZD,欧州 15-21,24,20778,-0.0006316389103623918,-2.2727670557384214,193.78719728515463,1.0269391151749407,49.2443931080951,-0.7530800160029472,0.45141036510603066,─
AUDNZD,AUD,NZD,NY   21-03,6,20729,0.0010539819635040264,-0.21022318446775676,8.049675519188929,0.9672145670292739,48.8976795793333,3.050892832740593,0.002284503165308653,△long（弱）
AUDNZD,AUD,NZD,NY   21-03,12,20729,0.0013316656903224026,-0.27274938261314097,5.383953056337001,1.0012864339437937,48.56963674079792,2.921116531201038,0.003491554557298421,△long（弱）
AUDNZD,AUD,NZD,NY   21-03,24,20729,0.00020420392714526502,-0.16592845712864623,5.080309764160736,1.037474451600146,48.82531718847991,0.32921864507876847,0.74199375730068,△long（弱）
AUDNZD,AUD,NZD,深夜 03-09,6,19371,0.0020721150570480284,-0.26819243163308315,30.257836454349345,0.9319544243192137,47.14263589902431,6.170077123631457,6.96113568282773e-10,△long（弱）
AUDNZD,AUD,NZD,深夜 03-09,12,19367,0.00373441865651527,0.2032158438060901,19.04904816807315,0.918487848753555,46.33655186657717,8.002071867375012,1.2918967976452292e-15,▲LONG
AUDNZD,AUD,NZD,深夜 03-09,24,19361,0.005312609878678921,-0.3114953668428357,11.245042561804118,0.8906692257881663,46.85708382831466,7.864474204486444,3.899964678857743e-15,△long（弱）
