label,n,μ(%),Skew,Kurt,VaR95(%),CVaR95(%),P(r>σ)%,P(r<-σ)%,TailRatio,OmegaRatio,Strategy,score_short,score_long,pair,base,quote,session,group
全BreakDown,19467,0.00033,-2.4097,80.932,-0.13299,-0.25503,6.73,6.97,0.9849,1.0107,▽short（中）,2,2,USDJPY,USD,JPY,"東京
09-15JST",全BreakDown
Q25,6043,-2e-05,-1.9625,50.744,-0.17427,-0.3182,6.69,7.69,0.8597,0.9994,▼SHORT（強）,4,0,USDJPY,USD,JPY,"東京
09-15JST",Q25
Q10,2354,0.00419,-1.2531,22.658,-0.20973,-0.37539,7.52,8.03,0.8981,1.0894,▽short（中）,2,2,USDJPY,USD,JPY,"東京
09-15JST",Q10
Q10+ac>0,880,-0.00516,-3.1257,28.156,-0.22554,-0.44661,6.14,8.64,0.8005,0.9006,▼SHORT（強）,4,0,USDJPY,USD,JPY,"東京
09-15JST",Q10+ac>0
Q10+ac<0,1474,0.00977,0.2096,17.264,-0.20806,-0.33267,8.68,7.6,0.9452,1.2228,▲LONG（強）,1,3,USDJPY,USD,JPY,"東京
09-15JST",Q10+ac<0
全BreakDown,19782,0.00313,14.2356,571.047,-0.14795,-0.23977,6.18,6.19,0.9591,1.0963,▲LONG（強）,1,3,USDJPY,USD,JPY,"欧州
15-21JST",全BreakDown
Q25,6540,0.00103,1.8182,56.81,-0.18291,-0.2974,8.69,9.88,0.8747,1.0258,▲LONG（強）,1,3,USDJPY,USD,JPY,"欧州
15-21JST",Q25
Q10,2639,-0.00021,0.0958,16.731,-0.22352,-0.3608,8.83,10.84,0.8574,0.9958,▼SHORT（強）,3,0,USDJPY,USD,JPY,"欧州
15-21JST",Q10
Q10+ac>0,1044,-0.0032,-1.4039,9.661,-0.24762,-0.39199,9.1,12.07,0.7581,0.9393,▼SHORT（強）,4,0,USDJPY,USD,JPY,"欧州
15-21JST",Q10+ac>0
Q10+ac<0,1595,0.00175,1.0379,21.001,-0.21012,-0.33692,8.53,9.97,0.9258,1.0362,▲LONG（強）,1,3,USDJPY,USD,JPY,"欧州
15-21JST",Q10+ac<0
全BreakDown,19649,0.00146,-0.4613,26.572,-0.1797,-0.32458,8.46,8.44,0.9866,1.0366,▽short（中）,2,2,USDJPY,USD,JPY,"NY
21-03JST",全BreakDown
Q25,6803,0.00022,-0.8357,23.339,-0.22413,-0.39785,8.36,8.83,0.9154,1.0046,▽short（中）,2,2,USDJPY,USD,JPY,"NY
21-03JST",Q25
Q10,3521,-0.00173,-1.449,19.399,-0.25705,-0.46278,9.03,9.09,0.8866,0.9701,▼SHORT（強）,4,0,USDJPY,USD,JPY,"NY
21-03JST",Q10
Q10+ac>0,1353,-0.00125,0.5673,11.079,-0.28859,-0.40363,9.83,11.31,0.7897,0.9787,▼SHORT（強）,3,1,USDJPY,USD,JPY,"NY
21-03JST",Q10+ac>0
Q10+ac<0,2168,-0.00204,-2.4139,22.839,-0.23974,-0.49598,8.63,7.75,0.949,0.9647,▼SHORT（強）,4,0,USDJPY,USD,JPY,"NY
21-03JST",Q10+ac<0
全BreakDown,18583,0.00022,-3.825,152.119,-0.09845,-0.19042,6.6,6.39,1.0055,1.0096,▲LONG（強）,1,3,USDJPY,USD,JPY,"深夜
03-09JST",全BreakDown
Q25,3901,0.00148,-2.3663,54.862,-0.13185,-0.25022,8.0,7.64,0.9866,1.0491,▽short（中）,2,2,USDJPY,USD,JPY,"深夜
03-09JST",Q25
Q10,1150,0.00326,-2.5692,43.087,-0.19202,-0.3609,6.35,7.48,0.8788,1.08,▽short（中）,2,2,USDJPY,USD,JPY,"深夜
03-09JST",Q10
Q10+ac>0,430,0.00934,0.4049,4.568,-0.22475,-0.31022,8.37,10.0,0.8762,1.2333,▲LONG（強）,1,3,USDJPY,USD,JPY,"深夜
03-09JST",Q10+ac>0
Q10+ac<0,720,-0.00037,-3.6583,54.221,-0.18113,-0.38969,5.69,5.97,0.8814,0.9909,▼SHORT（強）,4,0,USDJPY,USD,JPY,"深夜
03-09JST",Q10+ac<0
全BreakDown,19921,0.00084,-1.6819,79.751,-0.12406,-0.23056,6.83,7.19,0.9618,1.029,▽short（中）,2,2,EURJPY,EUR,JPY,"東京
09-15JST",全BreakDown
Q25,5890,0.00312,-0.5572,19.692,-0.16009,-0.27345,8.0,8.71,0.9318,1.089,▽short（中）,2,2,EURJPY,EUR,JPY,"東京
09-15JST",Q25
Q10,2158,0.00264,-0.952,14.34,-0.20458,-0.35141,8.43,8.85,0.9165,1.0579,▽short（中）,2,2,EURJPY,EUR,JPY,"東京
09-15JST",Q10
Q10+ac>0,799,0.00661,-1.3425,13.666,-0.18814,-0.38338,8.26,7.88,1.037,1.1451,▲LONG（強）,1,3,EURJPY,EUR,JPY,"東京
09-15JST",Q10+ac>0
Q10+ac<0,1359,0.00031,-0.633,14.643,-0.21611,-0.33133,8.17,9.86,0.8205,1.0067,▽short（中）,2,2,EURJPY,EUR,JPY,"東京
09-15JST",Q10+ac<0
全BreakDown,20410,0.00099,7.2554,299.856,-0.16709,-0.27417,8.05,8.54,0.9652,1.0261,▲LONG（強）,1,3,EURJPY,EUR,JPY,"欧州
15-21JST",全BreakDown
Q25,6970,-0.00253,-0.2939,10.952,-0.19492,-0.31745,10.07,11.33,0.9034,0.9435,▼SHORT（強）,4,0,EURJPY,EUR,JPY,"欧州
15-21JST",Q25
Q10,3167,-0.00715,-0.2972,9.612,-0.2509,-0.40342,9.41,11.59,0.8101,0.8734,▼SHORT（強）,4,0,EURJPY,EUR,JPY,"欧州
15-21JST",Q10
Q10+ac>0,1344,-0.01285,-1.0,4.661,-0.27871,-0.44755,9.15,11.68,0.7463,0.7907,▼SHORT（強）,4,0,EURJPY,EUR,JPY,"欧州
15-21JST",Q10+ac>0
Q10+ac<0,1823,-0.00295,0.3022,13.803,-0.2342,-0.36576,9.33,11.74,0.856,0.9442,▼SHORT（強）,3,1,EURJPY,EUR,JPY,"欧州
15-21JST",Q10+ac<0
全BreakDown,20088,0.00035,-0.6243,17.319,-0.1696,-0.26679,9.95,10.59,0.9204,1.0094,▽short（中）,2,2,EURJPY,EUR,JPY,"NY
21-03JST",全BreakDown
Q25,7309,0.00116,0.4067,8.572,-0.1882,-0.28344,10.78,11.59,0.9492,1.0278,▲LONG（強）,1,3,EURJPY,EUR,JPY,"NY
21-03JST",Q25
Q10,3557,0.0015,0.6494,7.776,-0.21827,-0.30397,10.96,12.03,0.9221,1.0311,▲LONG（強）,1,3,EURJPY,EUR,JPY,"NY
21-03JST",Q10
Q10+ac>0,1266,0.0023,1.1378,9.982,-0.21038,-0.30283,10.74,11.45,0.9525,1.0477,▲LONG（強）,1,3,EURJPY,EUR,JPY,"NY
21-03JST",Q10+ac>0
Q10+ac<0,2291,0.00105,0.3235,6.15,-0.22085,-0.30371,10.96,12.57,0.9227,1.0219,▲LONG（強）,1,3,EURJPY,EUR,JPY,"NY
21-03JST",Q10+ac<0
全BreakDown,18805,0.0024,-1.224,75.361,-0.09058,-0.17679,7.04,6.54,1.0383,1.1165,▲LONG（強）,1,3,EURJPY,EUR,JPY,"深夜
03-09JST",全BreakDown
Q25,3587,0.00489,-2.5059,52.436,-0.12688,-0.23988,7.75,7.25,0.9378,1.1815,▽short（中）,2,2,EURJPY,EUR,JPY,"深夜
03-09JST",Q25
Q10,1001,0.00546,-3.2636,49.482,-0.15528,-0.3199,7.19,6.79,1.0317,1.155,▲LONG（強）,1,3,EURJPY,EUR,JPY,"深夜
03-09JST",Q10
Q10+ac>0,386,0.01282,-0.9075,9.575,-0.16756,-0.29811,11.92,8.55,1.1829,1.3556,▲LONG（強）,1,3,EURJPY,EUR,JPY,"深夜
03-09JST",Q10+ac>0
Q10+ac<0,615,0.00084,-4.6025,70.974,-0.14049,-0.33133,4.55,5.53,0.8728,1.0242,▽short（中）,2,2,EURJPY,EUR,JPY,"深夜
03-09JST",Q10+ac<0
全BreakDown,19986,0.0018,-1.3552,79.833,-0.12354,-0.2295,6.8,6.93,0.9845,1.0629,▽short（中）,2,2,GBPJPY,GBP,JPY,"東京
09-15JST",全BreakDown
Q25,5662,0.00285,-1.068,30.768,-0.1537,-0.27949,7.61,8.14,0.9667,1.0812,▽short（中）,2,2,GBPJPY,GBP,JPY,"東京
09-15JST",Q25
Q10,1928,0.00165,-1.5336,22.527,-0.21286,-0.38102,7.83,8.25,0.9217,1.0344,▽short（中）,2,2,GBPJPY,GBP,JPY,"東京
09-15JST",Q10
Q10+ac>0,712,0.00406,-2.2014,22.205,-0.21228,-0.46719,6.18,6.04,0.964,1.0774,▽short（中）,2,2,GBPJPY,GBP,JPY,"東京
09-15JST",Q10+ac>0
Q10+ac<0,1216,0.00024,-0.4944,17.277,-0.21422,-0.33014,8.72,9.46,0.8844,1.0052,▽short（中）,2,2,GBPJPY,GBP,JPY,"東京
09-15JST",Q10+ac<0
全BreakDown,20410,0.00098,8.2765,296.843,-0.17844,-0.28426,7.83,8.22,0.948,1.0244,▲LONG（強）,1,3,GBPJPY,GBP,JPY,"欧州
15-21JST",全BreakDown
Q25,7186,-0.0035,0.106,7.879,-0.21434,-0.31872,10.59,12.18,0.8441,0.9275,▼SHORT（強）,3,0,GBPJPY,GBP,JPY,"欧州
15-21JST",Q25
Q10,3397,-0.00692,0.0063,7.095,-0.2578,-0.38048,10.21,12.22,0.7877,0.8805,▼SHORT（強）,3,0,GBPJPY,GBP,JPY,"欧州
15-21JST",Q10
Q10+ac>0,1461,-0.00764,-0.4908,1.907,-0.27237,-0.39329,10.54,12.59,0.7781,0.8712,▼SHORT（強）,4,0,GBPJPY,GBP,JPY,"欧州
15-21JST",Q10+ac>0
Q10+ac<0,1936,-0.00638,0.3541,10.618,-0.24501,-0.36814,9.71,11.93,0.8101,0.8879,▼SHORT（強）,3,1,GBPJPY,GBP,JPY,"欧州
15-21JST",Q10+ac<0
全BreakDown,20217,0.00207,-0.3981,12.159,-0.17226,-0.27292,10.6,10.43,0.951,1.0545,▽short（中）,2,2,GBPJPY,GBP,JPY,"NY
21-03JST",全BreakDown
Q25,7079,0.0024,0.2989,8.884,-0.20427,-0.29713,10.69,11.47,0.8985,1.0553,▲LONG（強）,1,3,GBPJPY,GBP,JPY,"NY
21-03JST",Q25
Q10,3463,-0.00271,0.313,7.976,-0.23805,-0.32425,10.54,12.56,0.8672,0.9486,▼SHORT（強）,3,1,GBPJPY,GBP,JPY,"NY
21-03JST",Q10
Q10+ac>0,1294,-0.00644,0.969,8.528,-0.23758,-0.33401,10.36,12.44,0.8549,0.8862,▼SHORT（強）,3,1,GBPJPY,GBP,JPY,"NY
21-03JST",Q10+ac>0
Q10+ac<0,2169,-0.00048,-0.175,7.506,-0.238,-0.31842,10.74,12.68,0.8735,0.9905,▼SHORT（強）,3,0,GBPJPY,GBP,JPY,"NY
21-03JST",Q10+ac<0
全BreakDown,18972,0.00237,-1.1014,51.775,-0.09658,-0.17778,8.24,7.43,1.0361,1.1088,▲LONG（強）,1,3,GBPJPY,GBP,JPY,"深夜
03-09JST",全BreakDown
Q25,3952,0.00351,-2.117,44.329,-0.12872,-0.23054,8.88,7.92,0.9681,1.1248,▽short（中）,2,2,GBPJPY,GBP,JPY,"深夜
03-09JST",Q25
Q10,1133,-0.00047,-2.4122,36.393,-0.17485,-0.33759,6.97,7.68,0.9132,0.9882,▼SHORT（強）,4,0,GBPJPY,GBP,JPY,"深夜
03-09JST",Q10
Q10+ac>0,463,0.00166,-0.7059,6.747,-0.20179,-0.33945,9.29,10.37,0.8892,1.0377,▽short（中）,2,2,GBPJPY,GBP,JPY,"深夜
03-09JST",Q10+ac>0
Q10+ac<0,670,-0.00195,-3.6151,57.29,-0.1401,-0.32194,5.37,5.82,0.9805,0.9478,▼SHORT（強）,4,0,GBPJPY,GBP,JPY,"深夜
03-09JST",Q10+ac<0
全BreakDown,19938,0.0021,-0.818,50.743,-0.18085,-0.31346,8.35,8.12,0.9691,1.051,▽short（中）,2,2,AUDJPY,AUD,JPY,"東京
09-15JST",全BreakDown
Q25,6406,-0.00312,-2.5964,40.195,-0.22503,-0.38418,8.29,9.41,0.8654,0.9387,▼SHORT（強）,4,0,AUDJPY,AUD,JPY,"東京
09-15JST",Q25
Q10,2662,-0.0079,-2.28,27.742,-0.27683,-0.47156,7.36,10.97,0.8035,0.8757,▼SHORT（強）,4,0,AUDJPY,AUD,JPY,"東京
09-15JST",Q10
Q10+ac>0,1051,-0.00414,-3.1087,33.278,-0.26342,-0.53345,6.18,8.09,0.8658,0.9348,▼SHORT（強）,4,0,AUDJPY,AUD,JPY,"東京
09-15JST",Q10+ac>0
Q10+ac<0,1611,-0.01035,-1.3016,18.079,-0.28227,-0.43051,8.69,13.16,0.7571,0.8372,▼SHORT（強）,4,0,AUDJPY,AUD,JPY,"東京
09-15JST",Q10+ac<0
全BreakDown,20297,0.00169,9.5053,461.258,-0.17365,-0.28302,7.56,7.97,0.9403,1.0435,▲LONG（強）,1,3,AUDJPY,AUD,JPY,"欧州
15-21JST",全BreakDown
Q25,6651,-0.00302,-1.9503,41.576,-0.20869,-0.3423,9.4,10.66,0.8805,0.9369,▼SHORT（強）,4,0,AUDJPY,AUD,JPY,"欧州
15-21JST",Q25
Q10,2793,-0.00647,0.0696,16.276,-0.26165,-0.39473,10.13,12.07,0.8278,0.8894,▼SHORT（強）,3,0,AUDJPY,AUD,JPY,"欧州
15-21JST",Q10
Q10+ac>0,1105,-0.01559,-0.2108,1.183,-0.27676,-0.35864,10.95,15.75,0.7844,0.7557,▼SHORT（強）,4,0,AUDJPY,AUD,JPY,"欧州
15-21JST",Q10+ac>0
Q10+ac<0,1688,-0.0005,0.18,22.389,-0.24905,-0.41533,9.24,10.37,0.8665,0.9909,▼SHORT（強）,3,0,AUDJPY,AUD,JPY,"欧州
15-21JST",Q10+ac<0
全BreakDown,20236,0.00163,0.0516,13.052,-0.18865,-0.30478,10.05,10.33,0.9812,1.0384,△long（中）,1,2,AUDJPY,AUD,JPY,"NY
21-03JST",全BreakDown
Q25,6984,-0.0012,0.4593,12.086,-0.22934,-0.34728,10.12,10.85,0.9032,0.9767,▼SHORT（強）,3,1,AUDJPY,AUD,JPY,"NY
21-03JST",Q25
Q10,3307,-0.00533,1.0665,11.378,-0.26228,-0.38045,9.59,11.22,0.8947,0.912,▼SHORT（強）,3,1,AUDJPY,AUD,JPY,"NY
21-03JST",Q10
Q10+ac>0,1231,-0.00892,0.4655,7.626,-0.26701,-0.39187,10.15,13.0,0.8394,0.8555,▼SHORT（強）,3,1,AUDJPY,AUD,JPY,"NY
21-03JST",Q10+ac>0
Q10+ac<0,2076,-0.0032,1.3696,13.118,-0.26103,-0.37357,9.49,10.26,0.9328,0.9466,▼SHORT（強）,3,1,AUDJPY,AUD,JPY,"NY
21-03JST",Q10+ac<0
全BreakDown,18991,0.00204,-1.5693,54.589,-0.12453,-0.24114,7.7,7.07,1.0021,1.0726,▲LONG（強）,1,3,AUDJPY,AUD,JPY,"深夜
03-09JST",全BreakDown
Q25,3932,0.00364,-1.5955,27.966,-0.17959,-0.32877,7.88,8.34,0.8966,1.0968,▽short（中）,2,2,AUDJPY,AUD,JPY,"深夜
03-09JST",Q25
Q10,1216,0.00063,-1.3341,17.606,-0.24553,-0.41764,8.55,9.46,0.8413,1.0125,▽short（中）,2,2,AUDJPY,AUD,JPY,"深夜
03-09JST",Q10
Q10+ac>0,496,0.00778,0.269,6.557,-0.23754,-0.3691,9.68,11.49,0.9906,1.155,▲LONG（強）,1,3,AUDJPY,AUD,JPY,"深夜
03-09JST",Q10+ac>0
Q10+ac<0,720,-0.00429,-2.4417,24.951,-0.25077,-0.45115,7.78,8.06,0.7704,0.9152,▼SHORT（強）,4,0,AUDJPY,AUD,JPY,"深夜
03-09JST",Q10+ac<0
全BreakDown,20109,0.00204,-0.3845,41.041,-0.1667,-0.279,8.82,8.49,0.9803,1.053,▽short（中）,2,2,NZDJPY,NZD,JPY,"東京
09-15JST",全BreakDown
Q25,6558,0.00376,-0.3191,43.834,-0.1913,-0.30939,8.63,8.55,0.9843,1.0864,▽short（中）,2,2,NZDJPY,NZD,JPY,"東京
09-15JST",Q25
Q10,2600,0.00395,-1.1067,27.887,-0.22153,-0.37047,9.19,9.08,1.045,1.0768,▲LONG（強）,1,3,NZDJPY,NZD,JPY,"東京
09-15JST",Q10
Q10+ac>0,994,0.01362,0.7979,22.452,-0.22355,-0.34014,10.26,8.25,1.0622,1.2883,▲LONG（強）,0,4,NZDJPY,NZD,JPY,"東京
09-15JST",Q10+ac>0
Q10+ac<0,1606,-0.00203,-2.2348,30.797,-0.21697,-0.38729,8.47,9.59,1.0208,0.9625,▼SHORT（強）,3,1,NZDJPY,NZD,JPY,"東京
09-15JST",Q10+ac<0
全BreakDown,20470,0.00276,1.6946,70.959,-0.16534,-0.25802,10.24,9.91,0.9766,1.0738,▲LONG（強）,1,3,NZDJPY,NZD,JPY,"欧州
15-21JST",全BreakDown
Q25,6619,0.00158,0.0544,12.389,-0.18907,-0.29406,11.04,11.45,0.9522,1.0366,△long（中）,1,2,NZDJPY,NZD,JPY,"欧州
15-21JST",Q25
Q10,2804,0.00067,0.1163,12.429,-0.23022,-0.36014,10.73,11.48,0.8764,1.0127,△long（中）,1,2,NZDJPY,NZD,JPY,"欧州
15-21JST",Q10
Q10+ac>0,1096,-0.00843,-0.5016,2.333,-0.25202,-0.36915,10.49,13.05,0.804,0.8503,▼SHORT（強）,4,0,NZDJPY,NZD,JPY,"欧州
15-21JST",Q10+ac>0
Q10+ac<0,1708,0.0065,0.3905,16.555,-0.21226,-0.35156,10.77,10.3,0.9484,1.1298,▲LONG（強）,1,3,NZDJPY,NZD,JPY,"欧州
15-21JST",Q10+ac<0
全BreakDown,20301,0.00126,-0.2779,12.898,-0.17639,-0.27817,10.43,10.51,0.9823,1.0318,▽short（中）,2,2,NZDJPY,NZD,JPY,"NY
21-03JST",全BreakDown
Q25,6965,0.00148,0.1534,13.302,-0.19778,-0.2998,10.68,10.88,0.9949,1.0329,△long（中）,1,2,NZDJPY,NZD,JPY,"NY
21-03JST",Q25
Q10,3230,0.0018,0.7469,10.838,-0.22475,-0.3196,10.56,11.27,1.0102,1.0353,▲LONG（強）,0,4,NZDJPY,NZD,JPY,"NY
21-03JST",Q10
Q10+ac>0,1218,0.00571,1.1122,8.368,-0.23159,-0.32522,10.92,10.92,1.0399,1.1114,▲LONG（強）,0,4,NZDJPY,NZD,JPY,"NY
21-03JST",Q10+ac>0
Q10+ac<0,2012,-0.00057,0.4777,12.603,-0.22283,-0.31605,10.29,11.58,0.9664,0.9889,▼SHORT（強）,3,1,NZDJPY,NZD,JPY,"NY
21-03JST",Q10+ac<0
全BreakDown,19087,0.00242,-0.9866,30.133,-0.12615,-0.23475,8.6,7.78,1.0048,1.0844,▲LONG（強）,1,3,NZDJPY,NZD,JPY,"深夜
03-09JST",全BreakDown
Q25,4078,0.00332,-1.3654,24.338,-0.17827,-0.31377,8.46,8.46,0.8885,1.0898,▽short（中）,2,2,NZDJPY,NZD,JPY,"深夜
03-09JST",Q25
Q10,1419,-0.00222,-1.4125,21.932,-0.21377,-0.35142,8.67,10.29,0.862,0.953,▼SHORT（強）,4,0,NZDJPY,NZD,JPY,"深夜
03-09JST",Q10
Q10+ac>0,582,-0.00138,0.1257,5.338,-0.22188,-0.3376,10.31,12.37,0.8797,0.9725,▼SHORT（強）,3,0,NZDJPY,NZD,JPY,"深夜
03-09JST",Q10+ac>0
Q10+ac<0,837,-0.0028,-2.543,34.294,-0.20239,-0.35666,7.53,8.6,0.8328,0.938,▼SHORT（強）,4,0,NZDJPY,NZD,JPY,"深夜
03-09JST",Q10+ac<0
全BreakDown,19983,0.00124,-1.8522,93.645,-0.10929,-0.19899,7.34,7.01,0.9775,1.0491,▽short（中）,2,2,CHFJPY,CHF,JPY,"東京
09-15JST",全BreakDown
Q25,5981,0.00251,-2.457,65.084,-0.1369,-0.23516,7.89,8.43,0.9417,1.0831,▽short（中）,2,2,CHFJPY,CHF,JPY,"東京
09-15JST",Q25
Q10,2256,0.00301,-0.5734,16.574,-0.17312,-0.28587,8.42,8.69,0.9232,1.0798,▽short（中）,2,2,CHFJPY,CHF,JPY,"東京
09-15JST",Q10
Q10+ac>0,805,-0.00434,-0.9795,16.301,-0.20044,-0.34313,6.46,9.69,0.8116,0.9057,▼SHORT（強）,4,0,CHFJPY,CHF,JPY,"東京
09-15JST",Q10+ac>0
Q10+ac<0,1451,0.00709,0.0168,13.655,-0.1533,-0.24839,10.06,8.96,1.0259,1.2139,▲LONG（強）,0,3,CHFJPY,CHF,JPY,"東京
09-15JST",Q10+ac<0
全BreakDown,20530,0.00227,0.4889,26.818,-0.14622,-0.23266,10.43,9.9,1.0107,1.0677,▲LONG（強）,0,4,CHFJPY,CHF,JPY,"欧州
15-21JST",全BreakDown
Q25,6943,0.00251,0.7167,16.079,-0.16993,-0.26646,10.1,10.27,0.9438,1.0658,▲LONG（強）,1,3,CHFJPY,CHF,JPY,"欧州
15-21JST",Q25
Q10,3099,0.00092,0.4308,11.826,-0.20553,-0.3262,9.42,10.75,0.9109,1.02,▲LONG（強）,1,3,CHFJPY,CHF,JPY,"欧州
15-21JST",Q10
Q10+ac>0,1262,0.00271,0.6414,11.807,-0.2112,-0.32708,9.03,11.09,0.9335,1.0582,▲LONG（強）,1,3,CHFJPY,CHF,JPY,"欧州
15-21JST",Q10+ac>0
Q10+ac<0,1837,-0.00031,0.2825,11.829,-0.20486,-0.32422,9.64,10.45,0.8825,0.9932,▼SHORT（強）,3,1,CHFJPY,CHF,JPY,"欧州
15-21JST",Q10+ac<0
全BreakDown,20298,0.00262,-0.2933,16.743,-0.14307,-0.22327,11.32,10.57,1.0106,1.082,▲LONG（強）,1,3,CHFJPY,CHF,JPY,"NY
21-03JST",全BreakDown
Q25,7023,0.00243,0.8137,11.04,-0.16351,-0.24379,10.94,11.15,0.9842,1.0666,▲LONG（強）,1,3,CHFJPY,CHF,JPY,"NY
21-03JST",Q25
Q10,3387,7e-05,0.9025,9.669,-0.18855,-0.27208,11.04,11.99,0.9343,1.0015,▲LONG（強）,1,3,CHFJPY,CHF,JPY,"NY
21-03JST",Q10
Q10+ac>0,1259,-0.00306,0.498,5.352,-0.1987,-0.28181,11.44,12.95,0.8502,0.934,▼SHORT（強）,3,1,CHFJPY,CHF,JPY,"NY
21-03JST",Q10+ac>0
Q10+ac<0,2128,0.00191,1.1567,12.372,-0.18436,-0.26542,10.81,11.42,0.9858,1.0462,▲LONG（強）,1,3,CHFJPY,CHF,JPY,"NY
21-03JST",Q10+ac<0
全BreakDown,19087,0.00293,-1.2005,101.893,-0.08473,-0.15602,7.97,6.56,1.0744,1.1501,▲LONG（強）,1,3,CHFJPY,CHF,JPY,"深夜
03-09JST",全BreakDown
Q25,3818,0.00728,-4.5153,82.256,-0.10853,-0.21394,7.81,5.87,1.0932,1.3088,▲LONG（強）,1,3,CHFJPY,CHF,JPY,"深夜
03-09JST",Q25
Q10,1126,0.00389,-3.7733,52.981,-0.14079,-0.2964,6.75,6.22,1.0162,1.1166,▲LONG（強）,1,3,CHFJPY,CHF,JPY,"深夜
03-09JST",Q10
Q10+ac>0,365,0.01112,0.4468,8.695,-0.14685,-0.25015,10.41,9.04,1.1467,1.3463,▲LONG（強）,0,4,CHFJPY,CHF,JPY,"深夜
03-09JST",Q10+ac>0
Q10+ac<0,761,0.00042,-4.8245,60.349,-0.13737,-0.31456,4.47,5.26,0.9587,1.0124,▽short（中）,2,2,CHFJPY,CHF,JPY,"深夜
03-09JST",Q10+ac<0
全BreakDown,20049,0.0012,0.8888,100.465,-0.07559,-0.12462,8.52,8.07,1.0358,1.0684,▲LONG（強）,0,4,GBPUSD,GBP,USD,"東京
09-15JST",全BreakDown
Q25,4937,0.00397,0.2861,109.495,-0.0798,-0.12823,8.89,7.37,1.0657,1.2237,▲LONG（強）,0,4,GBPUSD,GBP,USD,"東京
09-15JST",Q25
Q10,1270,0.00787,0.1755,4.681,-0.1046,-0.14871,13.31,9.84,1.0082,1.379,▲LONG（強）,0,3,GBPUSD,GBP,USD,"東京
09-15JST",Q10
Q10+ac>0,483,0.01125,0.6204,4.305,-0.10418,-0.14304,13.87,8.9,1.1485,1.5877,▲LONG（強）,0,4,GBPUSD,GBP,USD,"東京
09-15JST",Q10+ac>0
Q10+ac<0,787,0.00579,-0.1292,4.854,-0.10462,-0.15114,12.96,10.67,0.9875,1.2662,△long（中）,1,2,GBPUSD,GBP,USD,"東京
09-15JST",Q10+ac<0
全BreakDown,20707,-0.00016,-0.7003,15.338,-0.14085,-0.21706,11.26,11.32,1.0039,0.9951,▼SHORT（強）,3,1,GBPUSD,GBP,USD,"欧州
15-21JST",全BreakDown
Q25,7172,-0.00053,-0.8052,17.414,-0.15371,-0.23996,10.82,11.52,1.0056,0.9856,▼SHORT（強）,3,1,GBPUSD,GBP,USD,"欧州
15-21JST",Q25
Q10,3096,5e-05,0.1538,4.746,-0.17511,-0.2651,11.56,12.4,0.9665,1.0012,△long（中）,1,2,GBPUSD,GBP,USD,"欧州
15-21JST",Q10
Q10+ac>0,1236,-0.00188,-0.1932,3.638,-0.18588,-0.28188,11.49,12.62,0.8962,0.9567,▼SHORT（強）,3,0,GBPUSD,GBP,USD,"欧州
15-21JST",Q10+ac>0
Q10+ac<0,1860,0.00134,0.4005,5.515,-0.17027,-0.25345,11.61,12.31,1.0048,1.033,▲LONG（強）,0,4,GBPUSD,GBP,USD,"欧州
15-21JST",Q10+ac<0
全BreakDown,20430,4e-05,0.1036,16.153,-0.16493,-0.26716,9.75,9.91,0.992,1.0011,△long（中）,1,2,GBPUSD,GBP,USD,"NY
21-03JST",全BreakDown
Q25,7862,0.00255,0.1467,10.266,-0.17663,-0.26595,11.28,10.56,1.038,1.0644,▲LONG（強）,0,3,GBPUSD,GBP,USD,"NY
21-03JST",Q25
Q10,4225,0.00142,0.0446,5.481,-0.18919,-0.27948,11.83,11.64,1.0198,1.0326,▲LONG（強）,0,3,GBPUSD,GBP,USD,"NY
21-03JST",Q10
Q10+ac>0,1507,-0.00316,-0.2713,2.889,-0.19489,-0.27529,12.67,13.74,0.9498,0.9307,▼SHORT（強）,4,0,GBPUSD,GBP,USD,"NY
21-03JST",Q10+ac>0
Q10+ac<0,2718,0.00396,0.1784,6.492,-0.18571,-0.28155,11.59,10.71,1.0737,1.0931,▲LONG（強）,0,3,GBPUSD,GBP,USD,"NY
21-03JST",Q10+ac<0
全BreakDown,18746,0.00107,-0.5013,107.122,-0.07234,-0.13585,6.44,6.64,0.9747,1.0655,▽short（中）,2,2,GBPUSD,GBP,USD,"深夜
03-09JST",全BreakDown
Q25,3949,0.00185,5.1404,103.807,-0.09394,-0.14866,7.98,8.08,0.9593,1.0875,▲LONG（強）,1,3,GBPUSD,GBP,USD,"深夜
03-09JST",Q25
Q10,1383,0.00071,3.9161,75.515,-0.12259,-0.17989,9.47,10.2,0.9382,1.0268,▲LONG（強）,1,3,GBPUSD,GBP,USD,"深夜
03-09JST",Q10
Q10+ac>0,457,0.00402,5.7266,84.827,-0.12429,-0.20662,7.66,7.0,0.9335,1.1403,▲LONG（強）,1,3,GBPUSD,GBP,USD,"深夜
03-09JST",Q10+ac>0
Q10+ac<0,926,-0.00093,-0.0264,3.297,-0.11916,-0.16673,11.34,11.88,0.9232,0.963,▼SHORT（強）,3,0,GBPUSD,GBP,USD,"深夜
03-09JST",Q10+ac<0
全BreakDown,19994,0.00134,0.6564,32.57,-0.14987,-0.23329,10.28,10.11,0.9928,1.0388,▲LONG（強）,1,3,AUDUSD,AUD,USD,"東京
09-15JST",全BreakDown
Q25,6012,0.00344,0.3546,44.927,-0.16566,-0.25055,10.01,10.21,0.9622,1.0927,▲LONG（強）,1,3,AUDUSD,AUD,USD,"東京
09-15JST",Q25
Q10,2169,0.00496,-2.931,38.718,-0.17835,-0.28813,11.11,10.33,0.9922,1.1247,▽short（中）,2,2,AUDUSD,AUD,USD,"東京
09-15JST",Q10
Q10+ac>0,858,0.00999,-4.2561,46.759,-0.1818,-0.343,9.56,7.58,1.1017,1.2374,▲LONG（強）,1,3,AUDUSD,AUD,USD,"東京
09-15JST",Q10+ac>0
Q10+ac<0,1311,0.00167,-0.2119,2.679,-0.17754,-0.25232,12.59,12.97,0.9282,1.0435,▽short（中）,2,2,AUDUSD,AUD,USD,"東京
09-15JST",Q10+ac<0
全BreakDown,20406,-0.00098,-15.9281,634.641,-0.15442,-0.24646,7.49,7.99,0.9601,0.9731,▼SHORT（強）,4,0,AUDUSD,AUD,USD,"欧州
15-21JST",全BreakDown
Q25,6615,-0.00035,-10.6781,438.612,-0.16733,-0.2559,8.99,9.92,0.9086,0.991,▼SHORT（強）,4,0,AUDUSD,AUD,USD,"欧州
15-21JST",Q25
Q10,2636,0.00468,0.4882,6.777,-0.18365,-0.25321,12.67,12.52,0.9265,1.116,▲LONG（強）,1,3,AUDUSD,AUD,USD,"欧州
15-21JST",Q10
Q10+ac>0,945,-0.00551,-0.3558,1.48,-0.20698,-0.27932,12.28,14.18,0.7898,0.8805,▼SHORT（強）,4,0,AUDUSD,AUD,USD,"欧州
15-21JST",Q10+ac>0
Q10+ac<0,1691,0.01037,0.9118,9.213,-0.17058,-0.2343,12.71,11.41,1.0213,1.2792,▲LONG（強）,0,4,AUDUSD,AUD,USD,"欧州
15-21JST",Q10+ac<0
全BreakDown,20555,-0.00056,0.4132,15.33,-0.19793,-0.31333,9.37,10.05,0.9723,0.9878,▼SHORT（強）,3,1,AUDUSD,AUD,USD,"NY
21-03JST",全BreakDown
Q25,7863,0.00177,0.5863,7.563,-0.20065,-0.2923,11.18,11.43,1.011,1.0382,▲LONG（強）,0,4,AUDUSD,AUD,USD,"NY
21-03JST",Q25
Q10,4048,0.00168,0.4558,3.731,-0.21946,-0.29987,12.35,12.33,0.9938,1.0337,▲LONG（強）,1,3,AUDUSD,AUD,USD,"NY
21-03JST",Q10
Q10+ac>0,1497,0.00388,0.5827,5.458,-0.20456,-0.2799,12.76,12.09,1.0274,1.0821,▲LONG（強）,0,4,AUDUSD,AUD,USD,"NY
21-03JST",Q10+ac>0
Q10+ac<0,2551,0.00039,0.3958,2.898,-0.23254,-0.30987,11.96,12.5,0.966,1.0076,▲LONG（強）,1,3,AUDUSD,AUD,USD,"NY
21-03JST",Q10+ac<0
全BreakDown,18736,0.00081,-0.4179,80.367,-0.10491,-0.21357,5.77,6.22,0.9558,1.0331,▽short（中）,2,2,AUDUSD,AUD,USD,"深夜
03-09JST",全BreakDown
Q25,3691,0.00595,4.4111,77.614,-0.13821,-0.23084,7.02,6.91,0.9457,1.2037,▲LONG（強）,1,3,AUDUSD,AUD,USD,"深夜
03-09JST",Q25
Q10,1257,0.00417,2.9008,54.464,-0.17028,-0.29039,7.48,8.27,0.9524,1.1111,▲LONG（強）,1,3,AUDUSD,AUD,USD,"深夜
03-09JST",Q10
Q10+ac>0,508,0.00082,5.6386,86.548,-0.19493,-0.28405,6.89,9.65,0.8449,1.0198,▲LONG（強）,1,3,AUDUSD,AUD,USD,"深夜
03-09JST",Q10+ac>0
Q10+ac<0,749,0.00644,-0.0571,12.327,-0.14539,-0.28596,8.14,7.08,1.1014,1.1849,▲LONG（強）,0,3,AUDUSD,AUD,USD,"深夜
03-09JST",Q10+ac<0
全BreakDown,20012,0.00032,0.6473,21.613,-0.14309,-0.21476,10.46,10.96,0.9789,1.0095,▲LONG（強）,1,3,NZDUSD,NZD,USD,"東京
09-15JST",全BreakDown
Q25,6077,0.00165,1.7944,27.561,-0.15239,-0.2176,10.24,11.29,0.9712,1.0471,▲LONG（強）,1,3,NZDUSD,NZD,USD,"東京
09-15JST",Q25
Q10,2154,0.0098,3.0786,31.132,-0.16362,-0.21773,10.4,9.1,1.0058,1.281,▲LONG（強）,0,4,NZDUSD,NZD,USD,"東京
09-15JST",Q10
Q10+ac>0,745,0.02111,4.8837,48.336,-0.14061,-0.19277,9.8,5.64,1.2766,1.7133,▲LONG（強）,0,4,NZDUSD,NZD,USD,"東京
09-15JST",Q10+ac>0
Q10+ac<0,1409,0.00381,1.3946,10.226,-0.17337,-0.22681,11.21,11.92,0.9182,1.1013,▲LONG（強）,1,3,NZDUSD,NZD,USD,"東京
09-15JST",Q10+ac<0
全BreakDown,20464,-0.00097,-3.8845,84.483,-0.15467,-0.23972,10.58,10.76,0.9717,0.9738,▼SHORT（強）,4,0,NZDUSD,NZD,USD,"欧州
15-21JST",全BreakDown
Q25,6483,0.00167,-0.7211,7.978,-0.16326,-0.24464,12.86,11.99,0.9747,1.0445,▽short（中）,2,2,NZDUSD,NZD,USD,"欧州
15-21JST",Q25
Q10,2550,0.00318,-0.5352,6.603,-0.18458,-0.27511,12.82,11.92,0.9349,1.0774,▽short（中）,2,2,NZDUSD,NZD,USD,"欧州
15-21JST",Q10
Q10+ac>0,930,0.00129,-0.6087,9.022,-0.18329,-0.30649,10.86,10.54,0.9534,1.0298,▽short（中）,2,2,NZDUSD,NZD,USD,"欧州
15-21JST",Q10+ac>0
Q10+ac<0,1620,0.00426,-0.4577,3.918,-0.18426,-0.2569,14.57,12.16,0.9262,1.1073,▽short（中）,2,2,NZDUSD,NZD,USD,"欧州
15-21JST",Q10+ac<0
全BreakDown,20548,0.00023,0.2114,14.856,-0.19189,-0.30673,9.48,9.86,0.9981,1.0052,▲LONG（強）,1,3,NZDUSD,NZD,USD,"NY
21-03JST",全BreakDown
Q25,7748,0.00397,0.8515,10.455,-0.19506,-0.2845,11.38,10.83,1.0375,1.0896,▲LONG（強）,0,4,NZDUSD,NZD,USD,"NY
21-03JST",Q25
Q10,3985,0.00508,0.6946,6.884,-0.20594,-0.29569,11.62,11.34,1.0762,1.1059,▲LONG（強）,0,4,NZDUSD,NZD,USD,"NY
21-03JST",Q10
Q10+ac>0,1409,0.01064,1.333,10.86,-0.20551,-0.27786,12.56,10.57,1.0758,1.232,▲LONG（強）,0,4,NZDUSD,NZD,USD,"NY
21-03JST",Q10+ac>0
Q10+ac<0,2576,0.00203,0.3087,4.329,-0.20594,-0.3055,11.26,11.92,1.0807,1.0415,▲LONG（強）,0,4,NZDUSD,NZD,USD,"NY
21-03JST",Q10+ac<0
全BreakDown,18805,0.0005,-0.9181,52.481,-0.11168,-0.21864,6.98,6.95,0.9846,1.0187,▽short（中）,2,2,NZDUSD,NZD,USD,"深夜
03-09JST",全BreakDown
Q25,3972,0.00314,2.557,39.674,-0.14328,-0.24546,8.13,7.96,0.939,1.0982,▲LONG（強）,1,3,NZDUSD,NZD,USD,"深夜
03-09JST",Q25
Q10,1431,0.00341,-0.0647,9.593,-0.17205,-0.27846,11.53,10.41,0.9356,1.0919,△long（中）,1,2,NZDUSD,NZD,USD,"深夜
03-09JST",Q10
Q10+ac>0,546,-0.00524,-1.4071,5.072,-0.20371,-0.34355,10.81,11.9,0.8113,0.8854,▼SHORT（強）,4,0,NZDUSD,NZD,USD,"深夜
03-09JST",Q10+ac>0
Q10+ac<0,885,0.00874,1.2495,13.446,-0.14795,-0.22765,11.64,9.6,1.0503,1.2752,▲LONG（強）,0,4,NZDUSD,NZD,USD,"深夜
03-09JST",Q10+ac<0
全BreakDown,19892,0.00083,0.8478,40.602,-0.04351,-0.07602,8.53,7.65,1.0375,1.0799,▲LONG（強）,0,4,EURGBP,EUR,GBP,"東京
09-15JST",全BreakDown
Q25,4337,0.00253,0.0287,24.737,-0.04822,-0.08644,10.21,7.31,1.1257,1.2279,▲LONG（強）,0,3,EURGBP,EUR,GBP,"東京
09-15JST",Q25
Q10,959,0.0057,-0.3596,7.598,-0.05777,-0.10538,13.35,7.61,1.2053,1.4515,▲LONG（強）,1,3,EURGBP,EUR,GBP,"東京
09-15JST",Q10
Q10+ac>0,298,0.00853,0.7844,7.255,-0.05641,-0.0856,16.78,6.71,1.2971,1.7656,▲LONG（強）,0,4,EURGBP,EUR,GBP,"東京
09-15JST",Q10+ac>0
Q10+ac<0,661,0.00443,-0.7645,7.537,-0.05912,-0.1127,11.95,7.87,1.123,1.3329,▲LONG（強）,1,3,EURGBP,EUR,GBP,"東京
09-15JST",Q10+ac<0
全BreakDown,20663,0.00206,-0.0263,15.109,-0.10489,-0.16228,11.48,10.25,1.0605,1.085,▲LONG（強）,0,3,EURGBP,EUR,GBP,"欧州
15-21JST",全BreakDown
Q25,7435,0.00344,0.5203,15.578,-0.10456,-0.16532,11.3,9.68,1.119,1.1416,▲LONG（強）,0,4,EURGBP,EUR,GBP,"欧州
15-21JST",Q25
Q10,3493,0.00517,0.981,12.446,-0.11312,-0.17824,11.77,9.59,1.1542,1.1982,▲LONG（強）,0,4,EURGBP,EUR,GBP,"欧州
15-21JST",Q10
Q10+ac>0,1276,0.0035,1.2309,14.382,-0.1205,-0.20041,9.64,9.48,1.0604,1.1226,▲LONG（強）,0,4,EURGBP,EUR,GBP,"欧州
15-21JST",Q10+ac>0
Q10+ac<0,2217,0.00614,0.7631,10.009,-0.10903,-0.16497,13.4,9.7,1.2195,1.2485,▲LONG（強）,0,4,EURGBP,EUR,GBP,"欧州
15-21JST",Q10+ac<0
全BreakDown,20619,-0.0004,0.5801,14.851,-0.10306,-0.15069,11.17,11.63,1.0056,0.983,▽short（中）,2,2,EURGBP,EUR,GBP,"NY
21-03JST",全BreakDown
Q25,8186,0.0012,0.834,12.088,-0.10251,-0.148,11.54,11.25,1.0535,1.0513,▲LONG（強）,0,4,EURGBP,EUR,GBP,"NY
21-03JST",Q25
Q10,4291,0.00478,1.2062,13.975,-0.10505,-0.15109,12.42,10.18,1.1663,1.1999,▲LONG（強）,0,4,EURGBP,EUR,GBP,"NY
21-03JST",Q10
Q10+ac>0,1477,0.00509,0.716,3.301,-0.10694,-0.14395,13.88,10.9,1.2081,1.2125,▲LONG（強）,0,4,EURGBP,EUR,GBP,"NY
21-03JST",Q10+ac>0
Q10+ac<0,2814,0.00461,1.4331,18.698,-0.10434,-0.1548,11.73,9.84,1.1509,1.1933,▲LONG（強）,0,4,EURGBP,EUR,GBP,"NY
21-03JST",Q10+ac<0
全BreakDown,19062,0.00206,2.4347,114.816,-0.0413,-0.07559,8.56,6.16,1.1572,1.2121,▲LONG（強）,0,4,EURGBP,EUR,GBP,"深夜
03-09JST",全BreakDown
Q25,3724,0.00648,5.7356,109.263,-0.04807,-0.07425,11.2,6.18,1.2501,1.6552,▲LONG（強）,0,4,EURGBP,EUR,GBP,"深夜
03-09JST",Q25
Q10,996,0.00646,0.1208,4.607,-0.0546,-0.09009,15.46,9.14,1.3278,1.5113,▲LONG（強）,0,3,EURGBP,EUR,GBP,"深夜
03-09JST",Q10
Q10+ac>0,311,0.01024,0.8071,4.563,-0.05039,-0.07366,18.01,8.04,1.4775,1.8813,▲LONG（強）,0,4,EURGBP,EUR,GBP,"深夜
03-09JST",Q10+ac>0
Q10+ac<0,685,0.00474,-0.2299,4.488,-0.05759,-0.09607,14.6,9.34,1.1924,1.3621,▲LONG（強）,1,3,EURGBP,EUR,GBP,"深夜
03-09JST",Q10+ac<0
全BreakDown,20527,0.00025,0.5937,22.498,-0.11505,-0.17608,10.16,10.49,0.9777,1.0091,▲LONG（強）,1,3,EURAUD,EUR,AUD,"東京
09-15JST",全BreakDown
Q25,6374,-0.00023,0.1159,6.949,-0.12494,-0.185,10.7,11.69,0.9132,0.9919,▼SHORT（強）,3,0,EURAUD,EUR,AUD,"東京
09-15JST",Q25
Q10,2376,0.00014,-0.3045,5.897,-0.13492,-0.21292,10.69,11.36,0.9265,1.0046,▽short（中）,2,2,EURAUD,EUR,AUD,"東京
09-15JST",Q10
Q10+ac>0,922,0.00669,0.3684,8.129,-0.12131,-0.19227,11.71,8.68,1.0032,1.2494,▲LONG（強）,0,4,EURAUD,EUR,AUD,"東京
09-15JST",Q10+ac>0
Q10+ac<0,1454,-0.00401,-0.716,4.409,-0.14185,-0.22401,10.18,13.0,0.8918,0.8807,▼SHORT（強）,4,0,EURAUD,EUR,AUD,"東京
09-15JST",Q10+ac<0
全BreakDown,21013,0.00026,3.2478,161.899,-0.1243,-0.18726,11.42,10.66,1.0352,1.0089,▲LONG（強）,0,4,EURAUD,EUR,AUD,"欧州
15-21JST",全BreakDown
Q25,7126,0.00014,-0.5233,7.465,-0.13136,-0.19611,12.46,11.83,1.0237,1.0044,▲LONG（強）,1,3,EURAUD,EUR,AUD,"欧州
15-21JST",Q25
Q10,3094,0.00185,0.0679,2.89,-0.14119,-0.19745,13.48,12.38,1.0555,1.0563,▲LONG（強）,0,3,EURAUD,EUR,AUD,"欧州
15-21JST",Q10
Q10+ac>0,1095,0.00098,0.0945,4.538,-0.14025,-0.19502,13.24,12.42,0.9982,1.029,△long（中）,1,2,EURAUD,EUR,AUD,"欧州
15-21JST",Q10+ac>0
Q10+ac<0,1999,0.00233,0.0528,1.856,-0.14108,-0.19879,13.81,12.21,1.0692,1.072,▲LONG（強）,0,3,EURAUD,EUR,AUD,"欧州
15-21JST",Q10+ac<0
全BreakDown,20688,0.00017,-0.9708,24.849,-0.13996,-0.22021,10.78,10.58,0.9854,1.0054,▽short（中）,2,2,EURAUD,EUR,AUD,"NY
21-03JST",全BreakDown
Q25,7450,-0.00128,-1.4388,33.786,-0.15328,-0.23282,9.99,10.79,0.9458,0.9636,▼SHORT（強）,4,0,EURAUD,EUR,AUD,"NY
21-03JST",Q25
Q10,3795,-0.00029,0.7564,5.878,-0.16303,-0.22451,11.07,12.04,0.9539,0.9921,▼SHORT（強）,3,1,EURAUD,EUR,AUD,"NY
21-03JST",Q10
Q10+ac>0,1369,-0.00425,1.1354,9.071,-0.16764,-0.21669,9.35,13.37,0.8515,0.8895,▼SHORT（強）,3,1,EURAUD,EUR,AUD,"NY
21-03JST",Q10+ac>0
Q10+ac<0,2426,0.00194,0.5487,4.206,-0.16003,-0.22824,12.16,11.29,0.9865,1.0538,▲LONG（強）,1,3,EURAUD,EUR,AUD,"NY
21-03JST",Q10+ac<0
全BreakDown,19746,0.00296,2.9073,144.974,-0.07031,-0.11956,8.36,7.0,1.087,1.1855,▲LONG（強）,0,4,EURAUD,EUR,AUD,"深夜
03-09JST",全BreakDown
Q25,3618,0.00723,1.0621,15.551,-0.08097,-0.13207,11.61,8.07,1.1635,1.4221,▲LONG（強）,0,4,EURAUD,EUR,AUD,"深夜
03-09JST",Q25
Q10,903,0.01135,1.631,12.199,-0.09935,-0.15029,11.18,7.53,1.2774,1.5473,▲LONG（強）,0,4,EURAUD,EUR,AUD,"深夜
03-09JST",Q10
Q10+ac>0,279,0.01577,0.2636,4.321,-0.11146,-0.17388,13.26,6.45,1.6302,1.7585,▲LONG（強）,0,4,EURAUD,EUR,AUD,"深夜
03-09JST",Q10+ac>0
Q10+ac<0,624,0.00937,2.3576,16.869,-0.0978,-0.13955,10.1,7.85,1.1953,1.4526,▲LONG（強）,0,4,EURAUD,EUR,AUD,"深夜
03-09JST",Q10+ac<0
全BreakDown,20415,0.00219,0.9375,32.544,-0.07997,-0.12754,9.86,8.72,1.043,1.1162,▲LONG（強）,0,4,AUDNZD,AUD,NZD,"東京
09-15JST",全BreakDown
Q25,6738,0.00383,1.4573,32.802,-0.08163,-0.13483,9.63,7.78,1.1184,1.1965,▲LONG（強）,0,4,AUDNZD,AUD,NZD,"東京
09-15JST",Q25
Q10,3114,0.00407,0.5409,18.238,-0.08511,-0.14226,10.79,8.77,1.1684,1.1994,▲LONG（強）,0,4,AUDNZD,AUD,NZD,"東京
09-15JST",Q10
Q10+ac>0,1068,0.00325,0.4288,12.946,-0.07858,-0.1392,11.7,8.24,1.2397,1.1621,▲LONG（強）,0,4,AUDNZD,AUD,NZD,"東京
09-15JST",Q10+ac>0
Q10+ac<0,2046,0.0045,0.5849,20.204,-0.08746,-0.14297,10.12,8.99,1.1415,1.2184,▲LONG（強）,0,4,AUDNZD,AUD,NZD,"東京
09-15JST",Q10+ac<0
全BreakDown,20778,0.00052,2.9113,726.368,-0.07845,-0.12419,6.1,5.94,1.0078,1.0279,▲LONG（強）,0,4,AUDNZD,AUD,NZD,"欧州
15-21JST",全BreakDown
Q25,7135,0.00082,-17.1208,592.773,-0.07972,-0.13663,6.98,5.87,1.0712,1.0424,▲LONG（強）,1,3,AUDNZD,AUD,NZD,"欧州
15-21JST",Q25
Q10,3196,0.00346,0.513,6.331,-0.0847,-0.12,14.33,11.7,1.0998,1.1814,▲LONG（強）,0,4,AUDNZD,AUD,NZD,"欧州
15-21JST",Q10
Q10+ac>0,1148,0.00302,-0.1197,1.058,-0.09217,-0.12805,15.33,12.98,1.0309,1.1504,▲LONG（強）,0,3,AUDNZD,AUD,NZD,"欧州
15-21JST",Q10+ac>0
Q10+ac<0,2048,0.00371,0.8919,9.53,-0.0812,-0.11452,14.01,11.04,1.1301,1.2003,▲LONG（強）,0,4,AUDNZD,AUD,NZD,"欧州
15-21JST",Q10+ac<0
全BreakDown,20729,0.0011,-0.263,8.857,-0.07606,-0.11319,12.13,11.15,1.0296,1.064,▲LONG（強）,1,3,AUDNZD,AUD,NZD,"NY
21-03JST",全BreakDown
Q25,6542,0.00283,-0.534,8.702,-0.07918,-0.11992,13.15,10.62,1.0909,1.1588,▲LONG（強）,1,3,AUDNZD,AUD,NZD,"NY
21-03JST",Q25
Q10,2842,0.00288,-0.2231,5.4,-0.08786,-0.12752,13.19,10.94,1.0839,1.1463,▲LONG（強）,1,3,AUDNZD,AUD,NZD,"NY
21-03JST",Q10
Q10+ac>0,999,0.00289,0.0603,4.326,-0.09074,-0.12546,13.11,11.41,1.0188,1.146,▲LONG（強）,0,3,AUDNZD,AUD,NZD,"NY
21-03JST",Q10+ac>0
Q10+ac<0,1843,0.00287,-0.3738,5.966,-0.08571,-0.12851,13.35,10.63,1.1187,1.1464,▲LONG（強）,1,3,AUDNZD,AUD,NZD,"NY
21-03JST",Q10+ac<0
全BreakDown,19371,0.00235,-0.2609,30.633,-0.05902,-0.10207,9.8,8.05,1.0821,1.1686,▲LONG（強）,1,3,AUDNZD,AUD,NZD,"深夜
03-09JST",全BreakDown
Q25,4269,0.00813,0.7089,27.26,-0.05814,-0.10467,10.92,5.76,1.3179,1.613,▲LONG（強）,0,4,AUDNZD,AUD,NZD,"深夜
03-09JST",Q25
Q10,1131,0.01308,1.3312,15.595,-0.07047,-0.12894,10.43,5.13,1.4346,1.849,▲LONG（強）,0,4,AUDNZD,AUD,NZD,"深夜
03-09JST",Q10
Q10+ac>0,342,0.013,-0.6247,4.675,-0.06547,-0.11701,18.71,7.6,1.3605,1.9452,▲LONG（強）,1,3,AUDNZD,AUD,NZD,"深夜
03-09JST",Q10+ac>0
Q10+ac<0,789,0.01311,1.5946,15.438,-0.07225,-0.13261,9.25,4.44,1.5017,1.8134,▲LONG（強）,0,4,AUDNZD,AUD,NZD,"深夜
03-09JST",Q10+ac<0
