window,entry_thr,exit_ratio,trades,win_rate,pf,total_pnl,propagation_rate,cost_model
6,0.0015,1.0,132,0.4696969696969697,2.0723604609495325,25.082872060799776,0.9848484848484849,No cost
6,0.0015,0.2,149,0.5234899328859061,1.8826778074490222,18.710042401280827,0.9463087248322147,No cost
6,0.0015,0.5,141,0.48226950354609927,1.848318576805856,19.718146800421607,0.950354609929078,No cost
6,0.0015,0.8,135,0.48148148148148145,1.808513983152526,19.7144779669789,0.9777777777777777,No cost
3,0.001,0.5,273,0.4908424908424908,1.7836461250019418,38.775173400918234,0.9633699633699634,No cost
6,0.0015,0.1,159,0.5157232704402516,1.7728597100036845,17.238948573951845,0.949685534591195,No cost
3,0.001,0.2,282,0.4929078014184397,1.7450860996249515,36.46050661382044,0.9645390070921985,No cost
3,0.001,0.1,284,0.5105633802816901,1.7153326769140267,34.22081794100407,0.9647887323943662,No cost
3,0.001,1.0,261,0.46360153256704983,1.7121911144617978,39.36131928085234,0.9655172413793104,No cost
3,0.001,0.8,267,0.47191011235955055,1.6907805580153306,35.50768110999975,0.9662921348314607,No cost
3,0.0015,1.0,94,0.48936170212765956,1.637608294079157,12.298517235734867,0.9680851063829787,No cost
3,0.0015,0.8,97,0.5154639175257731,1.5878326300747976,10.861457790936429,0.9587628865979382,No cost
3,0.0015,0.5,98,0.5408163265306123,1.5786251938405504,10.297871668207284,0.9693877551020408,No cost
6,0.002,1.0,72,0.4861111111111111,1.576395981541246,8.31306474151508,0.9722222222222222,No cost
3,0.0005,0.2,2043,0.4654919236417034,1.5735370292081143,222.3464457515687,0.9779735682819384,No cost
3,0.0005,0.1,2067,0.4668601838413159,1.5541327048707936,211.8285021967714,0.9733913884857281,No cost
12,0.0015,0.1,282,0.42907801418439717,1.517371797518162,19.560693965897357,0.9822695035460993,No cost
6,0.001,0.5,471,0.445859872611465,1.4967660056524204,41.133947354677176,0.9681528662420382,No cost
3,0.0005,0.5,1976,0.458502024291498,1.4803627564032862,198.93099774960632,0.9691295546558705,No cost
6,0.001,0.1,522,0.446360153256705,1.472546053366204,36.68696593203153,0.9655172413793104,No cost
6,0.001,0.2,509,0.44793713163064836,1.4496840132609126,35.83758873302218,0.962671905697446,No cost
3,0.0015,0.2,101,0.5445544554455446,1.4261191366523418,7.479887279544591,0.9900990099009901,No cost
6,0.001,0.8,459,0.4444444444444444,1.4032434418943736,36.11896799552516,0.9738562091503268,No cost
6,0.0005,0.2,2975,0.4534453781512605,1.395507862425885,227.05725984491437,0.9757983193277311,No cost
12,0.0015,0.2,269,0.39776951672862454,1.3907219649185465,15.878406321952765,0.9814126394052045,No cost
3,0.0005,1.0,1879,0.44278871740287384,1.383952388420506,180.05001338923245,0.9675359233634913,No cost
6,0.0005,0.5,2741,0.45311929952572055,1.3822269648715522,229.59931119512834,0.9755563662896753,No cost
6,0.0005,0.1,3081,0.45407335280753003,1.3818706171115807,214.74412313206003,0.9746835443037974,No cost
3,0.0005,0.8,1913,0.4438055410350235,1.3749987869741445,169.6316295065088,0.967067433350758,No cost
6,0.001,1.0,452,0.4269911504424779,1.3678357683025602,35.01494063684635,0.9823008849557522,No cost
3,0.0015,0.1,104,0.5,1.3655571091168532,6.617376406995001,1.0,No cost
6,0.002,0.8,73,0.4657534246575342,1.359008776748356,5.388717016562322,0.9726027397260274,No cost
6,0.0005,0.8,2550,0.44901960784313727,1.318063505751915,206.36561760622996,0.9737254901960785,No cost
6,0.002,0.1,82,0.5365853658536586,1.3086180119368016,3.756691079906477,0.9878048780487805,No cost
12,0.002,0.1,135,0.4222222222222222,1.3047485057324404,6.069892134832055,1.0,No cost
6,0.0005,1.0,2472,0.4372977346278317,1.3025972906891379,202.86032208259508,0.9773462783171522,No cost
6,0.002,0.5,76,0.4605263157894737,1.2760883636126301,3.8484464449783378,0.9605263157894737,No cost
12,0.001,0.1,907,0.4432194046306505,1.2500795118676684,32.18393722749585,0.9823594266813671,No cost
12,0.002,0.2,128,0.40625,1.2468351519088074,5.05034123281592,1.0,No cost
12,0.001,0.2,855,0.4327485380116959,1.2337062287667457,30.51791540618803,0.9812865497076023,No cost
24,0.003,0.1,73,0.4246575342465753,1.205335192038954,1.6040075435250585,0.9863013698630136,No cost
12,0.0005,0.2,3780,0.43756613756613755,1.195005463831984,158.02633802862763,0.976984126984127,No cost
3,0.002,0.1,45,0.5333333333333333,1.185972584428828,1.56992727056135,1.0,No cost
6,0.002,0.2,80,0.5,1.179138675083297,2.4036736510071597,0.9875,No cost
12,0.0005,0.1,4034,0.43604362915220624,1.1726265990451432,140.1803972891351,0.9742191373326723,No cost
12,0.0015,0.5,248,0.42338709677419356,1.1426209360427124,6.716626386527887,0.9798387096774194,No cost
12,0.0005,0.5,3263,0.42752068648482994,1.136217062735635,115.49089833970602,0.9767085504137297,No cost
3,0.002,0.2,44,0.5,1.1346466396958887,1.2354159437696632,1.0,No cost
12,0.001,0.5,760,0.44342105263157894,1.1116375464368116,16.76970655348176,0.9789473684210527,No cost
12,0.002,0.5,121,0.4132231404958678,1.1017719829853645,2.352259703406467,0.9669421487603306,No cost
12,0.0015,0.8,246,0.42276422764227645,1.0995475604363838,4.981803731594471,0.983739837398374,No cost
24,0.003,0.2,69,0.4057971014492754,1.0907935834101452,0.754251356025193,0.9855072463768116,No cost
12,0.0005,0.8,2966,0.4194200944032367,1.0874829863073086,78.36418661042296,0.9774106540795684,No cost
24,0.0005,0.1,4651,0.42334981724360354,1.0667485259424572,69.41644577923277,0.9795742850999785,No cost
12,0.0005,1.0,2831,0.40162486753797244,1.059668463615844,56.34606726779922,0.975273754856941,No cost
6,0.003,1.0,30,0.4,1.034426048715371,0.2409657339421108,1.0,No cost
24,0.0005,0.2,4269,0.40688685874912156,1.0314907840066012,33.205922761970115,0.9791520262356523,No cost
12,0.001,0.8,724,0.44060773480662985,1.0203134560537168,3.397885601306605,0.9806629834254144,No cost
24,0.0005,0.5,3513,0.3888414460575007,1.019883590397293,21.31263166461062,0.9803586678052946,No cost
24,0.001,0.1,1418,0.4118476727785614,1.0197970907996528,4.040818407067881,0.9858956276445698,No cost
3,0.002,0.5,44,0.4772727272727273,1.0147691920134212,0.14908729565893375,0.9772727272727273,No cost
24,0.0005,0.8,3047,0.36724647193961274,1.0103469370514675,11.281190660810651,0.9796521168362323,No cost
24,0.001,0.2,1244,0.40353697749196143,0.9784765174035583,-4.541388522779243,0.9815112540192926,No cost
12,0.0015,1.0,243,0.3868312757201646,0.9749412714234161,-1.3656970327301856,0.9753086419753086,No cost
12,0.002,0.8,120,0.39166666666666666,0.969140335547519,-0.7485739789959704,0.9916666666666667,No cost
24,0.002,0.1,212,0.35377358490566035,0.968637196166382,-0.9609750981621179,0.9952830188679245,No cost
24,0.0005,1.0,2873,0.35607379046293075,0.9552378073306678,-49.7972695045797,0.9759832927253742,No cost
12,0.002,1.0,119,0.4117647058823529,0.9416056604681353,-1.4685301165913978,0.9747899159663865,No cost
24,0.001,0.5,998,0.3967935871743487,0.9283737490315082,-16.388676430209244,0.9839679358717435,No cost
12,0.003,0.2,49,0.3673469387755102,0.9268967352312985,-0.67183760200588,1.0,No cost
24,0.0015,0.1,481,0.39501039501039503,0.9203395341019822,-5.741740769823814,0.9875259875259875,No cost
12,0.001,1.0,712,0.40168539325842695,0.9101051071098941,-16.77477837428615,0.9831460674157303,No cost
3,0.002,0.8,44,0.4772727272727273,0.8961613478029177,-1.1205385787906028,1.0,No cost
12,0.003,0.5,49,0.3877551020408163,0.881223085530886,-1.1689557603053276,0.9795918367346939,No cost
3,0.002,1.0,44,0.4772727272727273,0.8770893991936667,-1.3184862487241047,0.9772727272727273,No cost
24,0.002,0.2,190,0.3473684210526316,0.8695891208094413,-4.430827720077605,1.0,No cost
3,0.003,0.5,18,0.4444444444444444,0.8496020470815189,-0.6275634725119533,0.9444444444444444,No cost
24,0.001,1.0,891,0.3602693602693603,0.8432938449627536,-41.47456688462108,0.9764309764309764,No cost
24,0.001,0.8,935,0.3679144385026738,0.8411391961961898,-40.95849697933795,0.9796791443850268,No cost
6,0.003,0.8,30,0.4,0.8374592379643947,-1.0426867799762471,1.0,No cost
24,0.0015,0.2,428,0.37616822429906543,0.8151033112973612,-14.53394162621872,0.9883177570093458,No cost
12,0.003,0.1,54,0.3888888888888889,0.7984566507821212,-1.8309981225320873,0.9814814814814815,No cost
3,0.003,0.1,18,0.5,0.7877242586246187,-0.7911505754427486,1.0,No cost
24,0.0015,0.8,343,0.36151603498542273,0.7799816190641802,-21.37962415998611,0.9737609329446064,No cost
24,0.0015,1.0,337,0.34124629080118696,0.775999320064879,-22.89803620377451,0.9881305637982196,No cost
24,0.0015,0.5,363,0.349862258953168,0.7645753944503351,-21.076226906234304,0.9752066115702479,No cost
12,0.003,0.8,49,0.3469387755102041,0.752781579618286,-2.5048758465878365,1.0,No cost
3,0.003,0.2,18,0.5555555555555556,0.7202067884445885,-1.1184995736998236,1.0,No cost
12,0.003,1.0,49,0.3673469387755102,0.6939140355133878,-3.1385311315713653,0.9795918367346939,No cost
24,0.002,0.5,173,0.3468208092485549,0.6625986166259179,-14.874471245497205,0.976878612716763,No cost
24,0.003,0.8,61,0.4098360655737705,0.6446443390559735,-4.9317924658286065,1.0,No cost
24,0.002,0.8,171,0.34502923976608185,0.6346432951102959,-18.333937669456155,0.9941520467836257,No cost
24,0.002,1.0,170,0.3235294117647059,0.6153050869355273,-20.8649463159108,0.9941176470588236,No cost
24,0.003,1.0,61,0.3770491803278688,0.6067341603699609,-5.68850199332734,1.0,No cost
6,0.003,0.1,33,0.3939393939393939,0.5875141436316045,-2.647360006520642,0.9696969696969697,No cost
3,0.003,0.8,18,0.3333333333333333,0.5783101196639492,-1.7555034507195828,1.0,No cost
6,0.003,0.2,32,0.34375,0.5736317645356752,-2.728093230703462,0.9375,No cost
24,0.003,0.5,61,0.39344262295081966,0.5479675231384826,-5.981182726090809,1.0,No cost
3,0.003,1.0,18,0.2777777777777778,0.538385888715627,-2.016216511516862,1.0,No cost
6,0.003,0.5,31,0.3225806451612903,0.5285731787526198,-3.2583599688736555,1.0,No cost
6,0.0015,1.0,137,0.3284671532846715,1.1762818178273633,6.197433270283135,0.9854014598540146,Old (0.02% fixed)
6,0.002,1.0,72,0.3333333333333333,1.110807379393663,1.9699908390470584,0.9722222222222222,Old (0.02% fixed)
6,0.0015,0.8,140,0.3357142857142857,1.0355281089654946,1.253079778296323,0.9785714285714285,Old (0.02% fixed)
6,0.0015,0.5,146,0.3424657534246575,1.0162360781013842,0.5605242899759926,0.952054794520548,Old (0.02% fixed)
3,0.0015,1.0,94,0.4148936170212766,1.0125416853682252,0.31950802460759936,0.9680851063829787,Old (0.02% fixed)
6,0.0015,0.2,150,0.4,0.9744146851680883,-0.8168938858833528,0.9466666666666667,Old (0.02% fixed)
6,0.002,0.8,73,0.3561643835616438,0.9425201602365466,-1.055013188279746,0.9726027397260274,Old (0.02% fixed)
3,0.0015,0.8,97,0.3917525773195876,0.9389796585999386,-1.5169068141957311,0.9587628865979382,Old (0.02% fixed)
6,0.0015,0.1,159,0.36477987421383645,0.9036086310399932,-3.2624634134776915,0.949685534591195,Old (0.02% fixed)
3,0.0015,0.5,98,0.3673469387755102,0.900263314851077,-2.434727591962615,0.9693877551020408,Old (0.02% fixed)
3,0.001,1.0,262,0.29770992366412213,0.8600868258868383,-12.164519368233147,0.9656488549618321,Old (0.02% fixed)
6,0.002,0.5,76,0.35526315789473684,0.827194467665391,-3.039855139606668,0.9605263157894737,Old (0.02% fixed)
3,0.001,0.5,274,0.28832116788321166,0.8081914641600376,-15.937355448761068,0.9635036496350365,Old (0.02% fixed)
6,0.003,1.0,30,0.3333333333333333,0.7926792973438292,-1.7109108010412992,1.0,Old (0.02% fixed)
3,0.001,0.8,268,0.2873134328358209,0.7916754101175455,-17.543697713429342,0.9664179104477612,Old (0.02% fixed)
3,0.0015,0.2,101,0.33663366336633666,0.7725534085171165,-5.652994688014427,0.9900990099009901,Old (0.02% fixed)
3,0.001,0.2,283,0.2756183745583039,0.7683233176957837,-19.36080824659631,0.9646643109540636,Old (0.02% fixed)
6,0.002,0.1,82,0.36585365853658536,0.764270937215364,-3.784483750552431,0.9878048780487805,Old (0.02% fixed)
12,0.002,0.1,136,0.25,0.7627747771072511,-6.7344859761235,1.0,Old (0.02% fixed)
12,0.002,0.2,129,0.26356589147286824,0.7557587249046211,-6.90812424621115,1.0,Old (0.02% fixed)
3,0.002,0.1,45,0.4,0.740754086633446,-2.7399682863311354,1.0,Old (0.02% fixed)
3,0.002,0.2,44,0.38636363636363635,0.7382312709985702,-2.974501368691596,1.0,Old (0.02% fixed)
3,0.0015,0.1,104,0.33653846153846156,0.7378788630511746,-6.68985814980146,1.0,Old (0.02% fixed)
3,0.001,0.1,285,0.27017543859649124,0.7332396318719169,-21.972725303809554,0.9649122807017544,Old (0.02% fixed)
12,0.0015,0.1,282,0.24113475177304963,0.7205134968508952,-17.397931580479906,0.9822695035460993,Old (0.02% fixed)
6,0.002,0.2,80,0.325,0.7181416236838939,-4.885508231870506,0.9875,Old (0.02% fixed)
12,0.002,0.5,122,0.27049180327868855,0.7099106453550939,-8.762106477157332,0.9672131147540983,Old (0.02% fixed)
24,0.003,0.1,73,0.3150684931506849,0.70260534924544,-3.216196291328373,0.9863013698630136,Old (0.02% fixed)
12,0.0015,0.2,270,0.24444444444444444,0.6998948396555883,-19.445557566795742,0.9814814814814815,Old (0.02% fixed)
3,0.002,0.5,44,0.36363636363636365,0.6719211958521886,-4.06128587265489,0.9772727272727273,Old (0.02% fixed)
12,0.003,0.2,49,0.30612244897959184,0.6574013176330198,-3.8891748898948575,1.0,Old (0.02% fixed)
24,0.003,0.2,69,0.30434782608695654,0.6558571988205893,-3.8945739277168596,0.9855072463768116,Old (0.02% fixed)
6,0.001,1.0,457,0.24726477024070023,0.6385697788439485,-57.01656711046921,0.9803063457330415,Old (0.02% fixed)
12,0.002,0.8,121,0.256198347107438,0.6325169208830411,-11.438808018438412,0.9917355371900827,Old (0.02% fixed)
6,0.001,0.5,476,0.24789915966386555,0.6323697758338069,-54.07782259291088,0.9684873949579832,Old (0.02% fixed)
12,0.0015,0.5,249,0.26907630522088355,0.6317463139386362,-24.884077650436616,0.9799196787148594,Old (0.02% fixed)
12,0.003,0.5,49,0.3469387755102041,0.6297543788532078,-4.386402689610659,0.9795918367346939,Old (0.02% fixed)
3,0.003,0.5,18,0.2777777777777778,0.6272934382782731,-1.8258848939377939,0.9444444444444444,Old (0.02% fixed)
6,0.001,0.8,464,0.2650862068965517,0.625103926562241,-56.68966398494684,0.9719827586206896,Old (0.02% fixed)
12,0.002,1.0,120,0.25,0.6225668922894317,-12.059607778929394,0.975,Old (0.02% fixed)
12,0.0015,0.8,247,0.2834008097165992,0.6225000247940605,-26.642978787373057,0.9838056680161943,Old (0.02% fixed)
6,0.003,0.8,30,0.36666666666666664,0.6074191382009334,-2.995171926601259,1.0,Old (0.02% fixed)
3,0.002,0.8,44,0.36363636363636365,0.5927307746223671,-5.331731760010866,1.0,Old (0.02% fixed)
3,0.002,1.0,44,0.3409090909090909,0.576527682066567,-5.529754983578966,0.9772727272727273,Old (0.02% fixed)
12,0.0015,1.0,244,0.27049180327868855,0.5640064779359192,-33.13598043313456,0.9795081967213115,Old (0.02% fixed)
6,0.001,0.2,512,0.212890625,0.557471817457379,-66.39091553812054,0.962890625,Old (0.02% fixed)
3,0.003,0.1,18,0.3333333333333333,0.5499676400497037,-1.9895820484810978,1.0,Old (0.02% fixed)
6,0.001,0.1,525,0.21142857142857144,0.5497293186805644,-67.06239970961475,0.9657142857142857,Old (0.02% fixed)
24,0.002,0.1,214,0.2102803738317757,0.5373028099045668,-21.30597069466647,0.9953271028037384,Old (0.02% fixed)
12,0.003,0.8,49,0.30612244897959184,0.5326731978118029,-5.722754917849238,1.0,Old (0.02% fixed)
12,0.003,0.1,54,0.25925925925925924,0.532272597736848,-5.382085199978164,0.9814814814814815,Old (0.02% fixed)
24,0.002,0.2,191,0.225130890052356,0.5274981308648741,-22.124186076602996,1.0,Old (0.02% fixed)
3,0.003,0.2,18,0.2777777777777778,0.5042088606244397,-2.317082704240766,1.0,Old (0.02% fixed)
24,0.0015,1.0,342,0.25146198830409355,0.49311130449996815,-67.22628573033852,0.9883040935672515,Old (0.02% fixed)
12,0.003,1.0,49,0.2653061224489796,0.487814623081992,-6.356587422983894,0.9795918367346939,Old (0.02% fixed)
24,0.0015,0.8,347,0.25936599423631124,0.48089746965440133,-66.24438356468595,0.9711815561959655,Old (0.02% fixed)
12,0.001,0.5,771,0.2438391699092088,0.4653088837253301,-133.72600198745346,0.9766536964980544,Old (0.02% fixed)
12,0.001,0.8,737,0.24423337856173677,0.46060035662950094,-142.28841235654733,0.9782903663500678,Old (0.02% fixed)
24,0.002,0.8,172,0.2558139534883721,0.4529877994769665,-32.97803920842618,0.9941860465116279,Old (0.02% fixed)
24,0.002,0.5,174,0.2413793103448276,0.4502525128961898,-30.18876525538242,0.9770114942528736,Old (0.02% fixed)
24,0.0015,0.5,366,0.22950819672131148,0.4492685475466411,-67.75806347770609,0.9699453551912568,Old (0.02% fixed)
24,0.001,1.0,920,0.24347826086956523,0.44910568547744595,-214.19546053348392,0.9728260869565217,Old (0.02% fixed)
24,0.003,0.8,61,0.3442622950819672,0.4474468807625516,-9.166879671779853,1.0,Old (0.02% fixed)
24,0.002,1.0,171,0.26900584795321636,0.4463334556394829,-35.63083019041016,0.9941520467836257,Old (0.02% fixed)
12,0.001,0.2,864,0.21875,0.4366489206800374,-141.57089355917037,0.9791666666666666,Old (0.02% fixed)
12,0.001,1.0,725,0.24551724137931036,0.43628358997838246,-159.3367920064837,0.9793103448275862,Old (0.02% fixed)
24,0.003,1.0,61,0.32786885245901637,0.4249798150425451,-9.911844158150183,1.0,Old (0.02% fixed)
24,0.001,0.8,966,0.22981366459627328,0.4244291687543986,-224.73377787348463,0.9782608695652174,Old (0.02% fixed)
12,0.001,0.1,916,0.20305676855895197,0.41808653247342287,-149.8780756466126,0.9792576419213974,Old (0.02% fixed)
24,0.0015,0.1,483,0.19875776397515527,0.41312685303682484,-69.00961630199261,0.9875776397515528,Old (0.02% fixed)
24,0.001,0.5,1028,0.22568093385214008,0.4117185174901636,-219.13736744193284,0.9824902723735408,Old (0.02% fixed)
24,0.0015,0.2,430,0.2186046511627907,0.4082539373235101,-69.85256801111643,0.9883720930232558,Old (0.02% fixed)
3,0.003,0.8,18,0.2222222222222222,0.40786052060481226,-2.954365386946008,1.0,Old (0.02% fixed)
3,0.0005,1.0,1922,0.204474505723205,0.4066874862443137,-597.8026559354687,0.9661810613943809,Old (0.02% fixed)
6,0.0005,1.0,2600,0.2123076923076923,0.3912556717242865,-851.8840331357031,0.9753846153846154,Old (0.02% fixed)
3,0.0005,0.8,1953,0.19866871479774706,0.3872103312369666,-614.7357491421014,0.967741935483871,Old (0.02% fixed)
3,0.003,1.0,18,0.2222222222222222,0.3857499746803591,-3.215170101306379,1.0,Old (0.02% fixed)
6,0.003,0.1,33,0.30303030303030304,0.38527913171922806,-4.847269784142943,0.9696969696969697,Old (0.02% fixed)
6,0.003,0.2,32,0.28125,0.38432162950906607,-4.861385940582127,0.9375,Old (0.02% fixed)
3,0.0005,0.5,2007,0.19182859990034878,0.37821718850974806,-607.8462944869011,0.9691081215744893,Old (0.02% fixed)
6,0.0005,0.8,2671,0.21153126169973793,0.3766478866448823,-866.5251791835931,0.9711718457506552,Old (0.02% fixed)
3,0.0005,0.2,2064,0.1923449612403101,0.37047135973492795,-607.3410492508331,0.9772286821705426,Old (0.02% fixed)
24,0.003,0.5,61,0.26229508196721313,0.3670192410753512,-10.182379217233363,1.0,Old (0.02% fixed)
6,0.003,0.5,31,0.2903225806451613,0.3618309840355883,-5.278474334645143,1.0,Old (0.02% fixed)
3,0.0005,0.1,2088,0.18582375478927204,0.3550314070365293,-625.1021913370907,0.9727011494252874,Old (0.02% fixed)
24,0.001,0.2,1271,0.17466561762391816,0.35067600832565166,-256.4187366766681,0.978756884343037,Old (0.02% fixed)
6,0.0005,0.5,2840,0.19612676056338027,0.3480771662502778,-913.621902816413,0.9721830985915493,Old (0.02% fixed)
24,0.0005,1.0,3348,0.17951015531660694,0.3478340198981251,-1405.9315603583177,0.97610513739546,Old (0.02% fixed)
12,0.0005,1.0,3138,0.20650095602294455,0.3427608511163024,-1225.675740841696,0.9764181007010835,Old (0.02% fixed)
24,0.0005,0.8,3518,0.1856168277430358,0.3402589266650059,-1450.3154553837205,0.9792495736213758,Old (0.02% fixed)
24,0.001,0.1,1445,0.15155709342560553,0.32530456755092046,-283.2074184763169,0.9833910034602076,Old (0.02% fixed)
12,0.0005,0.8,3259,0.1979134703896901,0.3229815630688779,-1259.086232802395,0.9785210187173979,Old (0.02% fixed)
6,0.0005,0.2,3060,0.1803921568627451,0.3125116158687186,-1000.8085521362743,0.9748366013071895,Old (0.02% fixed)
12,0.0005,0.5,3521,0.19028685032661175,0.30457081357249244,-1311.7545615102258,0.9758591309287135,Old (0.02% fixed)
24,0.0005,0.5,3962,0.17819283190307925,0.29651025008984366,-1645.581165891778,0.9810701665825341,Old (0.02% fixed)
6,0.0005,0.1,3160,0.1680379746835443,0.28991803227083085,-1055.947183861053,0.9727848101265822,Old (0.02% fixed)
12,0.0005,0.2,3973,0.16989680342310595,0.2711694485620204,-1446.3229564104527,0.9760885980367481,Old (0.02% fixed)
24,0.0005,0.2,4643,0.1587335774283868,0.2533725478580242,-1881.44758311477,0.9797544690932587,Old (0.02% fixed)
12,0.0005,0.1,4215,0.15634638196915776,0.24675544284388226,-1553.6979337252328,0.9734282325029656,Old (0.02% fixed)
24,0.0005,0.1,5001,0.15236952609478105,0.23894228608117268,-1980.1560364788222,0.981003799240152,Old (0.02% fixed)
6,0.0015,1.0,136,0.4264705882352941,1.69001236905679,18.93130036623218,0.9852941176470589,Realistic
6,0.0015,0.2,149,0.4563758389261745,1.5761397393796788,13.565916323048263,0.9463087248322147,Realistic
6,0.0015,0.5,145,0.4413793103448276,1.5343929483879128,14.151389593968554,0.9517241379310345,Realistic
6,0.0015,0.8,139,0.4460431654676259,1.5155467301658714,14.27177005181742,0.9784172661870504,Realistic
6,0.0015,0.1,159,0.4339622641509434,1.4677364269091884,11.691972443447883,0.949685534591195,Realistic
3,0.0015,1.0,94,0.46808510638297873,1.4285611530451123,8.995295886308575,0.9680851063829787,Realistic
6,0.002,1.0,72,0.4444444444444444,1.4280200822611022,6.532069921426187,0.9722222222222222,Realistic
3,0.001,0.5,274,0.4343065693430657,1.3773384936438882,22.1615032031256,0.9635036496350365,Realistic
3,0.0015,0.8,97,0.4948453608247423,1.3692547009585287,7.444872634768341,0.9587628865979382,Realistic
3,0.001,1.0,262,0.40076335877862596,1.3639780334774856,23.47201761061279,0.9656488549618321,Realistic
3,0.0015,0.5,98,0.5204081632653061,1.3510771880757997,6.830991433058875,0.9693877551020408,Realistic
3,0.001,0.2,283,0.43109540636042404,1.3449111253736101,20.02241027217027,0.9646643109540636,Realistic
3,0.001,0.8,268,0.417910447761194,1.3170108109944991,19.204878289314003,0.9664179104477612,Realistic
3,0.001,0.1,285,0.43859649122807015,1.3119529946927624,17.706007813206803,0.9649122807017544,Realistic
6,0.002,0.8,73,0.4383561643835616,1.2256153404190666,3.5838621258069696,0.9726027397260274,Realistic
12,0.0015,0.1,282,0.36879432624113473,1.2063358833689177,9.099611953681588,0.9822695035460993,Realistic
3,0.0015,0.2,101,0.4752475247524752,1.202282497029369,3.913996671740565,0.9900990099009901,Realistic
3,0.0015,0.1,104,0.46153846153846156,1.1480083674060737,2.966199789461297,1.0,Realistic
6,0.002,0.5,76,0.4342105263157895,1.1325218142389017,1.9691076503258187,0.9605263157894737,Realistic
6,0.002,0.1,82,0.45121951219512196,1.1298566785361006,1.7028718261242752,0.9878048780487805,Realistic
6,0.001,0.5,475,0.35578947368421054,1.129095335454653,12.949457254603447,0.968421052631579,Realistic
12,0.0015,0.2,270,0.3296296296296296,1.125357965653235,5.906462238931507,0.9814814814814815,Realistic
12,0.002,0.1,135,0.362962962962963,1.1144010010521523,2.5152821129471015,1.0,Realistic
12,0.002,0.2,128,0.359375,1.0814976500445075,1.815301354305826,1.0,Realistic
6,0.001,0.8,463,0.367170626349892,1.0801506355265051,8.528310795752889,0.9740820734341252,Realistic
6,0.001,0.1,524,0.36259541984732824,1.066431248985361,6.371235590725444,0.9656488549618321,Realistic
3,0.002,0.1,45,0.5111111111111111,1.0663672087560498,0.5865995201037308,1.0,Realistic
6,0.001,1.0,456,0.3574561403508772,1.065762282754352,7.403733172007492,0.9824561403508771,Realistic
6,0.001,0.2,511,0.36007827788649704,1.0623536077193598,6.093343871319991,0.9628180039138943,Realistic
24,0.003,0.1,73,0.410958904109589,1.0337248709869111,0.288393230205704,0.9863013698630136,Realistic
3,0.002,0.2,44,0.4772727272727273,1.028951257723029,0.2774187027193007,1.0,Realistic
6,0.002,0.2,80,0.4375,1.0287428252424708,0.41333399598281195,0.9875,Realistic
3,0.0005,0.2,2047,0.3610161211529067,0.9738581069581335,-13.666523033285525,0.9780166096726918,Realistic
12,0.002,0.5,121,0.36363636363636365,0.9718058781990377,-0.7012488051540702,0.9669421487603306,Realistic
6,0.003,1.0,30,0.36666666666666664,0.9668894080195486,-0.24113802411788576,1.0,Realistic
12,0.0015,0.5,249,0.3614457831325301,0.9574049005918145,-2.2370094460861445,0.9759036144578314,Realistic
3,0.0005,0.1,2071,0.3553838725253501,0.9497273963961148,-26.081799081586034,0.9729599227426364,Realistic
3,0.0005,0.5,1981,0.3528520949015649,0.9460788610702364,-29.537890035769475,0.9697122665320546,Realistic
24,0.003,0.2,69,0.37681159420289856,0.9359897709573584,-0.5852065462688865,0.9855072463768116,Realistic
3,0.0005,1.0,1888,0.3469279661016949,0.9333950963365089,-39.879136813972465,0.9682203389830508,Realistic
12,0.0015,0.8,247,0.3603238866396761,0.9250052601220682,-4.1816863311892085,0.979757085020243,Realistic
3,0.002,0.5,44,0.45454545454545453,0.923214620468908,-0.8090858684224045,0.9772727272727273,Realistic
3,0.0005,0.8,1919,0.341323606044815,0.9134815972940069,-50.487792296548534,0.969254820218864,Realistic
6,0.0005,1.0,2513,0.35057699960206923,0.8871626046514703,-96.02695461236098,0.9781138081973737,Realistic
12,0.001,0.2,858,0.3344988344988345,0.8830561341119643,-18.813431473432225,0.9801864801864801,Realistic
6,0.0005,0.8,2589,0.3530320587099266,0.8809424336008042,-98.67809530445882,0.973735032831209,Realistic
6,0.0005,0.5,2773,0.35124413992066356,0.8770621790568066,-97.80908828196321,0.9747565813198702,Realistic
12,0.001,0.1,910,0.3373626373626374,0.8762829711870523,-19.818697084171994,0.9813186813186813,Realistic
12,0.002,0.8,120,0.3333333333333333,0.855086793229916,-3.7768223606315363,0.9916666666666667,Realistic
12,0.001,0.5,765,0.3673202614379085,0.8510167634761163,-26.100541029376984,0.9764705882352941,Realistic
6,0.0005,0.2,3004,0.340878828229028,0.8428227041209401,-123.7417579497907,0.975699067909454,Realistic
12,0.003,0.2,49,0.32653061224489793,0.8418099888986239,-1.5422249718212897,1.0,Realistic
12,0.002,1.0,119,0.3445378151260504,0.8335406854986637,-4.474996800169133,0.9747899159663865,Realistic
12,0.0015,1.0,244,0.3360655737704918,0.8188202812586929,-11.079614560707457,0.9754098360655737,Realistic
3,0.002,0.8,44,0.45454545454545453,0.8149445247004502,-2.0788644937513587,1.0,Realistic
6,0.0005,0.1,3108,0.33204633204633205,0.8104113268895551,-148.82603709164863,0.9745817245817245,Realistic
24,0.002,0.1,214,0.2897196261682243,0.8097561035146418,-6.657467489607825,0.9953271028037384,Realistic
12,0.001,0.8,730,0.3698630136986301,0.8048091611437217,-37.31122303020351,0.9780821917808219,Realistic
12,0.003,0.5,49,0.3877551020408163,0.8035207831561705,-2.0393609541985804,0.9795918367346939,Realistic
3,0.002,1.0,44,0.4318181818181818,0.7962038877689697,-2.276830382568373,0.9772727272727273,Realistic
3,0.003,0.5,18,0.4444444444444444,0.7812071535344901,-0.9550823256454881,0.9444444444444444,Realistic
6,0.003,0.8,30,0.36666666666666664,0.7723349300218174,-1.524942871079201,1.0,Realistic
24,0.002,0.2,191,0.2931937172774869,0.7546601988625161,-9.146692452374205,1.0,Realistic
12,0.0005,1.0,2925,0.3312820512820513,0.748054209845026,-294.0690393546072,0.9774358974358974,Realistic
12,0.0005,0.8,3059,0.33801896044458973,0.7424739081448565,-290.36637607859916,0.9784243216737496,Realistic
12,0.0005,0.5,3344,0.333133971291866,0.7408553068185308,-285.5678499483879,0.9766746411483254,Realistic
12,0.001,1.0,718,0.34540389972144847,0.7334427927382567,-56.19464653629675,0.9805013927576601,Realistic
12,0.0005,0.2,3843,0.3289097059588863,0.728342681097055,-298.58289945551655,0.9771012230028624,Realistic
24,0.0005,0.8,3185,0.2957613814756672,0.717553587467562,-384.69073943608475,0.9802197802197802,Realistic
24,0.001,0.5,1010,0.3306930693069307,0.7159740939553897,-76.04744883395176,0.9841584158415841,Realistic
12,0.003,0.1,54,0.3333333333333333,0.7139026459823108,-2.774842589481371,0.9814814814814815,Realistic
3,0.003,0.1,18,0.5,0.7135090996094623,-1.1187025341024746,1.0,Realistic
24,0.0015,0.1,481,0.3305613305613306,0.7125676984275588,-24.07273388870553,0.9875259875259875,Realistic
24,0.0005,1.0,3019,0.2858562437893342,0.7008026922402396,-409.6184405159944,0.9784696919509771,Realistic
24,0.001,0.2,1256,0.3184713375796178,0.6978837995026886,-78.33762957803435,0.9808917197452229,Realistic
12,0.0005,0.1,4098,0.32406051732552466,0.6932437648723726,-342.81553516586956,0.9741337237676916,Realistic
24,0.001,0.1,1431,0.3053808525506639,0.6926648161504456,-79.42705589432742,0.9853249475890985,Realistic
24,0.001,1.0,903,0.31561461794019935,0.6918464518874236,-92.13036197241365,0.9767441860465116,Realistic
24,0.001,0.8,946,0.31606765327695563,0.6880997763748173,-91.05078667482857,0.9788583509513742,Realistic
12,0.003,0.8,49,0.3469387755102041,0.6846881518968309,-3.375413882984698,1.0,Realistic
24,0.0005,0.5,3655,0.3006839945280438,0.6843551823352184,-437.0339102928268,0.9824897400820793,Realistic
24,0.0015,1.0,339,0.3008849557522124,0.6625935698873442,-37.64975738385776,0.9911504424778761,Realistic
24,0.0015,0.8,345,0.3072463768115942,0.65785535823375,-36.54142395100129,0.9739130434782609,Realistic
24,0.0015,0.2,428,0.3177570093457944,0.6544074486730139,-30.888157365391045,0.9883177570093458,Realistic
3,0.003,0.2,18,0.5555555555555556,0.6522662271096318,-1.4460881948149726,1.0,Realistic
24,0.0015,0.5,364,0.29945054945054944,0.6473298578441434,-34.940736747881715,0.9752747252747253,Realistic
24,0.0005,0.2,4384,0.3061131386861314,0.6410563370161139,-508.7075118549909,0.980155109489051,Realistic
24,0.0005,0.1,4759,0.31077957554108004,0.6398859440671046,-511.17696247750314,0.9802479512502627,Realistic
12,0.003,1.0,49,0.32653061224489793,0.629313690632456,-4.009088986014431,0.9795918367346939,Realistic
24,0.002,0.5,174,0.3045977011494253,0.5978003095453261,-18.86133490714839,0.9770114942528736,Realistic
24,0.002,0.8,172,0.3081395348837209,0.581423590250749,-22.09634640056457,0.9941860465116279,Realistic
24,0.003,0.8,61,0.3770491803278688,0.5767535365885265,-6.2336987742506365,1.0,Realistic
24,0.002,1.0,171,0.29239766081871343,0.561137071693958,-25.189404337161854,0.9941520467836257,Realistic
24,0.003,1.0,61,0.3770491803278688,0.5449612344705396,-6.97921628832987,1.0,Realistic
3,0.003,0.8,18,0.3333333333333333,0.5260631578202938,-2.0831601194705724,1.0,Realistic
6,0.003,0.1,33,0.36363636363636365,0.5238713155810582,-3.226311694756882,0.9696969696969697,Realistic
6,0.003,0.2,32,0.34375,0.5135949588915204,-3.290192382780814,0.9375,Realistic
3,0.003,1.0,18,0.2777777777777778,0.4923401610013398,-2.343893883132849,1.0,Realistic
24,0.003,0.5,61,0.3770491803278688,0.48405967459316634,-7.248667737814573,1.0,Realistic
6,0.003,0.5,31,0.3225806451612903,0.4803046612761382,-3.757657642570392,1.0,Realistic
