window,entry_thr,exit_ratio,trades,win_rate,avg_pnl,total_pnl,pf,max_dd,stop_cnt,reduced_cnt,case_a,case_b,prop_Real,prop_Pseudo,prop_Both,prop_Neither,propagation_rate
3,0.0015,1.0,99,0.40404040404040403,0.004032319692124478,0.3991996495203233,1.0154373133089287,-12.61081650364619,24,75,5,94,15,76,5,3,0.9696969696969697
24,0.003,0.1,91,0.4065934065934066,-0.002905326180996675,-0.2643846824706974,0.9764660833476531,-4.537699744448695,6,85,21,70,16,65,9,1,0.989010989010989
6,0.0015,1.0,158,0.2911392405063291,-0.00993086460645395,-1.5690766078197242,0.9630996024732025,-15.441856141137169,35,123,24,134,35,111,10,2,0.9873417721518988
3,0.0015,0.8,102,0.38235294117647056,-0.013374130188237751,-1.3641612792002507,0.9458014393644751,-12.926782544367006,23,79,5,97,21,71,6,4,0.9607843137254902
24,0.003,0.2,85,0.4,-0.00861060151873065,-0.7319011290921051,0.9368260693948772,-5.502846379983755,7,78,17,68,15,60,9,1,0.9882352941176471
3,0.0015,0.5,106,0.3584905660377358,-0.027078133720568952,-2.870282174380309,0.887672376502258,-14.092294757805307,21,85,8,98,34,66,3,3,0.9716981132075472
6,0.0015,0.8,161,0.2919254658385093,-0.039969554630364716,-6.435098295488719,0.8486219882375726,-15.05866961859381,35,126,24,137,41,108,8,4,0.9751552795031055
3,0.001,1.0,287,0.2961672473867596,-0.052712826803544194,-15.128581292617184,0.8351823478943919,-39.75761457589723,59,228,28,259,52,204,22,9,0.9686411149825784
6,0.0015,0.5,168,0.30952380952380953,-0.04598123295736751,-7.724847136837742,0.8177992613131209,-16.086822810603508,33,135,24,144,49,104,7,8,0.9523809523809523
6,0.0015,0.2,181,0.35359116022099446,-0.04618464153301268,-8.359420117475295,0.7882815446123095,-14.197605265757682,30,151,32,149,49,116,6,10,0.9447513812154696
3,0.002,0.2,51,0.4117647058823529,-0.04906153094264989,-2.502138078075144,0.7818664167137327,-6.113429138009132,7,44,7,44,16,33,2,0,1.0
3,0.001,0.5,303,0.2871287128712871,-0.06513357214596442,-19.73547236022722,0.7763216715640588,-45.045265055454756,51,252,33,270,85,183,25,10,0.966996699669967
3,0.0015,0.2,110,0.32727272727272727,-0.05541671498364271,-6.095838648200698,0.7655687374459144,-15.91869599656153,20,90,9,101,39,65,5,1,0.990909090909091
3,0.001,0.8,293,0.2901023890784983,-0.07113766633648984,-20.843336236591522,0.7644670582554859,-45.01355862591724,54,239,28,265,67,193,24,9,0.9692832764505119
6,0.0015,0.1,196,0.33163265306122447,-0.05442888607279808,-10.668061670268424,0.7439336244301757,-15.001675408385966,30,166,39,157,53,124,9,10,0.9489795918367347
3,0.002,0.1,52,0.40384615384615385,-0.054408848933940684,-2.8292601445649157,0.7405413179716338,-6.950416850508484,6,46,7,45,18,31,3,0,1.0
3,0.003,0.5,20,0.35,-0.06971403578835134,-1.3942807157670267,0.7153941229407307,-3.131681924184782,4,16,2,18,3,16,0,1,0.95
3,0.001,0.2,327,0.26605504587155965,-0.08186080986785528,-26.768484826788676,0.7112180844242477,-54.22927287384794,51,276,48,279,97,194,23,13,0.9602446483180428
3,0.0015,0.1,114,0.32456140350877194,-0.07011101187898519,-7.992655354204311,0.7096796531536845,-17.600194085130067,20,94,11,103,42,67,5,0,1.0
12,0.002,0.1,177,0.2824858757062147,-0.057902373599195964,-10.248720127057686,0.7032532318787669,-15.940372557919165,23,154,49,128,39,128,10,0,1.0
3,0.003,0.1,21,0.42857142857142855,-0.06414187343116859,-1.3469793420545404,0.6953207873121491,-3.058582037363367,3,18,3,18,5,15,1,0,1.0
3,0.002,0.5,48,0.375,-0.08373997183060607,-4.019518647869091,0.6770921803368621,-6.799844286378864,10,38,4,44,9,36,2,1,0.9791666666666666
3,0.001,0.1,332,0.25903614457831325,-0.08986358661896401,-29.834710757496055,0.6755309557197203,-55.58752823418238,50,282,51,281,100,197,22,13,0.9608433734939759
12,0.0015,0.1,371,0.2668463611859838,-0.064069204115429,-23.76967472682416,0.6754740540147972,-29.117898093232498,34,337,110,261,59,265,38,9,0.9757412398921833
6,0.002,1.0,99,0.23232323232323232,-0.0978569228236037,-9.687835359536766,0.6626757943262487,-13.873222462310766,27,72,27,72,30,63,4,2,0.9797979797979798
3,0.002,1.0,48,0.375,-0.09229689630348553,-4.4302510225673055,0.6621250255869143,-6.2726146311783975,12,36,4,44,4,40,3,1,0.9791666666666666
6,0.003,1.0,33,0.2727272727272727,-0.10218620789686601,-3.3721448605965785,0.6500900959231503,-4.340339564611977,8,25,4,29,7,25,1,0,1.0
12,0.002,0.2,160,0.26875,-0.07651693782060875,-12.2427100512974,0.6500541559704119,-16.311280917672367,25,135,38,122,40,105,10,5,0.96875
12,0.0015,0.2,345,0.2579710144927536,-0.07627591218103376,-26.315189702456646,0.6488741160487329,-30.766512165075603,37,308,92,253,59,252,25,9,0.9739130434782609
12,0.002,0.5,141,0.24113475177304963,-0.08837879444576001,-12.461410016852161,0.6291478147838934,-15.178838365935446,25,116,28,113,30,95,9,7,0.950354609929078
12,0.003,0.2,57,0.2982456140350877,-0.08653368171474031,-4.932419857740197,0.6069014950216529,-6.354782536733401,12,45,11,46,22,34,1,0,1.0
3,0.002,0.8,48,0.375,-0.11020759448385557,-5.289964535225067,0.5980363542943125,-7.245483670206832,12,36,4,44,6,40,2,0,1.0
3,0.003,0.2,20,0.35,-0.09427392630349993,-1.8854785260699987,0.596560129253262,-3.131681924184782,4,16,2,18,6,13,1,0,1.0
12,0.0015,0.8,293,0.2832764505119454,-0.11186277100466353,-32.775791904366415,0.589094952539355,-37.85427376349857,59,234,60,233,68,206,15,4,0.9863481228668942
6,0.001,1.0,526,0.2376425855513308,-0.13969376259513658,-73.47891912504184,0.585144325222213,-81.29230542499282,123,403,79,447,97,380,35,14,0.973384030418251
12,0.003,0.5,56,0.32142857142857145,-0.09658774352691447,-5.408913637507211,0.5842453052886374,-6.377223996199554,12,44,10,46,17,36,2,1,0.9821428571428571
6,0.002,0.8,100,0.25,-0.12152247618300055,-12.152247618300056,0.5770644350250068,-13.483162688961496,27,73,27,73,33,63,2,2,0.98
12,0.0015,0.5,306,0.2777777777777778,-0.10995311345802908,-33.645652718156896,0.5730978809725032,-34.96051645872855,52,254,70,236,70,207,19,10,0.9673202614379085
6,0.001,0.8,538,0.25464684014869887,-0.13681313911298548,-73.6054688427862,0.5677520092525827,-75.41104687564095,111,427,85,453,126,362,32,18,0.966542750929368
6,0.001,0.5,558,0.23118279569892472,-0.1303230514767245,-72.72026272401227,0.5658661959433762,-77.10871876753784,94,464,94,464,140,362,37,19,0.9659498207885304
24,0.002,0.2,230,0.24782608695652175,-0.1017263439735795,-23.397059113923287,0.5453218919616099,-25.695330652189767,30,200,51,179,49,158,22,1,0.9956521739130435
24,0.002,0.1,278,0.2302158273381295,-0.087498856656648,-24.324682150548146,0.5441980231641627,-25.914075067762273,23,255,78,200,66,188,22,2,0.9928057553956835
12,0.002,0.8,145,0.2206896551724138,-0.11574169496947072,-16.782545770573254,0.5439930829483309,-19.07089764543105,29,116,28,117,34,101,9,1,0.993103448275862
12,0.0015,1.0,284,0.2640845070422535,-0.13742943562860044,-39.02995971852253,0.534083134087115,-44.7914820560794,67,217,54,230,61,194,22,7,0.9753521126760564
12,0.002,1.0,139,0.2158273381294964,-0.1299679613340927,-18.065546625438884,0.5227412792102024,-19.60260531050173,31,108,23,116,33,88,15,3,0.9784172661870504
12,0.003,0.8,56,0.30357142857142855,-0.11764507697238767,-6.5881243104537095,0.5032888501039062,-6.219666437892197,12,44,10,46,20,34,2,0,1.0
24,0.002,0.5,194,0.27319587628865977,-0.14506082209614085,-28.141799486651323,0.5009435753562035,-31.745996550108508,39,155,31,163,35,135,20,4,0.979381443298969
6,0.002,0.5,101,0.27722772277227725,-0.13744283523016448,-13.881726358246611,0.49706998588418155,-14.372501015666646,25,76,27,74,29,66,2,4,0.9603960396039604
3,0.003,0.8,20,0.3,-0.12613806043876202,-2.5227612087752407,0.4943663653104376,-3.131681924184782,4,16,2,18,1,19,0,0,1.0
6,0.003,0.8,33,0.30303030303030304,-0.14110321170171328,-4.656405986156538,0.4834328981743956,-4.464910624338497,8,25,4,29,8,24,1,0,1.0
12,0.003,0.1,66,0.25757575757575757,-0.10975376849226089,-7.243748720489219,0.4750618455952451,-7.672574684256306,12,54,15,51,29,34,2,1,0.9848484848484849
24,0.0015,1.0,424,0.2665094339622642,-0.1935603153631654,-82.06957371398212,0.47346927222628626,-96.39478367284592,136,288,93,331,84,298,31,11,0.9740566037735849
6,0.002,0.1,108,0.2777777777777778,-0.12252761935004101,-13.232982889804429,0.4721787415616401,-14.221235334997473,18,90,29,79,39,57,11,1,0.9907407407407407
3,0.003,1.0,20,0.3,-0.1391782961567806,-2.783565923135612,0.4682068491274488,-3.131681924184782,4,16,2,18,0,19,1,0,1.0
12,0.003,1.0,56,0.26785714285714285,-0.12607823826244752,-7.0603813426970605,0.46782236712798186,-6.350175618351123,12,44,10,46,17,34,4,1,0.9821428571428571
6,0.001,0.2,636,0.19025157232704404,-0.1573343289475317,-100.06463321063015,0.46288279691543843,-103.7731877803294,91,545,143,493,171,395,43,27,0.9575471698113207
24,0.002,0.8,187,0.2727272727272727,-0.1815835172268867,-33.956117721427816,0.4567937551756565,-37.735840265505395,53,134,27,160,43,125,18,1,0.9946524064171123
24,0.002,1.0,188,0.2925531914893617,-0.19167505831558038,-36.03491096332911,0.45629164052506677,-39.428648828204324,61,127,27,161,39,133,15,1,0.9946808510638298
24,0.0015,0.8,437,0.2654462242562929,-0.1950158127596474,-85.22191017596592,0.4478954497397882,-97.45290228423418,128,309,102,335,92,296,36,13,0.9702517162471396
6,0.001,0.1,665,0.1849624060150376,-0.15723934409170684,-104.56416382098504,0.44541538045934037,-107.9360379380694,80,585,159,506,166,429,43,27,0.9593984962406015
24,0.0015,0.2,603,0.25207296849087896,-0.13492561401524714,-81.36014525119403,0.43240678419305595,-82.74081739739067,70,533,203,400,123,406,64,10,0.9834162520729685
12,0.001,0.5,920,0.25217391304347825,-0.1795481824604997,-165.18432786365972,0.4262971530535276,-166.58170994989666,187,733,194,726,195,623,79,23,0.975
24,0.0015,0.5,474,0.2489451476793249,-0.18408398680515145,-87.25580974564178,0.42306405659134894,-97.73061844979075,111,363,124,350,76,337,45,16,0.9662447257383966
24,0.001,0.8,1225,0.26612244897959186,-0.22414454065719452,-274.5770623050633,0.42180174962642114,-275.4457633085616,418,806,322,903,274,855,70,25,0.9787755102040816
6,0.002,0.2,107,0.2336448598130841,-0.15000937759536076,-16.0510034027036,0.41789207078016316,-16.789614668947717,24,83,29,78,31,66,9,1,0.9906542056074766
12,0.001,0.8,856,0.2371495327102804,-0.21735411702486257,-186.05512417328237,0.39703986107039024,-186.02575173536968,239,617,160,696,186,587,65,18,0.9789719626168224
24,0.001,1.0,1174,0.25894378194207834,-0.2516215487316021,-295.40369821090087,0.3966130178893856,-296.5456361889396,461,712,300,874,239,836,68,30,0.9735945485519591
24,0.0015,0.1,678,0.23008849557522124,-0.131111365511407,-88.89350581673395,0.3946437749494624,-90.1477850937719,65,613,232,446,150,448,64,16,0.976401179941003
12,0.001,1.0,835,0.24191616766467067,-0.23891539023126296,-199.49435084310457,0.3883547719264819,-199.41307029010193,273,562,147,688,174,586,57,18,0.9784431137724551
12,0.001,0.2,1110,0.22072072072072071,-0.17581406362572463,-195.15361062455435,0.3795658470732161,-196.7654147670446,167,943,296,814,246,745,91,28,0.9747747747747748
24,0.003,0.8,65,0.2923076923076923,-0.17758682740950213,-11.543143781617639,0.37385116719306843,-9.972090403628217,18,47,4,61,17,45,3,0,1.0
6,0.0005,1.0,3260,0.21196319018404908,-0.3359655442405396,-1095.247674224159,0.35862264921419545,-1094.4915713686787,1326,1933,780,2480,635,2310,221,93,0.9711656441717792
24,0.003,1.0,65,0.27692307692307694,-0.18860988208474855,-12.259642335508655,0.3565850045628693,-10.551816373129853,19,46,4,61,18,42,5,0,1.0
12,0.001,0.1,1230,0.2040650406504065,-0.17635143767951902,-216.9122683458084,0.3512197445935078,-217.2259709651207,151,1079,375,855,289,802,110,29,0.9764227642276423
24,0.001,0.5,1391,0.23076923076923078,-0.23225762483586665,-323.07035614669053,0.34780952620661426,-323.3171058819874,377,1013,431,960,314,984,66,26,0.9805895039539899
3,0.0005,1.0,2238,0.19973190348525469,-0.350505119522793,-784.4304574920108,0.34770008757398224,-784.1294592882673,777,1460,351,1887,427,1541,192,77,0.9651474530831099
6,0.0005,0.8,3382,0.21023063276167947,-0.33368607327852084,-1128.5262998279575,0.3401198847979063,-1127.7701969724774,1251,2130,831,2551,731,2301,239,110,0.9671791839148433
24,0.001,0.2,1807,0.20918649695628114,-0.19768789556033642,-357.2220272775279,0.332659516735732,-357.4687770128239,296,1511,641,1166,399,1225,129,54,0.9701162147205312
3,0.0005,0.8,2291,0.189873417721519,-0.3503098510760662,-802.5598688152677,0.3296956341185354,-802.2588706115237,714,1576,371,1920,463,1542,212,73,0.9676996944565692
24,0.0005,1.0,4781,0.19682074879732273,-0.41901352006813847,-2003.30363944577,0.31942370809424286,-2009.9760735637863,2811,1962,1776,3005,1170,3197,244,162,0.9644425852332148
3,0.0005,0.5,2385,0.18448637316561844,-0.33837459427866734,-807.0234073546217,0.3178455731877895,-806.7224091508784,634,1750,416,1969,563,1514,236,71,0.969811320754717
24,0.001,0.1,2075,0.1816867469879518,-0.18946704694067124,-393.1441224018928,0.31466382440893814,-392.7746596993154,269,1806,778,1297,452,1404,180,39,0.9812048192771085
12,0.0005,1.0,4260,0.21173708920187792,-0.39771879231622664,-1694.2820552671255,0.3107652139820155,-1693.7300364554767,2193,2067,1373,2887,1009,2875,232,144,0.9661971830985916
6,0.0005,0.5,3708,0.19363538295577132,-0.3295638127939334,-1222.022617839905,0.3098574278486085,-1221.2665149844236,1135,2573,985,2723,898,2393,305,112,0.9697950377562028
24,0.0005,0.8,5018,0.19988043045037865,-0.4116946385021753,-2065.8836960039157,0.3096293933056744,-2072.604527967491,2736,2274,1891,3127,1236,3304,311,159,0.9667198086887206
3,0.0005,0.2,2522,0.1823949246629659,-0.33098354024737286,-834.7404885038744,0.3054721265517431,-834.4394903001311,576,1945,499,2023,708,1502,253,58,0.9766058683584457
6,0.003,0.1,36,0.25,-0.18079177343606173,-6.5085038436982225,0.2978971387247347,-6.112250258751542,8,28,4,32,8,25,2,1,0.9722222222222222
6,0.003,0.2,35,0.22857142857142856,-0.18636057143249732,-6.522620000137406,0.2971829098013846,-6.126366415190729,8,27,4,31,7,24,2,2,0.9428571428571428
12,0.0005,0.8,4500,0.20244444444444445,-0.3953236537633393,-1778.9564419350268,0.2909611009854051,-1778.4044231233788,2092,2408,1498,3002,1089,3005,274,132,0.9706666666666667
24,0.003,0.5,65,0.23076923076923078,-0.19322092221518222,-12.559359943986845,0.2908009969516425,-13.039788159899,17,48,4,61,11,50,4,0,1.0
3,0.0005,0.1,2585,0.17524177949709865,-0.33795362764958453,-873.610127474176,0.28844458657120664,-873.7690297308625,564,2020,539,2046,766,1492,252,74,0.9709864603481625
6,0.003,0.5,34,0.23529411764705882,-0.20410907041765944,-6.939708394200421,0.281304291580662,-6.452242504326396,8,26,4,30,7,25,2,0,1.0
24,0.0005,0.5,5768,0.18984049930651872,-0.40819268441833517,-2354.4554037249573,0.2740546069926732,-2355.28857452281,2740,3021,2235,3533,1537,3702,365,157,0.9715672676837726
12,0.0005,0.5,4997,0.18891334800880527,-0.38331806326390994,-1915.440362129758,0.2683410323855141,-1914.2122731013953,1981,3016,1749,3248,1312,3163,359,163,0.9673804282569541
6,0.0005,0.2,4136,0.17432301740812378,-0.33303620641139997,-1377.4377497175503,0.2678810415904649,-1376.6816468620696,1025,3111,1198,2938,1126,2526,364,120,0.9709864603481625
6,0.0005,0.1,4335,0.1607843137254902,-0.34212167899780827,-1483.0974784554987,0.24333121822671014,-1482.341375600016,1010,3325,1311,3024,1224,2583,400,128,0.970472895040369
12,0.0005,0.2,5847,0.16880451513596717,-0.3710912623311773,-2169.7706108503935,0.23637870093532415,-2169.61489746134,1796,4051,2178,3669,1563,3601,514,169,0.9710962886950573
24,0.0005,0.2,6871,0.16533255712414496,-0.4068191627617277,-2795.254467335831,0.2289976654649315,-2796.2206644418156,2657,4206,2788,4083,1830,4338,511,184,0.9720564692184543
12,0.0005,0.1,6241,0.15798750200288417,-0.378524407083869,-2362.370824610426,0.20819408342018006,-2362.215111221368,1758,4483,2373,3868,1722,3777,544,198,0.9682743150136196
24,0.0005,0.1,7465,0.15565974547890155,-0.40641161095741907,-3033.8626757971333,0.20359808787461406,-3034.828872903124,2569,4887,3133,4332,2050,4623,593,190,0.9733422638981916
