window,entry_thr,exit_ratio,trades,win_rate,avg_pnl,total_pnl,pf,max_dd,stop_cnt,reduced_cnt,prop_Real,prop_Pseudo,prop_Both,prop_Neither,propagation_rate
6,0.0015,1.0,132,0.4696969696969697,0.19002175803636193,25.082872060799776,2.0723604609495325,-5.141174394885964,24,108,25,98,7,2,0.9848484848484849
6,0.0015,0.2,149,0.5234899328859061,0.12557075437101226,18.710042401280827,1.8826778074490222,-4.723307292481975,20,129,39,97,5,8,0.9463087248322147
6,0.0015,0.5,141,0.48226950354609927,0.13984501276894756,19.718146800421607,1.848318576805856,-5.939362263613578,23,118,33,97,4,7,0.950354609929078
6,0.0015,0.8,135,0.48148148148148145,0.14603317012576963,19.7144779669789,1.808513983152526,-5.319795378516384,25,110,30,97,5,3,0.9777777777777777
3,0.001,0.5,273,0.4908424908424908,0.1420336022011657,38.775173400918234,1.7836461250019418,-14.551691936820376,41,232,75,164,24,10,0.9633699633699634
6,0.0015,0.1,159,0.5157232704402516,0.10842106021353362,17.238948573951845,1.7728597100036845,-4.78630244634922,20,139,40,103,8,8,0.949685534591195
3,0.001,0.2,282,0.4929078014184397,0.12929257664475335,36.46050661382044,1.7450860996249515,-14.270183630207267,39,243,86,165,21,10,0.9645390070921985
3,0.001,0.1,284,0.5105633802816901,0.12049583782043687,34.22081794100407,1.7153326769140267,-14.269900411671806,38,246,88,166,20,10,0.9647887323943662
3,0.001,1.0,261,0.46360153256704983,0.1508096524170588,39.36131928085234,1.7121911144617978,-16.823220250122393,48,213,41,192,19,9,0.9655172413793104
3,0.001,0.8,267,0.47191011235955055,0.1329875697003736,35.50768110999975,1.6907805580153306,-15.595983889052757,44,223,58,178,22,9,0.9662921348314607
3,0.0015,1.0,94,0.48936170212765956,0.1308352897418603,12.298517235734867,1.637608294079157,-8.830801793120129,21,73,14,72,5,3,0.9680851063829787
3,0.0015,0.8,97,0.5154639175257731,0.11197379165913844,10.861457790936429,1.5878326300747976,-9.013705971790372,21,76,20,67,6,4,0.9587628865979382
3,0.0015,0.5,98,0.5408163265306123,0.10508032314497229,10.297871668207284,1.5786251938405504,-7.763436559773225,19,79,32,60,3,3,0.9693877551020408
6,0.002,1.0,72,0.4861111111111111,0.11545923252104277,8.31306474151508,1.576395981541246,-5.877751726864695,13,59,12,56,2,2,0.9722222222222222
3,0.0005,0.2,2043,0.4654919236417034,0.10883330678001404,222.3464457515687,1.5735370292081143,-22.569356373073777,265,1778,552,1261,185,45,0.9779735682819384
3,0.0005,0.1,2067,0.4668601838413159,0.10248113313825419,211.8285021967714,1.5541327048707936,-22.541506474657798,254,1813,574,1255,183,55,0.9733913884857281
12,0.0015,0.1,282,0.42907801418439717,0.06936416299963602,19.560693965897357,1.517371797518162,-10.119844754227007,28,254,46,207,24,5,0.9822695035460993
6,0.001,0.5,471,0.445859872611465,0.08733322155982415,41.133947354677176,1.4967660056524204,-14.70728142847139,65,406,109,312,35,15,0.9681528662420382
3,0.0005,0.5,1976,0.458502024291498,0.10067358185708822,198.93099774960632,1.4803627564032862,-24.94449474430671,310,1666,460,1279,176,61,0.9691295546558705
6,0.001,0.1,522,0.446360153256705,0.07028154393109488,36.68696593203153,1.472546053366204,-12.736570195823532,49,473,115,353,36,18,0.9655172413793104
6,0.001,0.2,509,0.44793713163064836,0.07040783641065261,35.83758873302218,1.4496840132609126,-11.912558249396469,52,457,121,333,36,19,0.962671905697446
3,0.0015,0.2,101,0.5445544554455446,0.0740582898964811,7.479887279544591,1.4261191366523418,-8.69765197544233,19,82,37,58,5,1,0.9900990099009901
6,0.001,0.8,459,0.4444444444444444,0.07869056208175416,36.11896799552516,1.4032434418943736,-14.151607109423612,78,381,97,321,29,12,0.9738562091503268
6,0.0005,0.2,2975,0.4534453781512605,0.07632176801509727,227.05725984491437,1.395507862425885,-36.40643829718548,411,2564,722,1913,268,72,0.9757983193277311
12,0.0015,0.2,269,0.39776951672862454,0.059027532795363435,15.878406321952765,1.3907219649185465,-10.805385279684,31,238,50,193,21,5,0.9814126394052045
3,0.0005,1.0,1879,0.44278871740287384,0.09575633903959077,179.92616105539105,1.383586966267189,-28.0059102046295,393,1486,339,1317,162,61,0.9675359233634913
6,0.0005,0.5,2741,0.45311929952572055,0.08376479795517269,229.59931119512834,1.3822269648715522,-36.99367761805573,495,2246,583,1858,233,67,0.9755563662896753
6,0.0005,0.1,3081,0.45407335280753003,0.06969948819605973,214.74412313206003,1.3818706171115807,-36.40643829718548,375,2706,768,1956,279,78,0.9746835443037974
3,0.0005,0.8,1913,0.4438055410350235,0.08867309435781955,169.6316295065088,1.3749987869741445,-32.68732247271264,364,1549,369,1323,158,63,0.967067433350758
6,0.001,1.0,452,0.4269911504424779,0.0774666828248813,35.01494063684635,1.3678357683025602,-14.475611690295661,85,367,80,329,35,8,0.9823008849557522
3,0.0015,0.1,104,0.5,0.06362861929802886,6.617376406995001,1.3655571091168532,-9.049230841098655,18,86,37,62,5,0,1.0
6,0.002,0.8,73,0.4657534246575342,0.07381804132277153,5.388717016562322,1.359008776748356,-5.70110592229703,14,59,17,54,0,2,0.9726027397260274
6,0.0005,0.8,2550,0.44901960784313727,0.08092769317891371,206.36561760622996,1.318063505751915,-35.55848059354983,604,1946,471,1830,182,67,0.9737254901960785
6,0.002,0.1,82,0.5365853658536586,0.04581330585251801,3.756691079906477,1.3086180119368016,-4.307757528948882,11,71,21,53,7,1,0.9878048780487805
12,0.002,0.1,135,0.4222222222222222,0.044962163961718926,6.069892134832055,1.3047485057324404,-7.154235454665207,17,118,29,96,10,0,1.0
6,0.0005,1.0,2472,0.4372977346278317,0.08206323708842843,202.86032208259508,1.3025972906891379,-38.35515559449898,654,1818,399,1834,183,56,0.9773462783171522
6,0.002,0.5,76,0.4605263157894737,0.05063745322339918,3.8484464449783378,1.2760883636126301,-5.369641239578341,13,63,15,57,1,3,0.9605263157894737
12,0.001,0.1,907,0.4432194046306505,0.03548394402149488,32.18393722749585,1.2500795118676684,-20.873240941511618,81,826,186,622,83,16,0.9823594266813671
12,0.002,0.2,128,0.40625,0.039455790881374374,5.05034123281592,1.2468351519088074,-7.280496475500638,18,110,30,88,10,0,1.0
12,0.001,0.2,855,0.4327485380116959,0.03569346831133103,30.51791540618803,1.2337062287667457,-22.99771702760301,89,766,175,595,69,16,0.9812865497076023
24,0.003,0.1,73,0.4246575342465753,0.021972706075685734,1.6040075435250585,1.205335192038954,-3.523385539963435,6,67,12,52,8,1,0.9863013698630136
12,0.0005,0.2,3780,0.43756613756613755,0.041805909531382975,158.02633802862763,1.195005463831984,-67.21341942592383,652,3128,764,2583,346,87,0.976984126984127
3,0.002,0.1,45,0.5333333333333333,0.034887272679141115,1.56992727056135,1.185972584428828,-5.117299190051328,6,39,18,24,3,0,1.0
6,0.002,0.2,80,0.5,0.030045920637589495,2.4036736510071597,1.179138675083297,-4.912928037267674,13,67,17,57,5,1,0.9875
12,0.0005,0.1,4034,0.43604362915220624,0.034749726645794524,140.1803972891351,1.1726265990451432,-72.57992467889252,622,3412,845,2709,376,104,0.9742191373326723
12,0.0015,0.5,248,0.42338709677419356,0.0270831709134189,6.716626386527887,1.1426209360427124,-16.199358039293397,43,205,51,174,18,5,0.9798387096774194
12,0.0005,0.5,3263,0.42752068648482994,0.035394084688846465,115.49089833970602,1.136217062735635,-89.12690271341756,777,2486,615,2310,262,76,0.9767085504137297
3,0.002,0.2,44,0.5,0.028077635085674166,1.2354159437696632,1.1346466396958887,-4.799807100760999,6,38,16,26,2,0,1.0
12,0.001,0.5,760,0.44342105263157894,0.022065403359844422,16.76970655348176,1.1116375464368116,-37.70844075505437,124,636,148,532,64,16,0.9789473684210527
12,0.002,0.5,121,0.4132231404958678,0.019440162838069975,2.352259703406467,1.1017719829853645,-9.20104249622003,20,101,26,84,7,4,0.9669421487603306
12,0.0015,0.8,246,0.42276422764227645,0.02025123468127834,4.981803731594471,1.0995475604363838,-19.97420645688233,46,200,58,169,15,4,0.983739837398374
24,0.003,0.2,69,0.4057971014492754,0.010931179072828884,0.754251356025193,1.0907935834101452,-4.384447822470772,6,63,13,46,9,1,0.9855072463768116
12,0.0005,0.8,2966,0.4194200944032367,0.026258422020119476,77.88247971167436,1.0869452258857417,-103.561474320931,896,2069,488,2203,207,67,0.9770734996628456
24,0.0005,0.1,4650,0.4234408602150538,0.014893140162735258,69.25310175671895,1.0666019316907451,-150.03767981586103,863,3785,921,3203,429,95,0.9791397849462365
12,0.0005,1.0,2831,0.40162486753797244,0.019774655969912982,55.98205105082365,1.0592829835024768,-123.5916322567732,1003,1827,435,2141,184,70,0.9749205227834687
6,0.003,1.0,30,0.4,0.008032191131403693,0.2409657339421108,1.034426048715371,-2.6881309900391543,7,23,4,25,1,0,1.0
24,0.0005,0.2,4268,0.40674789128397376,0.0077325331519885465,33.002451492687115,1.0313056170097752,-157.51664150563235,928,3338,805,2993,379,89,0.9786785379568884
12,0.001,0.8,724,0.44060773480662985,0.004693212156500835,3.397885601306605,1.0203134560537168,-49.27242102459319,150,574,143,513,54,14,0.9806629834254144
24,0.001,0.1,1418,0.4118476727785614,0.002849660371698083,4.040818407067881,1.0197970907996528,-50.8561990074431,113,1305,258,1013,127,20,0.9858956276445698
24,0.0005,0.5,3513,0.3888414460575007,0.006005808719831499,21.098406032768054,1.019688551456586,-175.33150113583133,1095,2416,574,2581,287,69,0.9797893538286365
3,0.002,0.5,44,0.4772727272727273,0.0033883476286121306,0.14908729565893375,1.0147691920134212,-5.031289772064879,9,35,9,32,2,1,0.9772727272727273
24,0.0005,0.8,3047,0.3679028552674762,0.0039376676061463455,11.998073195927915,1.0110092356265816,-192.59902120326396,1191,1852,402,2357,224,60,0.9789957335083689
24,0.001,0.2,1244,0.40353697749196143,-0.003650633860755019,-4.541388522779243,0.9784765174035583,-57.1176935587657,138,1106,233,891,97,23,0.9815112540192926
12,0.0015,1.0,243,0.3868312757201646,-0.005620152398066607,-1.3656970327301856,0.9749412714234161,-22.60451811785839,53,190,49,170,18,6,0.9753086419753086
12,0.002,0.8,120,0.39166666666666666,-0.006238116491633087,-0.7485739789959704,0.969140335547519,-10.585248737591147,24,96,26,84,9,1,0.9916666666666667
24,0.002,0.1,212,0.35377358490566035,-0.004532901406425084,-0.9609750981621179,0.968637196166382,-9.975048545355413,18,194,40,153,18,1,0.9952830188679245
24,0.0005,1.0,2873,0.35607379046293075,-0.017267199025302226,-49.60866279969329,0.9553992279687039,-218.97442734773034,1282,1584,352,2275,174,65,0.9749390880612601
12,0.002,1.0,119,0.4117647058823529,-0.012340589215053762,-1.4685301165913978,0.9416056604681353,-11.317194869387698,26,93,24,81,11,3,0.9747899159663865
24,0.001,0.5,998,0.3967935871743487,-0.01642151946914754,-16.388676430209244,0.9283737490315082,-70.52085151759508,199,799,176,744,62,16,0.9839679358717435
12,0.003,0.2,49,0.3673469387755102,-0.013710971469507756,-0.67183760200588,0.9268967352312985,-4.763639518655125,11,38,12,36,1,0,1.0
24,0.0015,0.1,481,0.39501039501039503,-0.011937090997554706,-5.741740769823814,0.9203395341019822,-24.291275398107146,42,439,98,334,43,6,0.9875259875259875
12,0.001,1.0,712,0.40168539325842695,-0.02356008198635695,-16.77477837428615,0.9101051071098941,-57.002396859900635,174,538,127,528,45,12,0.9831460674157303
3,0.002,0.8,44,0.4772727272727273,-0.02546678588160461,-1.1205385787906028,0.8961613478029177,-5.795725717390372,10,34,6,36,2,0,1.0
12,0.003,0.5,49,0.3877551020408163,-0.023856240006231176,-1.1689557603053276,0.881223085530886,-4.768346287619186,11,38,11,35,2,1,0.9795918367346939
3,0.002,1.0,44,0.4772727272727273,-0.02996559656191147,-1.3184862487241047,0.8770893991936667,-5.735513997738835,10,34,4,36,3,1,0.9772727272727273
24,0.002,0.2,190,0.3473684210526316,-0.02332014589514529,-4.430827720077605,0.8695891208094413,-11.62714753068111,22,168,36,139,15,0,1.0
3,0.003,0.5,18,0.4444444444444444,-0.03486463736177518,-0.6275634725119533,0.8496020470815189,-2.9155166424369074,4,14,3,14,0,1,0.9444444444444444
24,0.001,1.0,891,0.3602693602693603,-0.04637045238961171,-41.31607307914403,0.843799152263696,-83.59070319401624,279,611,130,677,63,20,0.9764309764309764
24,0.001,0.8,935,0.3679144385026738,-0.0436628810823625,-40.824793812008934,0.8415756191507483,-78.57616075738095,254,680,156,696,63,19,0.9786096256684492
6,0.003,0.8,30,0.4,-0.03475622599920824,-1.0426867799762471,0.8374592379643947,-2.36032539485422,7,23,5,24,1,0,1.0
24,0.0015,0.2,428,0.37616822429906543,-0.03395780753789421,-14.53394162621872,0.8151033112973612,-31.324413840566955,49,379,81,306,36,5,0.9883177570093458
12,0.003,0.1,54,0.3888888888888889,-0.0339073726394831,-1.8309981225320873,0.7984566507821212,-4.361021808134654,10,44,16,34,3,1,0.9814814814814815
3,0.003,0.1,18,0.5,-0.043952809746819366,-0.7911505754427486,0.7877242586246187,-2.7258103267461067,3,15,5,12,1,0,1.0
24,0.0015,0.8,343,0.36151603498542273,-0.06233126577255426,-21.37962415998611,0.7799816190641802,-44.79519590808627,90,253,59,253,22,9,0.9737609329446064
24,0.0015,1.0,337,0.34124629080118696,-0.06794669496668994,-22.89803620377451,0.775999320064879,-48.664181497474324,100,237,58,255,20,4,0.9881305637982196
24,0.0015,0.5,363,0.349862258953168,-0.058061231146650974,-21.076226906234304,0.7645753944503351,-42.85411056090909,75,288,50,266,38,9,0.9752066115702479
12,0.003,0.8,49,0.3469387755102041,-0.05111991523648646,-2.5048758465878365,0.752781579618286,-4.621797724773595,11,38,13,34,2,0,1.0
3,0.003,0.2,18,0.5555555555555556,-0.062138865205545755,-1.1184995736998236,0.7202067884445885,-2.7987168565507536,4,14,6,11,1,0,1.0
12,0.003,1.0,49,0.3673469387755102,-0.0640516557463544,-3.1385311315713653,0.6939140355133878,-4.727529981052803,11,38,11,33,4,1,0.9795918367346939
24,0.002,0.5,173,0.3468208092485549,-0.08597960257512835,-14.874471245497205,0.6625986166259179,-22.77506597835415,33,140,26,130,13,4,0.976878612716763
24,0.003,0.8,61,0.4098360655737705,-0.0808490568168624,-4.9317924658286065,0.6446443390559735,-4.6095211842458665,14,47,15,43,3,0,1.0
24,0.002,0.8,171,0.34502923976608185,-0.10721600976290149,-18.333937669456155,0.6346432951102959,-26.254368471832834,44,127,32,127,11,1,0.9941520467836257
24,0.002,1.0,170,0.3235294117647059,-0.12273497832888705,-20.8649463159108,0.6153050869355273,-28.39705762829839,51,119,30,132,7,1,0.9941176470588236
24,0.003,1.0,61,0.3770491803278688,-0.09325413103815311,-5.68850199332734,0.6067341603699609,-5.775525971028004,15,46,16,40,5,0,1.0
6,0.003,0.1,33,0.3939393939393939,-0.08022303050062551,-2.647360006520642,0.5875141436316045,-2.6694101173609566,6,27,5,25,2,1,0.9696969696969697
3,0.003,0.8,18,0.3333333333333333,-0.09752796948442127,-1.7555034507195828,0.5783101196639492,-2.9155166424369074,4,14,1,17,0,0,1.0
6,0.003,0.2,32,0.34375,-0.08525291345948319,-2.728093230703462,0.5736317645356752,-2.6694101173609566,6,26,4,24,2,2,0.9375
24,0.003,0.5,61,0.39344262295081966,-0.09805217583755425,-5.981182726090809,0.5479675231384826,-6.661371449575736,13,48,9,48,4,0,1.0
3,0.003,1.0,18,0.2777777777777778,-0.11201202841760345,-2.016216511516862,0.538385888715627,-3.0369824908362446,4,14,0,17,1,0,1.0
6,0.003,0.5,31,0.3225806451612903,-0.10510838609269857,-3.2583599688736555,0.5285731787526198,-3.037223411471298,7,24,4,25,2,0,1.0
