signal_bar,entry_bar,session,direction,pnl_yen,r_mult,held,period
2022-03-15 07:10:00,2022-03-15 07:15:00,"欧州
15-21JST",short,-5158.640226628969,-1.0317280453257938,1,IS
2022-03-15 08:20:00,2022-03-15 08:25:00,"欧州
15-21JST",short,-5121.898127992725,-1.024379625598545,1,IS
2022-03-28 11:15:00,2022-03-28 11:20:00,"欧州
15-21JST",short,-1604.0462427741666,-0.32080924855483334,3,IS
2022-03-28 11:20:00,2022-03-28 11:25:00,"欧州
15-21JST",short,-3318.991394836594,-0.6637982789673188,2,IS
2022-03-28 11:30:00,2022-03-28 11:35:00,"欧州
15-21JST",short,6916.908212560499,1.3833816425120997,10,IS
2022-03-29 00:15:00,2022-03-29 00:20:00,"東京
09-15JST",short,-5075.167785235125,-1.015033557047025,1,IS
2022-03-30 00:50:00,2022-03-30 00:55:00,"東京
09-15JST",short,14676.384059908902,2.9352768119817805,5,IS
2022-03-30 00:55:00,2022-03-30 01:00:00,"東京
09-15JST",short,12757.153905646188,2.5514307811292376,4,IS
2022-03-30 01:00:00,2022-03-30 01:05:00,"東京
09-15JST",short,9540.566959921942,1.9081133919843885,3,IS
2022-03-30 01:05:00,2022-03-30 01:10:00,"東京
09-15JST",short,8104.575163398764,1.6209150326797528,2,IS
2022-03-30 01:10:00,2022-03-30 01:15:00,"東京
09-15JST",short,2974.6835443044292,0.5949367088608859,2,IS
2022-03-30 01:15:00,2022-03-30 01:20:00,"東京
09-15JST",short,-5061.98804516272,-1.012397609032544,1,IS
2022-03-30 01:50:00,2022-03-30 01:55:00,"東京
09-15JST",short,7660.530821918176,1.5321061643836351,6,IS
2022-03-30 01:55:00,2022-03-30 02:00:00,"東京
09-15JST",short,6818.784530386956,1.3637569060773913,5,IS
2022-03-30 02:00:00,2022-03-30 02:05:00,"東京
09-15JST",short,5204.225352112462,1.0408450704224925,4,IS
2022-03-30 03:15:00,2022-03-30 03:20:00,"東京
09-15JST",short,-5059.30946833292,-1.011861893666584,1,IS
2022-03-31 06:25:00,2022-03-31 06:30:00,"欧州
15-21JST",short,20351.351351351153,4.070270270270231,9,IS
2022-03-31 06:55:00,2022-03-31 07:00:00,"欧州
15-21JST",short,5706.447187928784,1.1412894375857567,3,IS
2022-03-31 07:05:00,2022-03-31 07:10:00,"欧州
15-21JST",short,-3566.997518610534,-0.7133995037221068,2,IS
2022-03-31 07:10:00,2022-03-31 07:15:00,"欧州
15-21JST",short,-5092.105263157661,-1.0184210526315323,1,IS
2022-03-31 07:30:00,2022-03-31 07:35:00,"欧州
15-21JST",short,-5092.500825899903,-1.0185001651799805,1,IS
2022-03-31 07:50:00,2022-03-31 07:55:00,"欧州
15-21JST",short,-5092.745942364928,-1.0185491884729856,1,IS
2022-04-20 02:25:00,2022-04-20 02:30:00,"東京
09-15JST",short,-2617.1601771972814,-0.5234320354394563,5,IS
2022-04-20 03:10:00,2022-04-20 03:15:00,"東京
09-15JST",short,1580.2524797121744,0.3160504959424349,3,IS
2022-04-20 09:35:00,2022-04-20 09:40:00,"欧州
15-21JST",short,-5094.530722484806,-1.0189061444969612,1,IS
2022-04-20 10:00:00,2022-04-20 10:05:00,"欧州
15-21JST",short,13302.011210021763,2.6604022420043525,3,IS
2022-04-20 10:05:00,2022-04-20 10:10:00,"欧州
15-21JST",short,10802.78949075477,2.1605578981509543,2,IS
2022-04-20 10:10:00,2022-04-20 10:15:00,"欧州
15-21JST",short,-1517.3116089614473,-0.30346232179228944,2,IS
2022-04-20 10:15:00,2022-04-20 10:20:00,"欧州
15-21JST",short,-3649.1935483867883,-0.7298387096773576,2,IS
2022-04-22 06:00:00,2022-04-22 06:05:00,"欧州
15-21JST",short,-5100.68320747922,-1.020136641495844,1,IS
2022-05-02 00:15:00,2022-05-02 00:20:00,"東京
09-15JST",short,-5103.321033210331,-1.0206642066420661,1,IS
2022-05-12 06:20:00,2022-05-12 06:25:00,"欧州
15-21JST",short,-5132.0754716987785,-1.0264150943397556,1,IS
2022-05-12 07:20:00,2022-05-12 07:25:00,"欧州
15-21JST",short,9568.019093078576,1.9136038186157152,3,IS
2022-05-20 03:50:00,2022-05-20 03:55:00,"東京
09-15JST",short,-5128.617363344505,-1.025723472668901,1,IS
2022-05-23 02:40:00,2022-05-23 02:45:00,"東京
09-15JST",short,-102.99261562359277,-0.020598523124718555,3,IS
2022-06-10 05:45:00,2022-06-10 05:50:00,"東京
09-15JST",short,-2268.85245901564,-0.45377049180312795,3,IS
2022-06-10 07:25:00,2022-06-10 07:30:00,"欧州
15-21JST",short,-5084.925690021144,-1.0169851380042287,1,IS
2022-06-13 07:00:00,2022-06-13 07:05:00,"欧州
15-21JST",short,-2685.6026450241416,-0.5371205290048283,2,IS
2022-06-13 07:05:00,2022-06-13 07:10:00,"欧州
15-21JST",short,-5081.041968162008,-1.0162083936324016,2,IS
2022-06-16 08:50:00,2022-06-16 08:55:00,"欧州
15-21JST",short,3787.9444926271194,0.7575888985254239,2,IS
2022-06-16 08:55:00,2022-06-16 09:00:00,"欧州
15-21JST",short,8610.337972166684,1.7220675944333368,4,IS
2022-06-16 09:00:00,2022-06-16 09:05:00,"欧州
15-21JST",short,11166.789940828607,2.2333579881657215,3,IS
2022-07-01 02:30:00,2022-07-01 02:35:00,"東京
09-15JST",short,1162.7906976739364,0.23255813953478727,4,IS
2022-07-01 02:35:00,2022-07-01 02:40:00,"東京
09-15JST",short,295.0495049490029,0.05900990098980058,4,IS
2022-07-01 02:40:00,2022-07-01 02:45:00,"東京
09-15JST",short,-851.4421177402463,-0.17028842354804927,3,IS
2022-07-01 02:50:00,2022-07-01 02:55:00,"東京
09-15JST",short,-5109.161793371657,-1.0218323586743314,1,IS
2022-07-01 02:55:00,2022-07-01 03:00:00,"東京
09-15JST",short,6749.906120917571,1.349981224183514,5,IS
2022-07-01 03:05:00,2022-07-01 03:10:00,"東京
09-15JST",short,4338.565022421838,0.8677130044843676,3,IS
2022-07-01 03:15:00,2022-07-01 03:20:00,"東京
09-15JST",short,-2991.4984059506014,-0.5982996811901203,3,IS
2022-07-05 09:05:00,2022-07-05 09:10:00,"欧州
15-21JST",short,2204.889031841764,0.44097780636835276,5,IS
2022-07-05 09:30:00,2022-07-05 09:35:00,"欧州
15-21JST",short,-5095.595766472812,-1.0191191532945625,1,IS
2022-07-06 02:10:00,2022-07-06 02:15:00,"東京
09-15JST",short,-2610.132158590292,-0.5220264317180584,6,IS
2022-07-06 02:15:00,2022-07-06 02:20:00,"東京
09-15JST",short,-4100.1890359163135,-0.8200378071832627,5,IS
2022-07-19 10:55:00,2022-07-19 11:00:00,"欧州
15-21JST",short,-2834.422657952873,-0.5668845315905746,4,IS
2022-07-29 05:05:00,2022-07-29 05:10:00,"東京
09-15JST",short,5617.063137185296,1.1234126274370593,3,IS
2022-07-29 05:20:00,2022-07-29 05:25:00,"東京
09-15JST",short,-5080.668395275381,-1.0161336790550761,1,IS
2022-08-01 01:05:00,2022-08-01 01:10:00,"東京
09-15JST",short,19276.751481353673,3.8553502962707347,2,IS
2022-08-01 01:10:00,2022-08-01 01:15:00,"東京
09-15JST",short,3120.322394933696,0.6240644789867392,2,IS
2022-08-01 01:15:00,2022-08-01 01:20:00,"東京
09-15JST",short,-5073.471529781839,-1.0146943059563678,1,IS
2022-08-01 01:20:00,2022-08-01 01:25:00,"東京
09-15JST",short,-2715.6177156176427,-0.5431235431235285,2,IS
2022-08-01 01:45:00,2022-08-01 01:50:00,"東京
09-15JST",short,-579.5046322554267,-0.11590092645108534,6,IS
2022-08-03 02:45:00,2022-08-03 02:50:00,"東京
09-15JST",short,7361.702127658583,1.4723404255317165,2,IS
2022-08-03 02:50:00,2022-08-03 02:55:00,"東京
09-15JST",short,-5104.594695554721,-1.0209189391109441,1,IS
2022-08-03 04:00:00,2022-08-03 04:05:00,"東京
09-15JST",short,-5067.388688327112,-1.0134777376654223,1,IS
2022-08-24 09:05:00,2022-08-24 09:10:00,"欧州
15-21JST",short,-5129.930394431178,-1.0259860788862356,1,IS
2022-08-24 09:10:00,2022-08-24 09:15:00,"欧州
15-21JST",short,-5131.517144198504,-1.0263034288397008,1,IS
2022-09-09 03:40:00,2022-09-09 03:45:00,"東京
09-15JST",short,-5081.395348837051,-1.0162790697674102,1,IS
2022-09-09 04:10:00,2022-09-09 04:15:00,"東京
09-15JST",short,-5053.960300636071,-1.0107920601272142,1,IS
2022-09-12 08:00:00,2022-09-12 08:05:00,"欧州
15-21JST",short,-5075.0670241290645,-1.0150134048258128,1,IS
2022-09-14 04:35:00,2022-09-14 04:40:00,"東京
09-15JST",short,-5072.407551072887,-1.0144815102145774,1,IS
2022-09-14 07:55:00,2022-09-14 08:00:00,"欧州
15-21JST",short,8616.619452311865,1.7233238904623729,3,IS
2022-09-14 08:05:00,2022-09-14 08:10:00,"欧州
15-21JST",short,-5058.737151248161,-1.0117474302496323,1,IS
2022-11-11 08:45:00,2022-11-11 08:50:00,"欧州
15-21JST",short,7174.741426237443,1.4349482852474886,2,IS
2022-11-11 08:50:00,2022-11-11 08:55:00,"欧州
15-21JST",short,4040.3266972939255,0.8080653394587851,2,IS
2022-11-11 08:55:00,2022-11-11 09:00:00,"欧州
15-21JST",short,-3139.534883720025,-0.627906976744005,2,IS
2022-11-11 09:00:00,2022-11-11 09:05:00,"欧州
15-21JST",short,-5066.272189348843,-1.0132544378697688,1,IS
2022-11-11 09:15:00,2022-11-11 09:20:00,"欧州
15-21JST",short,46607.9632465543,9.32159264931086,17,IS
2022-11-11 09:20:00,2022-11-11 09:25:00,"欧州
15-21JST",short,46561.561561560644,9.312312312312129,17,IS
2022-11-11 09:30:00,2022-11-11 09:35:00,"欧州
15-21JST",short,43776.11940298473,8.755223880596946,15,IS
2022-11-11 09:35:00,2022-11-11 09:40:00,"欧州
15-21JST",short,44672.55493321827,8.934510986643653,13,IS
2022-11-11 09:55:00,2022-11-14 03:00:00,"欧州
15-21JST",short,67.63192989125425,0.013526385978250849,10,IS
2022-11-14 03:00:00,2022-11-14 03:05:00,"東京
09-15JST",short,-1218.722402119945,-0.243744480423989,11,IS
2022-11-14 03:05:00,2022-11-14 03:10:00,"東京
09-15JST",short,-3116.833205226944,-0.6233666410453887,10,IS
2022-11-14 03:15:00,2022-11-14 03:20:00,"東京
09-15JST",short,-2643.7260456587514,-0.5287452091317503,7,IS
2022-11-14 03:20:00,2022-11-14 03:25:00,"東京
09-15JST",short,-3439.2288348703014,-0.6878457669740603,6,IS
2022-11-14 03:25:00,2022-11-14 03:30:00,"東京
09-15JST",short,-2438.7211367667874,-0.4877442273533575,4,IS
2022-11-14 03:30:00,2022-11-14 03:35:00,"東京
09-15JST",short,-4412.39507054856,-0.8824790141097121,5,IS
2022-11-14 04:40:00,2022-11-14 04:45:00,"東京
09-15JST",short,-1892.28529839891,-0.378457059679782,5,IS
2022-11-15 07:20:00,2022-11-15 07:25:00,"欧州
15-21JST",short,19610.322133701877,3.9220644267403753,2,IS
2022-11-15 07:25:00,2022-11-15 07:30:00,"欧州
15-21JST",short,18191.63292847628,3.638326585695256,2,IS
2022-11-15 07:30:00,2022-11-15 07:35:00,"欧州
15-21JST",short,-5075.655228316439,-1.0151310456632878,1,IS
2022-11-24 02:20:00,2022-11-24 02:25:00,"東京
09-15JST",short,6769.534813014166,1.353906962602833,10,IS
2022-11-24 02:30:00,2022-11-24 02:35:00,"東京
09-15JST",short,3436.9964550435084,0.6873992910087017,8,IS
2022-11-24 02:35:00,2022-11-24 02:40:00,"東京
09-15JST",short,2572.173913044366,0.5144347826088732,7,IS
2022-11-24 10:00:00,2022-11-24 10:05:00,"欧州
15-21JST",short,18396.445131375847,3.6792890262751694,2,IS
2022-11-24 10:05:00,2022-11-24 10:10:00,"欧州
15-21JST",short,6771.561771562194,1.3543123543124387,2,IS
2022-11-24 10:10:00,2022-11-24 10:15:00,"欧州
15-21JST",short,-5090.791180284788,-1.0181582360569577,1,IS
2022-11-24 10:25:00,2022-11-24 10:30:00,"欧州
15-21JST",short,-5081.9192510234925,-1.0163838502046985,1,IS
2022-11-24 10:40:00,2022-11-24 10:45:00,"欧州
15-21JST",short,3152.0872108490375,0.6304174421698076,4,IS
2022-11-24 10:45:00,2022-11-24 10:50:00,"欧州
15-21JST",short,1902.465166131413,0.38049303322628264,3,IS
2022-11-28 08:30:00,2022-11-28 08:35:00,"欧州
15-21JST",short,-3533.0296127553333,-0.7066059225510667,2,IS
2022-11-28 08:35:00,2022-11-28 08:40:00,"欧州
15-21JST",short,-734.8242811506192,-0.14696485623012384,3,IS
2022-11-29 03:10:00,2022-11-29 03:15:00,"東京
09-15JST",short,8549.999999999329,1.7099999999998658,3,IS
2022-11-29 03:15:00,2022-11-29 03:20:00,"東京
09-15JST",short,624.1379310337635,0.1248275862067527,2,IS
2022-11-29 03:20:00,2022-11-29 03:25:00,"東京
09-15JST",short,-764.2532353961981,-0.15285064707923962,2,IS
2022-11-29 03:25:00,2022-11-29 03:30:00,"東京
09-15JST",short,-5095.857583018936,-1.0191715166037871,5,IS
2022-11-29 08:45:00,2022-11-29 08:50:00,"欧州
15-21JST",short,-5072.239422084255,-1.014447884416851,1,IS
2022-12-01 00:55:00,2022-12-01 01:00:00,"東京
09-15JST",short,4148.068669527637,0.8296137339055274,2,IS
2022-12-01 01:00:00,2022-12-01 01:05:00,"東京
09-15JST",short,-349.23339011955034,-0.06984667802391006,2,IS
2022-12-01 01:05:00,2022-12-01 01:10:00,"東京
09-15JST",short,-5057.565789473626,-1.0115131578947252,1,IS
2022-12-01 01:15:00,2022-12-01 01:20:00,"東京
09-15JST",short,-4311.383256373739,-0.8622766512747477,4,IS
2022-12-01 01:30:00,2022-12-01 01:35:00,"東京
09-15JST",short,-485.66878980814136,-0.09713375796162826,4,IS
2022-12-01 01:45:00,2022-12-01 01:50:00,"東京
09-15JST",short,-4725.37683254198,-0.945075366508396,2,IS
2022-12-01 01:50:00,2022-12-01 01:55:00,"東京
09-15JST",short,-5056.588520613988,-1.0113177041227976,1,IS
2022-12-01 02:20:00,2022-12-01 02:25:00,"東京
09-15JST",short,3679.1497975715506,0.7358299595143101,2,IS
2022-12-01 02:25:00,2022-12-01 02:30:00,"東京
09-15JST",short,-1897.3561430790674,-0.37947122861581345,2,IS
2022-12-01 02:30:00,2022-12-01 02:35:00,"東京
09-15JST",short,-5073.183481442313,-1.0146366962884625,1,IS
2022-12-01 02:35:00,2022-12-01 02:40:00,"東京
09-15JST",short,-5071.850141134205,-1.014370028226841,1,IS
2022-12-20 03:00:00,2022-12-20 03:05:00,"東京
09-15JST",short,23981.590285938426,4.796318057187685,2,IS
2022-12-20 06:00:00,2022-12-20 06:05:00,"欧州
15-21JST",short,-4920.291505351301,-0.9840583010702602,2,IS
2022-12-20 06:05:00,2022-12-20 06:10:00,"欧州
15-21JST",short,-5067.632850241202,-1.0135265700482403,1,IS
2022-12-20 06:25:00,2022-12-20 06:30:00,"欧州
15-21JST",short,-5061.349693251846,-1.012269938650369,1,IS
2022-12-30 04:25:00,2022-12-30 04:30:00,"東京
09-15JST",short,-437.20190778782495,-0.08744038155756499,3,IS
2022-12-30 04:30:00,2022-12-30 04:35:00,"東京
09-15JST",short,-724.7557003293575,-0.1449511400658715,2,IS
2022-12-30 04:35:00,2022-12-30 04:40:00,"東京
09-15JST",short,-3430.2325581435384,-0.6860465116287077,2,IS
2022-12-30 04:40:00,2022-12-30 04:45:00,"東京
09-15JST",short,-2776.7695099827542,-0.5553539019965509,2,IS
2022-12-30 07:55:00,2022-12-30 08:00:00,"欧州
15-21JST",short,13104.545454545607,2.6209090909091213,3,IS
2022-12-30 08:05:00,2022-12-30 08:10:00,"欧州
15-21JST",short,19501.578709967238,3.9003157419934475,3,IS
2022-12-30 08:10:00,2022-12-30 08:15:00,"欧州
15-21JST",short,6347.0319634694515,1.2694063926938903,2,IS
2023-01-03 01:00:00,2023-01-03 01:05:00,"東京
09-15JST",short,11824.596774192867,2.3649193548385736,5,IS
2023-01-04 08:15:00,2023-01-04 08:20:00,"欧州
15-21JST",short,2824.3877019279184,0.5648775403855837,3,IS
2023-01-04 08:50:00,2023-01-04 08:55:00,"欧州
15-21JST",short,-5064.073226545015,-1.012814645309003,1,IS
2023-01-05 00:10:00,2023-01-05 00:15:00,"東京
09-15JST",short,9270.44800657542,1.8540896013150838,3,IS
2023-01-05 00:15:00,2023-01-05 00:20:00,"東京
09-15JST",short,853.0183727015815,0.1706036745403163,2,IS
2023-01-05 00:20:00,2023-01-05 00:25:00,"東京
09-15JST",short,-5103.550295858715,-1.020710059171743,1,IS
2023-01-09 01:00:00,2023-01-09 01:05:00,"東京
09-15JST",short,-5098.730606488412,-1.0197461212976824,1,IS
2023-01-09 01:05:00,2023-01-09 01:10:00,"東京
09-15JST",short,-5099.326002128515,-1.019865200425703,1,IS
2023-01-10 02:15:00,2023-01-10 02:20:00,"東京
09-15JST",short,-5095.497953615864,-1.0190995907231728,1,IS
2023-01-12 00:00:00,2023-01-12 00:05:00,"東京
09-15JST",short,4123.222748814559,0.8246445497629118,3,IS
2023-01-12 09:15:00,2023-01-12 09:20:00,"欧州
15-21JST",short,19717.675941077676,3.943535188215535,4,IS
2023-01-12 09:20:00,2023-01-12 09:25:00,"欧州
15-21JST",short,16664.64646464544,3.332929292929088,3,IS
2023-01-12 09:30:00,2023-01-12 09:35:00,"欧州
15-21JST",short,5593.9177101968,1.11878354203936,2,IS
2023-01-12 09:35:00,2023-01-12 09:40:00,"欧州
15-21JST",short,-362.77602523689586,-0.07255520504737917,2,IS
2023-01-12 09:45:00,2023-01-12 09:50:00,"欧州
15-21JST",short,-2965.116279070503,-0.5930232558141006,2,IS
2023-01-12 10:05:00,2023-01-12 10:10:00,"欧州
15-21JST",short,-5070.175438596847,-1.0140350877193693,3,IS
2023-01-17 08:55:00,2023-01-17 09:00:00,"欧州
15-21JST",short,-5087.856918732885,-1.017571383746577,1,IS
2023-01-18 06:55:00,2023-01-18 07:00:00,"欧州
15-21JST",short,-2563.451776649339,-0.5126903553298678,2,IS
2023-01-18 07:00:00,2023-01-18 07:05:00,"欧州
15-21JST",short,-5049.733570160158,-1.0099467140320315,1,IS
2023-01-19 00:00:00,2023-01-19 00:05:00,"東京
09-15JST",short,-5113.913751017658,-1.0227827502035316,1,IS
2023-01-20 07:20:00,2023-01-20 07:25:00,"欧州
15-21JST",short,-2639.46711074205,-0.52789342214841,2,IS
2023-01-24 02:00:00,2023-01-24 02:05:00,"東京
09-15JST",short,-4864.14361960207,-0.9728287239204141,2,IS
2023-01-24 02:05:00,2023-01-24 02:10:00,"東京
09-15JST",short,-5137.389597645179,-1.0274779195290358,1,IS
2023-01-30 04:10:00,2023-01-30 04:15:00,"東京
09-15JST",short,-5078.873239436537,-1.0157746478873073,1,IS
2023-02-02 00:10:00,2023-02-02 00:15:00,"東京
09-15JST",short,582.9596412549697,0.11659192825099395,4,IS
2023-02-02 00:25:00,2023-02-02 00:30:00,"東京
09-15JST",short,-5103.206782160484,-1.0206413564320969,1,IS
2023-02-10 07:15:00,2023-02-10 07:20:00,"欧州
15-21JST",short,7391.559202812638,1.4783118405625277,2,IS
2023-02-24 00:50:00,2023-02-24 00:55:00,"東京
09-15JST",short,-5063.262539539471,-1.012652507907894,1,IS
2023-03-13 02:30:00,2023-03-13 02:35:00,"東京
09-15JST",short,-5081.537565521759,-1.0163075131043517,1,IS
2023-03-14 06:45:00,2023-03-14 06:50:00,"欧州
15-21JST",short,1021.8978102180242,0.20437956204360486,3,IS
2023-03-14 06:50:00,2023-03-14 06:55:00,"欧州
15-21JST",short,700.207468879547,0.1400414937759094,2,IS
2023-03-15 02:50:00,2023-03-15 02:55:00,"東京
09-15JST",short,-5126.353790613963,-1.0252707581227924,1,IS
2023-03-15 10:00:00,2023-03-15 10:05:00,"欧州
15-21JST",short,469.8895603247623,0.09397791206495246,2,IS
2023-03-17 11:25:00,2023-03-17 11:30:00,"欧州
15-21JST",short,-5098.835157076903,-1.0197670314153806,1,IS
2023-03-20 03:15:00,2023-03-20 03:20:00,"東京
09-15JST",short,2191.977077362964,0.43839541547259275,2,IS
2023-03-20 06:25:00,2023-03-20 06:30:00,"欧州
15-21JST",short,4593.1477516071545,0.9186295503214309,3,IS
2023-03-20 06:30:00,2023-03-20 06:35:00,"欧州
15-21JST",short,-3575.5813953477036,-0.7151162790695407,2,IS
2023-03-20 08:05:00,2023-03-20 08:10:00,"欧州
15-21JST",short,5099.8573466472935,1.0199714693294588,2,IS
2023-03-20 08:10:00,2023-03-20 08:15:00,"欧州
15-21JST",short,666.9856459321893,0.13339712918643787,4,IS
2023-03-20 08:15:00,2023-03-20 08:20:00,"欧州
15-21JST",short,-2170.884834216611,-0.43417696684332224,3,IS
2023-03-20 08:25:00,2023-03-20 08:30:00,"欧州
15-21JST",short,-2891.0776361534154,-0.578215527230683,2,IS
2023-05-11 11:10:00,2023-05-11 11:15:00,"欧州
15-21JST",short,2520.3252032535684,0.5040650406507137,2,IS
2023-05-11 11:20:00,2023-05-11 11:25:00,"欧州
15-21JST",short,-5157.568936409046,-1.0315137872818092,1,IS
2023-05-11 11:35:00,2023-05-11 11:40:00,"欧州
15-21JST",short,3059.0932246560606,0.6118186449312121,2,IS
2023-05-30 11:10:00,2023-05-30 11:15:00,"欧州
15-21JST",short,-4193.262411347265,-0.838652482269453,2,IS
2023-06-15 09:20:00,2023-06-15 09:25:00,"欧州
15-21JST",short,-5112.044817926715,-1.022408963585343,1,IS
2023-07-11 02:35:00,2023-07-11 02:40:00,"東京
09-15JST",short,8339.815264950512,1.6679630529901024,2,IS
2023-07-11 02:40:00,2023-07-11 02:45:00,"東京
09-15JST",short,3937.499999997965,0.787499999999593,3,IS
2023-07-11 02:45:00,2023-07-11 02:50:00,"東京
09-15JST",short,1520.5479452037991,0.30410958904075985,2,IS
2023-07-11 02:55:00,2023-07-11 03:00:00,"東京
09-15JST",short,-5120.481927710344,-1.0240963855420688,1,IS
2023-07-18 06:00:00,2023-07-18 06:05:00,"欧州
15-21JST",short,-4364.377182770173,-0.8728754365540347,5,IS
2023-07-18 08:00:00,2023-07-18 08:05:00,"欧州
15-21JST",short,-733.9583943745582,-0.14679167887491165,3,IS
2023-07-18 08:05:00,2023-07-18 08:10:00,"欧州
15-21JST",short,-2472.108044627185,-0.49442160892543696,2,IS
2023-07-18 08:30:00,2023-07-18 08:35:00,"欧州
15-21JST",short,-5121.580547112354,-1.0243161094224709,1,IS
2023-07-27 07:00:00,2023-07-27 07:05:00,"欧州
15-21JST",short,-707.4483996409483,-0.14148967992818967,3,IS
2023-07-28 04:05:00,2023-07-28 04:10:00,"東京
09-15JST",short,-1854.0697674420217,-0.37081395348840435,3,IS
2023-07-28 04:10:00,2023-07-28 04:15:00,"東京
09-15JST",short,-5015.3719461982655,-1.0030743892396532,3,IS
2023-07-28 04:15:00,2023-07-28 04:20:00,"東京
09-15JST",short,-5014.98688647432,-1.0029973772948642,4,IS
2023-07-28 04:45:00,2023-07-28 04:50:00,"東京
09-15JST",short,-4366.958311888796,-0.8733916623777591,8,IS
2023-07-28 04:50:00,2023-07-28 04:55:00,"東京
09-15JST",short,-3777.621451626288,-0.7555242903252576,7,IS
2023-07-28 05:00:00,2023-07-28 05:05:00,"東京
09-15JST",short,-3987.7993673751116,-0.7975598734750223,5,IS
2023-08-03 07:20:00,2023-08-03 07:25:00,"欧州
15-21JST",short,11348.136399681169,2.2696272799362336,2,IS
2023-08-03 07:25:00,2023-08-03 07:30:00,"欧州
15-21JST",short,-276.98863636387557,-0.055397727272775116,2,IS
2023-08-03 07:30:00,2023-08-03 07:35:00,"欧州
15-21JST",short,186.0388541317754,0.037207770826355076,2,IS
2023-08-03 07:40:00,2023-08-03 07:45:00,"欧州
15-21JST",short,2291.666666666027,0.4583333333332054,3,IS
2023-08-03 07:50:00,2023-08-03 07:55:00,"欧州
15-21JST",short,-1780.952380952069,-0.3561904761904138,2,IS
2023-08-03 07:55:00,2023-08-03 08:00:00,"欧州
15-21JST",short,-5072.146354032758,-1.0144292708065514,1,IS
2023-08-03 08:10:00,2023-08-03 08:15:00,"欧州
15-21JST",short,3185.683912119338,0.6371367824238676,9,IS
2023-08-03 08:55:00,2023-08-03 09:00:00,"欧州
15-21JST",short,-971.5486582608664,-0.19430973165217327,4,IS
2023-08-23 04:00:00,2023-08-23 04:05:00,"東京
09-15JST",short,-2571.131158920228,-0.5142262317840456,3,IS
2023-09-08 00:35:00,2023-09-08 00:40:00,"東京
09-15JST",short,-5106.020446801203,-1.0212040893602408,1,IS
2023-09-11 06:10:00,2023-09-11 06:15:00,"欧州
15-21JST",short,-5099.964298465238,-1.0199928596930476,1,IS
2023-11-17 08:55:00,2023-11-17 09:00:00,"欧州
15-21JST",short,7633.06309481734,1.5266126189634681,3,IS
2023-11-21 03:40:00,2023-11-21 03:45:00,"東京
09-15JST",short,753.8091419390864,0.1507618283878173,2,IS
2023-11-22 11:05:00,2023-11-22 11:10:00,"欧州
15-21JST",short,-5131.270511016689,-1.0262541022033378,1,IS
2023-12-01 10:00:00,2023-12-01 10:05:00,"欧州
15-21JST",short,-5138.957816378155,-1.0277915632756311,1,IS
2023-12-21 03:05:00,2023-12-21 03:10:00,"東京
09-15JST",short,-2387.6618431088327,-0.47753236862176657,2,IS
2023-12-28 07:15:00,2023-12-28 07:20:00,"欧州
15-21JST",short,-5119.352088660812,-1.0238704177321625,1,IS
2024-01-12 03:05:00,2024-01-12 03:10:00,"東京
09-15JST",short,-5136.986301370135,-1.0273972602740271,1,OOS
2024-01-23 06:45:00,2024-01-23 06:50:00,"欧州
15-21JST",short,12118.501956399441,2.4237003912798882,2,OOS
2024-01-23 06:50:00,2024-01-23 06:55:00,"欧州
15-21JST",short,3572.911261027531,0.7145822522055062,2,OOS
2024-01-23 06:55:00,2024-01-23 07:00:00,"欧州
15-21JST",short,-5063.854047890662,-1.0127708095781323,1,OOS
2024-01-23 08:10:00,2024-01-23 08:15:00,"欧州
15-21JST",short,393.18181818250054,0.0786363636365001,5,OOS
2024-01-23 08:15:00,2024-01-23 08:20:00,"欧州
15-21JST",short,-343.45625451920216,-0.06869125090384043,4,OOS
2024-04-29 07:30:00,2024-04-29 07:35:00,"欧州
15-21JST",short,-5025.259359494839,-1.0050518718989678,1,OOS
2024-04-29 08:00:00,2024-04-29 08:05:00,"欧州
15-21JST",short,-125.54585152872535,-0.02510917030574507,6,OOS
2024-04-29 08:20:00,2024-04-29 08:25:00,"欧州
15-21JST",short,7081.029349212632,1.4162058698425264,2,OOS
2024-05-15 08:30:00,2024-05-15 08:35:00,"欧州
15-21JST",short,8020.068526677249,1.6040137053354497,4,OOS
2024-05-15 08:35:00,2024-05-15 08:40:00,"欧州
15-21JST",short,6615.5717761563765,1.3231143552312752,3,OOS
2024-05-15 08:45:00,2024-05-15 08:50:00,"欧州
15-21JST",short,-2844.0808469663016,-0.5688161693932603,2,OOS
2024-05-15 08:50:00,2024-05-15 08:55:00,"欧州
15-21JST",short,-5134.228187919602,-1.0268456375839203,1,OOS
2024-05-16 00:45:00,2024-05-16 00:50:00,"東京
09-15JST",short,6704.240472355174,1.3408480944710348,2,OOS
2024-05-16 00:50:00,2024-05-16 00:55:00,"東京
09-15JST",short,2101.7078766256927,0.42034157532513855,2,OOS
2024-05-16 00:55:00,2024-05-16 01:00:00,"東京
09-15JST",short,-5066.714319751866,-1.0133428639503732,1,OOS
2024-06-04 07:05:00,2024-06-04 07:10:00,"欧州
15-21JST",short,962.5212947194202,0.19250425894388404,3,OOS
2024-06-04 07:10:00,2024-06-04 07:15:00,"欧州
15-21JST",short,926.0539046311867,0.18521078092623733,2,OOS
2024-06-04 07:15:00,2024-06-04 07:20:00,"欧州
15-21JST",short,-5094.244362167805,-1.018848872433561,1,OOS
2024-06-04 07:20:00,2024-06-04 07:25:00,"欧州
15-21JST",short,-5100.071479628908,-1.0200142959257814,1,OOS
2024-06-04 08:35:00,2024-06-04 08:40:00,"欧州
15-21JST",short,-3606.5029860638892,-0.7213005972127778,4,OOS
2024-06-04 08:45:00,2024-06-04 08:50:00,"欧州
15-21JST",short,-1533.70013755137,-0.306740027510274,2,OOS
2024-06-14 09:05:00,2024-06-14 09:10:00,"欧州
15-21JST",short,-403.44075599618003,-0.080688151199236,3,OOS
2024-07-17 08:55:00,2024-07-17 09:00:00,"欧州
15-21JST",short,-5054.4006217214455,-1.010880124344289,1,OOS
2024-07-17 09:20:00,2024-07-17 09:25:00,"欧州
15-21JST",short,-1656.4768819258186,-0.3312953763851637,4,OOS
2024-07-17 09:30:00,2024-07-17 09:35:00,"欧州
15-21JST",short,-793.1424265257978,-0.15862848530515955,2,OOS
2024-07-22 06:00:00,2024-07-22 06:05:00,"欧州
15-21JST",short,13828.796561602812,2.7657593123205624,2,OOS
2024-07-22 06:05:00,2024-07-22 06:10:00,"欧州
15-21JST",short,-5087.967326421698,-1.0175934652843397,1,OOS
2024-07-22 06:10:00,2024-07-22 06:15:00,"欧州
15-21JST",short,10701.122948458862,2.140224589691772,7,OOS
2024-07-22 06:20:00,2024-07-22 06:25:00,"欧州
15-21JST",short,7768.240343347208,1.5536480686694416,5,OOS
2024-07-22 06:25:00,2024-07-22 06:30:00,"欧州
15-21JST",short,6337.775499745152,1.2675550999490304,4,OOS
2024-07-22 06:30:00,2024-07-22 06:35:00,"欧州
15-21JST",short,5020.784619382473,1.0041569238764945,3,OOS
2024-07-22 06:35:00,2024-07-22 06:40:00,"欧州
15-21JST",short,3448.9147697193002,0.68978295394386,2,OOS
2024-07-24 03:00:00,2024-07-24 03:05:00,"東京
09-15JST",short,111.66253101661715,0.02233250620332343,7,OOS
2024-07-25 00:35:00,2024-07-25 00:40:00,"東京
09-15JST",short,2437.7840294306825,0.4875568058861365,2,OOS
2024-07-25 00:45:00,2024-07-25 00:50:00,"東京
09-15JST",short,-5053.171287504531,-1.0106342575009062,1,OOS
2024-07-25 01:10:00,2024-07-25 01:15:00,"東京
09-15JST",short,6958.136394329007,1.3916272788658015,4,OOS
2024-07-25 01:15:00,2024-07-25 01:20:00,"東京
09-15JST",short,5576.048509348831,1.1152097018697662,3,OOS
2024-07-25 01:20:00,2024-07-25 01:25:00,"東京
09-15JST",short,3760.098928277028,0.7520197856554056,2,OOS
2024-07-31 00:15:00,2024-07-31 00:20:00,"東京
09-15JST",short,5681.399631674676,1.1362799263349352,3,OOS
2024-07-31 00:20:00,2024-07-31 00:25:00,"東京
09-15JST",short,3672.079622838362,0.7344159245676724,2,OOS
2024-07-31 00:25:00,2024-07-31 00:30:00,"東京
09-15JST",short,-353.66478728976125,-0.07073295745795224,2,OOS
2024-07-31 00:30:00,2024-07-31 00:35:00,"東京
09-15JST",short,2050.9922130107357,0.4101984426021471,4,OOS
2024-07-31 00:45:00,2024-07-31 00:50:00,"東京
09-15JST",short,-5067.731011127581,-1.0135462022255162,1,OOS
2024-07-31 07:50:00,2024-07-31 07:55:00,"欧州
15-21JST",short,5210.965703971062,1.0421931407942124,4,OOS
2024-08-01 01:15:00,2024-08-01 01:20:00,"東京
09-15JST",short,6352.022711142635,1.270404542228527,4,OOS
2024-08-01 02:35:00,2024-08-01 02:40:00,"東京
09-15JST",short,-5051.775147928838,-1.0103550295857677,1,OOS
2024-08-02 05:50:00,2024-08-02 05:55:00,"東京
09-15JST",short,-5093.05417082087,-1.018610834164174,1,OOS
2024-08-02 05:55:00,2024-08-02 06:00:00,"東京
09-15JST",short,-5089.5140664967075,-1.0179028132993415,1,OOS
2024-08-02 06:30:00,2024-08-02 06:35:00,"欧州
15-21JST",short,-5069.410014873713,-1.0138820029747426,1,OOS
2024-08-06 01:55:00,2024-08-06 02:00:00,"東京
09-15JST",short,3510.6121948224804,0.7021224389644961,3,OOS
2024-08-06 02:10:00,2024-08-06 02:15:00,"東京
09-15JST",short,-5036.77436301572,-1.007354872603144,1,OOS
2024-08-06 08:05:00,2024-08-06 08:10:00,"欧州
15-21JST",short,5743.565300285854,1.1487130600571709,3,OOS
2024-08-06 08:10:00,2024-08-06 08:15:00,"欧州
15-21JST",short,-75.37688442190219,-0.015075376884380438,2,OOS
2024-08-06 08:15:00,2024-08-06 08:20:00,"欧州
15-21JST",short,-5044.600191143493,-1.0089200382286987,1,OOS
2024-08-06 08:20:00,2024-08-06 08:25:00,"欧州
15-21JST",short,-5043.216545763059,-1.008643309152612,1,OOS
2024-08-06 08:40:00,2024-08-06 08:45:00,"欧州
15-21JST",short,-5042.264150943267,-1.0084528301886533,1,OOS
2024-08-06 08:45:00,2024-08-06 08:50:00,"欧州
15-21JST",short,6212.933988972435,1.242586797794487,6,OOS
2024-08-06 08:55:00,2024-08-06 09:00:00,"欧州
15-21JST",short,4083.4747724114054,0.8166949544822811,3,OOS
2024-08-06 09:00:00,2024-08-06 09:05:00,"欧州
15-21JST",short,-2858.0931263854814,-0.5716186252770963,3,OOS
2024-08-06 09:05:00,2024-08-06 09:10:00,"欧州
15-21JST",short,-4190.573770492075,-0.838114754098415,2,OOS
2024-08-07 06:10:00,2024-08-07 06:15:00,"欧州
15-21JST",short,-5035.465484484102,-1.0070930968968204,2,OOS
2024-08-07 07:25:00,2024-08-07 07:30:00,"欧州
15-21JST",short,-5037.2786579682,-1.0074557315936399,1,OOS
2024-08-08 08:00:00,2024-08-08 08:05:00,"欧州
15-21JST",short,-2051.5287577500167,-0.4103057515500033,2,OOS
2024-08-08 08:05:00,2024-08-08 08:10:00,"欧州
15-21JST",short,-5060.896041757037,-1.0121792083514074,1,OOS
2024-08-08 08:10:00,2024-08-08 08:15:00,"欧州
15-21JST",short,-519.5220823550012,-0.10390441647100024,4,OOS
2024-08-08 08:20:00,2024-08-08 08:25:00,"欧州
15-21JST",short,-2702.909647778802,-0.5405819295557605,2,OOS
2024-08-08 08:25:00,2024-08-08 08:30:00,"欧州
15-21JST",short,-5061.028770706563,-1.0122057541413125,1,OOS
2024-08-08 08:30:00,2024-08-08 08:35:00,"欧州
15-21JST",short,-5060.750705141929,-1.0121501410283857,1,OOS
2024-08-19 01:30:00,2024-08-19 01:35:00,"東京
09-15JST",short,1325.4344391782981,0.26508688783565965,5,OOS
2024-08-19 03:10:00,2024-08-19 03:15:00,"東京
09-15JST",short,2796.5517241364114,0.5593103448272823,2,OOS
2024-08-19 03:15:00,2024-08-19 03:20:00,"東京
09-15JST",short,-5087.939698491921,-1.0175879396983842,1,OOS
2024-08-19 03:30:00,2024-08-19 03:35:00,"東京
09-15JST",short,13587.113550996506,2.717422710199301,2,OOS
2024-08-19 03:35:00,2024-08-19 03:40:00,"東京
09-15JST",short,6582.733812949536,1.3165467625899072,4,OOS
2024-08-19 03:40:00,2024-08-19 03:45:00,"東京
09-15JST",short,-800.6535947696351,-0.16013071895392703,3,OOS
2024-08-19 04:40:00,2024-08-19 04:45:00,"東京
09-15JST",short,-5055.412626162958,-1.0110825252325917,1,OOS
2024-08-19 05:05:00,2024-08-19 05:10:00,"東京
09-15JST",short,8557.577208523104,1.7115154417046208,3,OOS
2024-08-19 05:10:00,2024-08-19 05:15:00,"東京
09-15JST",short,4710.694806734254,0.9421389613468507,2,OOS
2024-08-19 05:15:00,2024-08-19 05:20:00,"東京
09-15JST",short,10959.872321021714,2.1919744642043426,4,OOS
2024-08-19 05:20:00,2024-08-19 05:25:00,"東京
09-15JST",short,6991.017964072779,1.3982035928145558,3,OOS
2024-08-19 05:30:00,2024-08-19 05:35:00,"東京
09-15JST",short,-5054.591538311951,-1.0109183076623902,1,OOS
2024-09-03 08:00:00,2024-09-03 08:05:00,"欧州
15-21JST",short,4918.7725631766525,0.9837545126353305,3,OOS
2024-09-03 08:05:00,2024-09-03 08:10:00,"欧州
15-21JST",short,2523.1624459536747,0.5046324891907349,2,OOS
2024-09-03 08:10:00,2024-09-03 08:15:00,"欧州
15-21JST",short,3466.6226040976135,0.6933245208195227,5,OOS
2024-09-03 08:15:00,2024-09-03 08:20:00,"欧州
15-21JST",short,-1057.8718108264284,-0.21157436216528566,4,OOS
2024-09-06 08:35:00,2024-09-06 08:40:00,"欧州
15-21JST",short,-1092.7872417561084,-0.21855744835122168,3,OOS
2024-09-06 08:40:00,2024-09-06 08:45:00,"欧州
15-21JST",short,-2374.9999999998704,-0.47499999999997405,2,OOS
2024-09-06 08:45:00,2024-09-06 08:50:00,"欧州
15-21JST",short,-2869.683964103778,-0.5739367928207556,2,OOS
2024-09-06 08:50:00,2024-09-06 08:55:00,"欧州
15-21JST",short,-5108.864696734388,-1.0217729393468777,1,OOS
2024-09-10 10:55:00,2024-09-10 11:00:00,"欧州
15-21JST",short,-5147.290899526115,-1.029458179905223,1,OOS
2024-09-11 01:35:00,2024-09-11 01:40:00,"東京
09-15JST",short,-5062.569832402491,-1.012513966480498,1,OOS
2024-09-11 03:25:00,2024-09-11 03:30:00,"東京
09-15JST",short,9366.718027734983,1.8733436055469967,3,OOS
2024-09-13 02:35:00,2024-09-13 02:40:00,"東京
09-15JST",short,-5090.11908593517,-1.018023817187034,1,OOS
2024-09-16 03:45:00,2024-09-16 03:50:00,"東京
09-15JST",short,-5128.854118730529,-1.0257708237461058,1,OOS
2024-09-19 06:40:00,2024-09-19 06:45:00,"欧州
15-21JST",short,7350.62006764353,1.470124013528706,3,OOS
2024-09-19 06:45:00,2024-09-19 06:50:00,"欧州
15-21JST",short,7467.642093414411,1.493528418682882,2,OOS
2024-09-19 06:50:00,2024-09-19 06:55:00,"欧州
15-21JST",short,-349.36998854506476,-0.06987399770901295,2,OOS
2024-09-19 06:55:00,2024-09-19 07:00:00,"欧州
15-21JST",short,-5072.727272726904,-1.0145454545453807,1,OOS
2024-09-27 07:15:00,2024-09-27 07:20:00,"欧州
15-21JST",short,-4628.813442600331,-0.9257626885200662,12,OOS
2024-10-01 08:10:00,2024-10-01 08:15:00,"欧州
15-21JST",short,-1425.3647586980892,-0.28507295173961783,3,OOS
2024-10-01 08:20:00,2024-10-01 08:25:00,"欧州
15-21JST",short,-2392.0756948552166,-0.4784151389710433,2,OOS
2024-10-01 08:25:00,2024-10-01 08:30:00,"欧州
15-21JST",short,-5085.653104924703,-1.0171306209849407,1,OOS
2024-10-01 08:30:00,2024-10-01 08:35:00,"欧州
15-21JST",short,1157.3101170807342,0.23146202341614686,4,OOS
2024-10-01 08:45:00,2024-10-01 08:50:00,"欧州
15-21JST",short,-337.3356203550512,-0.06746712407101024,4,OOS
2024-10-28 10:55:00,2024-10-28 11:00:00,"欧州
15-21JST",short,-1917.7288528368042,-0.38354577056736083,2,OOS
2024-10-28 11:00:00,2024-10-28 11:05:00,"欧州
15-21JST",short,-5105.144573788429,-1.0210289147576856,1,OOS
2024-10-31 04:10:00,2024-10-31 04:15:00,"東京
09-15JST",short,-2902.170168791449,-0.5804340337582898,7,OOS
2024-10-31 04:20:00,2024-10-31 04:25:00,"東京
09-15JST",short,-1475.972540047138,-0.2951945080094276,3,OOS
2024-10-31 06:45:00,2024-10-31 06:50:00,"欧州
15-21JST",short,5907.884258030715,1.181576851606143,3,OOS
2024-10-31 06:50:00,2024-10-31 06:55:00,"欧州
15-21JST",short,-666.5085388985781,-0.13330170777971562,2,OOS
2024-10-31 07:00:00,2024-10-31 07:05:00,"欧州
15-21JST",short,-5062.346916054013,-1.0124693832108025,1,OOS
2024-10-31 07:25:00,2024-10-31 07:30:00,"欧州
15-21JST",short,-5055.183287346979,-1.0110366574693959,1,OOS
2024-10-31 07:40:00,2024-10-31 07:45:00,"欧州
15-21JST",short,6976.363636364178,1.3952727272728356,10,OOS
2024-11-08 03:30:00,2024-11-08 03:35:00,"東京
09-15JST",short,-3443.1137724547575,-0.6886227544909514,4,OOS
2024-11-18 00:40:00,2024-11-18 00:45:00,"東京
09-15JST",short,-5074.507716870372,-1.0149015433740745,1,OOS
2024-11-19 01:10:00,2024-11-19 01:15:00,"東京
09-15JST",short,-5101.781170483874,-1.020356234096775,1,OOS
2024-11-22 09:35:00,2024-11-22 09:40:00,"欧州
15-21JST",short,-111.90689346617228,-0.022381378693234456,2,OOS
2024-11-22 09:40:00,2024-11-22 09:45:00,"欧州
15-21JST",short,-5083.457526080985,-1.0166915052161971,1,OOS
2024-11-29 01:05:00,2024-11-29 01:10:00,"東京
09-15JST",short,1688.0957659058786,0.3376191531811757,2,OOS
2024-11-29 01:10:00,2024-11-29 01:15:00,"東京
09-15JST",short,-2400.1295616496463,-0.48002591232992925,3,OOS
2024-11-29 01:35:00,2024-11-29 01:40:00,"東京
09-15JST",short,-204.56707897326277,-0.040913415794652554,2,OOS
2024-11-29 01:40:00,2024-11-29 01:45:00,"東京
09-15JST",short,-183.42256593288033,-0.03668451318657607,3,OOS
2024-11-29 01:45:00,2024-11-29 01:50:00,"東京
09-15JST",short,1576.915835059098,0.3153831670118196,2,OOS
